suite,task_id,task_description,noise_type,severity,rollout_index,episode_seed,success,episode_length
spatial,0,pick up the black bowl between the plate and the ramekin and place it on the plate,clean,0,0,0,True,84
spatial,0,pick up the black bowl between the plate and the ramekin and place it on the plate,clean,0,1,1,True,78
spatial,0,pick up the black bowl between the plate and the ramekin and place it on the plate,clean,0,2,2,True,72
spatial,0,pick up the black bowl between the plate and the ramekin and place it on the plate,clean,0,3,3,False,280
spatial,0,pick up the black bowl between the plate and the ramekin and place it on the plate,clean,0,4,4,True,88
spatial,0,pick up the black bowl between the plate and the ramekin and place it on the plate,clean,0,5,5,True,74
spatial,0,pick up the black bowl between the plate and the ramekin and place it on the plate,clean,0,6,6,True,76
spatial,0,pick up the black bowl between the plate and the ramekin and place it on the plate,clean,0,7,7,True,74
spatial,0,pick up the black bowl between the plate and the ramekin and place it on the plate,clean,0,8,8,False,280
spatial,0,pick up the black bowl between the plate and the ramekin and place it on the plate,clean,0,9,9,True,71
spatial,0,pick up the black bowl between the plate and the ramekin and place it on the plate,clean,0,10,10,False,280
spatial,0,pick up the black bowl between the plate and the ramekin and place it on the plate,clean,0,11,11,True,72
spatial,0,pick up the black bowl between the plate and the ramekin and place it on the plate,clean,0,12,12,False,280
spatial,0,pick up the black bowl between the plate and the ramekin and place it on the plate,clean,0,13,13,True,76
spatial,0,pick up the black bowl between the plate and the ramekin and place it on the plate,clean,0,14,14,True,232
spatial,0,pick up the black bowl between the plate and the ramekin and place it on the plate,clean,0,15,15,True,74
spatial,0,pick up the black bowl between the plate and the ramekin and place it on the plate,clean,0,16,16,True,76
spatial,0,pick up the black bowl between the plate and the ramekin and place it on the plate,clean,0,17,17,True,68
spatial,0,pick up the black bowl between the plate and the ramekin and place it on the plate,clean,0,18,18,False,280
spatial,0,pick up the black bowl between the plate and the ramekin and place it on the plate,clean,0,19,19,True,79
spatial,0,pick up the black bowl between the plate and the ramekin and place it on the plate,clean,0,20,20,False,280
spatial,0,pick up the black bowl between the plate and the ramekin and place it on the plate,clean,0,21,21,True,75
spatial,0,pick up the black bowl between the plate and the ramekin and place it on the plate,clean,0,22,22,True,76
spatial,0,pick up the black bowl between the plate and the ramekin and place it on the plate,clean,0,23,23,True,73
spatial,0,pick up the black bowl between the plate and the ramekin and place it on the plate,clean,0,24,24,True,78
spatial,0,pick up the black bowl between the plate and the ramekin and place it on the plate,clean,0,25,25,False,280
spatial,0,pick up the black bowl between the plate and the ramekin and place it on the plate,clean,0,26,26,False,280
spatial,0,pick up the black bowl between the plate and the ramekin and place it on the plate,clean,0,27,27,True,80
spatial,0,pick up the black bowl between the plate and the ramekin and place it on the plate,clean,0,28,28,False,280
spatial,0,pick up the black bowl between the plate and the ramekin and place it on the plate,clean,0,29,29,False,280
spatial,0,pick up the black bowl between the plate and the ramekin and place it on the plate,clean,0,30,30,True,76
spatial,0,pick up the black bowl between the plate and the ramekin and place it on the plate,clean,0,31,31,True,79
spatial,0,pick up the black bowl between the plate and the ramekin and place it on the plate,clean,0,32,32,True,78
spatial,0,pick up the black bowl between the plate and the ramekin and place it on the plate,clean,0,33,33,True,93
spatial,0,pick up the black bowl between the plate and the ramekin and place it on the plate,clean,0,34,34,False,280
spatial,0,pick up the black bowl between the plate and the ramekin and place it on the plate,clean,0,35,35,False,280
spatial,0,pick up the black bowl between the plate and the ramekin and place it on the plate,clean,0,36,36,False,280
spatial,0,pick up the black bowl between the plate and the ramekin and place it on the plate,clean,0,37,37,True,78
spatial,0,pick up the black bowl between the plate and the ramekin and place it on the plate,clean,0,38,38,False,280
spatial,0,pick up the black bowl between the plate and the ramekin and place it on the plate,clean,0,39,39,True,115
spatial,0,pick up the black bowl between the plate and the ramekin and place it on the plate,clean,0,40,40,True,79
spatial,0,pick up the black bowl between the plate and the ramekin and place it on the plate,clean,0,41,41,True,71
spatial,0,pick up the black bowl between the plate and the ramekin and place it on the plate,clean,0,42,42,True,72
spatial,0,pick up the black bowl between the plate and the ramekin and place it on the plate,clean,0,43,43,False,280
spatial,0,pick up the black bowl between the plate and the ramekin and place it on the plate,clean,0,44,44,True,72
spatial,0,pick up the black bowl between the plate and the ramekin and place it on the plate,clean,0,45,45,True,79
spatial,0,pick up the black bowl between the plate and the ramekin and place it on the plate,clean,0,46,46,True,73
spatial,0,pick up the black bowl between the plate and the ramekin and place it on the plate,clean,0,47,47,True,74
spatial,0,pick up the black bowl between the plate and the ramekin and place it on the plate,clean,0,48,48,False,280
spatial,0,pick up the black bowl between the plate and the ramekin and place it on the plate,clean,0,49,49,True,73
spatial,0,pick up the black bowl between the plate and the ramekin and place it on the plate,motion_blur,3,0,0,False,280
spatial,0,pick up the black bowl between the plate and the ramekin and place it on the plate,motion_blur,3,1,1,False,280
spatial,0,pick up the black bowl between the plate and the ramekin and place it on the plate,motion_blur,3,2,2,False,280
spatial,0,pick up the black bowl between the plate and the ramekin and place it on the plate,motion_blur,3,3,3,False,280
spatial,0,pick up the black bowl between the plate and the ramekin and place it on the plate,motion_blur,3,4,4,False,280
spatial,0,pick up the black bowl between the plate and the ramekin and place it on the plate,motion_blur,3,5,5,False,280
spatial,0,pick up the black bowl between the plate and the ramekin and place it on the plate,motion_blur,3,6,6,False,280
spatial,0,pick up the black bowl between the plate and the ramekin and place it on the plate,motion_blur,3,7,7,False,280
spatial,0,pick up the black bowl between the plate and the ramekin and place it on the plate,motion_blur,3,8,8,False,280
spatial,0,pick up the black bowl between the plate and the ramekin and place it on the plate,motion_blur,3,9,9,False,280
spatial,0,pick up the black bowl between the plate and the ramekin and place it on the plate,motion_blur,3,10,10,False,280
spatial,0,pick up the black bowl between the plate and the ramekin and place it on the plate,motion_blur,3,11,11,False,280
spatial,0,pick up the black bowl between the plate and the ramekin and place it on the plate,motion_blur,3,12,12,False,280
spatial,0,pick up the black bowl between the plate and the ramekin and place it on the plate,motion_blur,3,13,13,False,280
spatial,0,pick up the black bowl between the plate and the ramekin and place it on the plate,motion_blur,3,14,14,False,280
spatial,0,pick up the black bowl between the plate and the ramekin and place it on the plate,motion_blur,3,15,15,False,280
spatial,0,pick up the black bowl between the plate and the ramekin and place it on the plate,motion_blur,3,16,16,False,280
spatial,0,pick up the black bowl between the plate and the ramekin and place it on the plate,motion_blur,3,17,17,False,280
spatial,0,pick up the black bowl between the plate and the ramekin and place it on the plate,motion_blur,3,18,18,False,280
spatial,0,pick up the black bowl between the plate and the ramekin and place it on the plate,motion_blur,3,19,19,False,280
spatial,0,pick up the black bowl between the plate and the ramekin and place it on the plate,motion_blur,3,20,20,False,280
spatial,0,pick up the black bowl between the plate and the ramekin and place it on the plate,motion_blur,3,21,21,False,280
spatial,0,pick up the black bowl between the plate and the ramekin and place it on the plate,motion_blur,3,22,22,False,280
spatial,0,pick up the black bowl between the plate and the ramekin and place it on the plate,motion_blur,3,23,23,False,280
spatial,0,pick up the black bowl between the plate and the ramekin and place it on the plate,motion_blur,3,24,24,False,280
spatial,0,pick up the black bowl between the plate and the ramekin and place it on the plate,motion_blur,3,25,25,False,280
spatial,0,pick up the black bowl between the plate and the ramekin and place it on the plate,motion_blur,3,26,26,False,280
spatial,0,pick up the black bowl between the plate and the ramekin and place it on the plate,motion_blur,3,27,27,False,280
spatial,0,pick up the black bowl between the plate and the ramekin and place it on the plate,motion_blur,3,28,28,False,280
spatial,0,pick up the black bowl between the plate and the ramekin and place it on the plate,motion_blur,3,29,29,False,280
spatial,0,pick up the black bowl between the plate and the ramekin and place it on the plate,motion_blur,3,30,30,False,280
spatial,0,pick up the black bowl between the plate and the ramekin and place it on the plate,motion_blur,3,31,31,False,280
spatial,0,pick up the black bowl between the plate and the ramekin and place it on the plate,motion_blur,3,32,32,False,280
spatial,0,pick up the black bowl between the plate and the ramekin and place it on the plate,motion_blur,3,33,33,False,280
spatial,0,pick up the black bowl between the plate and the ramekin and place it on the plate,motion_blur,3,34,34,False,280
spatial,0,pick up the black bowl between the plate and the ramekin and place it on the plate,motion_blur,3,35,35,False,280
spatial,0,pick up the black bowl between the plate and the ramekin and place it on the plate,motion_blur,3,36,36,False,280
spatial,0,pick up the black bowl between the plate and the ramekin and place it on the plate,motion_blur,3,37,37,False,280
spatial,0,pick up the black bowl between the plate and the ramekin and place it on the plate,motion_blur,3,38,38,False,280
spatial,0,pick up the black bowl between the plate and the ramekin and place it on the plate,motion_blur,3,39,39,False,280
spatial,0,pick up the black bowl between the plate and the ramekin and place it on the plate,motion_blur,3,40,40,False,280
spatial,0,pick up the black bowl between the plate and the ramekin and place it on the plate,motion_blur,3,41,41,False,280
spatial,0,pick up the black bowl between the plate and the ramekin and place it on the plate,motion_blur,3,42,42,False,280
spatial,0,pick up the black bowl between the plate and the ramekin and place it on the plate,motion_blur,3,43,43,False,280
spatial,0,pick up the black bowl between the plate and the ramekin and place it on the plate,motion_blur,3,44,44,False,280
spatial,0,pick up the black bowl between the plate and the ramekin and place it on the plate,motion_blur,3,45,45,False,280
spatial,0,pick up the black bowl between the plate and the ramekin and place it on the plate,motion_blur,3,46,46,False,280
spatial,0,pick up the black bowl between the plate and the ramekin and place it on the plate,motion_blur,3,47,47,False,280
spatial,0,pick up the black bowl between the plate and the ramekin and place it on the plate,motion_blur,3,48,48,False,280
spatial,0,pick up the black bowl between the plate and the ramekin and place it on the plate,motion_blur,3,49,49,False,280
spatial,0,pick up the black bowl between the plate and the ramekin and place it on the plate,gaussian_blur,3,0,0,True,68
spatial,0,pick up the black bowl between the plate and the ramekin and place it on the plate,gaussian_blur,3,1,1,True,85
spatial,0,pick up the black bowl between the plate and the ramekin and place it on the plate,gaussian_blur,3,2,2,False,280
spatial,0,pick up the black bowl between the plate and the ramekin and place it on the plate,gaussian_blur,3,3,3,True,61
spatial,0,pick up the black bowl between the plate and the ramekin and place it on the plate,gaussian_blur,3,4,4,False,280
spatial,0,pick up the black bowl between the plate and the ramekin and place it on the plate,gaussian_blur,3,5,5,True,74
spatial,0,pick up the black bowl between the plate and the ramekin and place it on the plate,gaussian_blur,3,6,6,True,76
spatial,0,pick up the black bowl between the plate and the ramekin and place it on the plate,gaussian_blur,3,7,7,False,280
spatial,0,pick up the black bowl between the plate and the ramekin and place it on the plate,gaussian_blur,3,8,8,True,142
spatial,0,pick up the black bowl between the plate and the ramekin and place it on the plate,gaussian_blur,3,9,9,False,280
spatial,0,pick up the black bowl between the plate and the ramekin and place it on the plate,gaussian_blur,3,10,10,True,80
spatial,0,pick up the black bowl between the plate and the ramekin and place it on the plate,gaussian_blur,3,11,11,False,280
spatial,0,pick up the black bowl between the plate and the ramekin and place it on the plate,gaussian_blur,3,12,12,True,77
spatial,0,pick up the black bowl between the plate and the ramekin and place it on the plate,gaussian_blur,3,13,13,True,72
spatial,0,pick up the black bowl between the plate and the ramekin and place it on the plate,gaussian_blur,3,14,14,False,280
spatial,0,pick up the black bowl between the plate and the ramekin and place it on the plate,gaussian_blur,3,15,15,True,77
spatial,0,pick up the black bowl between the plate and the ramekin and place it on the plate,gaussian_blur,3,16,16,True,78
spatial,0,pick up the black bowl between the plate and the ramekin and place it on the plate,gaussian_blur,3,17,17,True,101
spatial,0,pick up the black bowl between the plate and the ramekin and place it on the plate,gaussian_blur,3,18,18,True,73
spatial,0,pick up the black bowl between the plate and the ramekin and place it on the plate,gaussian_blur,3,19,19,True,74
spatial,0,pick up the black bowl between the plate and the ramekin and place it on the plate,gaussian_blur,3,20,20,False,280
spatial,0,pick up the black bowl between the plate and the ramekin and place it on the plate,gaussian_blur,3,21,21,True,76
spatial,0,pick up the black bowl between the plate and the ramekin and place it on the plate,gaussian_blur,3,22,22,True,69
spatial,0,pick up the black bowl between the plate and the ramekin and place it on the plate,gaussian_blur,3,23,23,False,280
spatial,0,pick up the black bowl between the plate and the ramekin and place it on the plate,gaussian_blur,3,24,24,True,74
spatial,0,pick up the black bowl between the plate and the ramekin and place it on the plate,gaussian_blur,3,25,25,True,71
spatial,0,pick up the black bowl between the plate and the ramekin and place it on the plate,gaussian_blur,3,26,26,True,149
spatial,0,pick up the black bowl between the plate and the ramekin and place it on the plate,gaussian_blur,3,27,27,True,70
spatial,0,pick up the black bowl between the plate and the ramekin and place it on the plate,gaussian_blur,3,28,28,True,82
spatial,0,pick up the black bowl between the plate and the ramekin and place it on the plate,gaussian_blur,3,29,29,True,72
spatial,0,pick up the black bowl between the plate and the ramekin and place it on the plate,gaussian_blur,3,30,30,True,69
spatial,0,pick up the black bowl between the plate and the ramekin and place it on the plate,gaussian_blur,3,31,31,True,73
spatial,0,pick up the black bowl between the plate and the ramekin and place it on the plate,gaussian_blur,3,32,32,True,74
spatial,0,pick up the black bowl between the plate and the ramekin and place it on the plate,gaussian_blur,3,33,33,False,280
spatial,0,pick up the black bowl between the plate and the ramekin and place it on the plate,gaussian_blur,3,34,34,False,280
spatial,0,pick up the black bowl between the plate and the ramekin and place it on the plate,gaussian_blur,3,35,35,False,280
spatial,0,pick up the black bowl between the plate and the ramekin and place it on the plate,gaussian_blur,3,36,36,False,280
spatial,0,pick up the black bowl between the plate and the ramekin and place it on the plate,gaussian_blur,3,37,37,False,280
spatial,0,pick up the black bowl between the plate and the ramekin and place it on the plate,gaussian_blur,3,38,38,True,80
spatial,0,pick up the black bowl between the plate and the ramekin and place it on the plate,gaussian_blur,3,39,39,True,81
spatial,0,pick up the black bowl between the plate and the ramekin and place it on the plate,gaussian_blur,3,40,40,True,77
spatial,0,pick up the black bowl between the plate and the ramekin and place it on the plate,gaussian_blur,3,41,41,True,78
spatial,0,pick up the black bowl between the plate and the ramekin and place it on the plate,gaussian_blur,3,42,42,False,280
spatial,0,pick up the black bowl between the plate and the ramekin and place it on the plate,gaussian_blur,3,43,43,True,71
spatial,0,pick up the black bowl between the plate and the ramekin and place it on the plate,gaussian_blur,3,44,44,False,280
spatial,0,pick up the black bowl between the plate and the ramekin and place it on the plate,gaussian_blur,3,45,45,False,280
spatial,0,pick up the black bowl between the plate and the ramekin and place it on the plate,gaussian_blur,3,46,46,True,120
spatial,0,pick up the black bowl between the plate and the ramekin and place it on the plate,gaussian_blur,3,47,47,True,89
spatial,0,pick up the black bowl between the plate and the ramekin and place it on the plate,gaussian_blur,3,48,48,False,280
spatial,0,pick up the black bowl between the plate and the ramekin and place it on the plate,gaussian_blur,3,49,49,False,280
spatial,0,pick up the black bowl between the plate and the ramekin and place it on the plate,zoom_blur,3,0,0,False,280
spatial,0,pick up the black bowl between the plate and the ramekin and place it on the plate,zoom_blur,3,1,1,False,280
spatial,0,pick up the black bowl between the plate and the ramekin and place it on the plate,zoom_blur,3,2,2,False,280
spatial,0,pick up the black bowl between the plate and the ramekin and place it on the plate,zoom_blur,3,3,3,False,280
spatial,0,pick up the black bowl between the plate and the ramekin and place it on the plate,zoom_blur,3,4,4,False,280
spatial,0,pick up the black bowl between the plate and the ramekin and place it on the plate,zoom_blur,3,5,5,False,280
spatial,0,pick up the black bowl between the plate and the ramekin and place it on the plate,zoom_blur,3,6,6,False,280
spatial,0,pick up the black bowl between the plate and the ramekin and place it on the plate,zoom_blur,3,7,7,False,280
spatial,0,pick up the black bowl between the plate and the ramekin and place it on the plate,zoom_blur,3,8,8,False,280
spatial,0,pick up the black bowl between the plate and the ramekin and place it on the plate,zoom_blur,3,9,9,False,280
spatial,0,pick up the black bowl between the plate and the ramekin and place it on the plate,zoom_blur,3,10,10,False,280
spatial,0,pick up the black bowl between the plate and the ramekin and place it on the plate,zoom_blur,3,11,11,False,280
spatial,0,pick up the black bowl between the plate and the ramekin and place it on the plate,zoom_blur,3,12,12,False,280
spatial,0,pick up the black bowl between the plate and the ramekin and place it on the plate,zoom_blur,3,13,13,False,280
spatial,0,pick up the black bowl between the plate and the ramekin and place it on the plate,zoom_blur,3,14,14,False,280
spatial,0,pick up the black bowl between the plate and the ramekin and place it on the plate,zoom_blur,3,15,15,False,280
spatial,0,pick up the black bowl between the plate and the ramekin and place it on the plate,zoom_blur,3,16,16,False,280
spatial,0,pick up the black bowl between the plate and the ramekin and place it on the plate,zoom_blur,3,17,17,True,92
spatial,0,pick up the black bowl between the plate and the ramekin and place it on the plate,zoom_blur,3,18,18,False,280
spatial,0,pick up the black bowl between the plate and the ramekin and place it on the plate,zoom_blur,3,19,19,False,280
spatial,0,pick up the black bowl between the plate and the ramekin and place it on the plate,zoom_blur,3,20,20,False,280
spatial,0,pick up the black bowl between the plate and the ramekin and place it on the plate,zoom_blur,3,21,21,False,280
spatial,0,pick up the black bowl between the plate and the ramekin and place it on the plate,zoom_blur,3,22,22,False,280
spatial,0,pick up the black bowl between the plate and the ramekin and place it on the plate,zoom_blur,3,23,23,False,280
spatial,0,pick up the black bowl between the plate and the ramekin and place it on the plate,zoom_blur,3,24,24,False,280
spatial,0,pick up the black bowl between the plate and the ramekin and place it on the plate,zoom_blur,3,25,25,False,280
spatial,0,pick up the black bowl between the plate and the ramekin and place it on the plate,zoom_blur,3,26,26,False,280
spatial,0,pick up the black bowl between the plate and the ramekin and place it on the plate,zoom_blur,3,27,27,False,280
spatial,0,pick up the black bowl between the plate and the ramekin and place it on the plate,zoom_blur,3,28,28,False,280
spatial,0,pick up the black bowl between the plate and the ramekin and place it on the plate,zoom_blur,3,29,29,False,280
spatial,0,pick up the black bowl between the plate and the ramekin and place it on the plate,zoom_blur,3,30,30,False,280
spatial,0,pick up the black bowl between the plate and the ramekin and place it on the plate,zoom_blur,3,31,31,False,280
spatial,0,pick up the black bowl between the plate and the ramekin and place it on the plate,zoom_blur,3,32,32,False,280
spatial,0,pick up the black bowl between the plate and the ramekin and place it on the plate,zoom_blur,3,33,33,False,280
spatial,0,pick up the black bowl between the plate and the ramekin and place it on the plate,zoom_blur,3,34,34,False,280
spatial,0,pick up the black bowl between the plate and the ramekin and place it on the plate,zoom_blur,3,35,35,False,280
spatial,0,pick up the black bowl between the plate and the ramekin and place it on the plate,zoom_blur,3,36,36,False,280
spatial,0,pick up the black bowl between the plate and the ramekin and place it on the plate,zoom_blur,3,37,37,False,280
spatial,0,pick up the black bowl between the plate and the ramekin and place it on the plate,zoom_blur,3,38,38,False,280
spatial,0,pick up the black bowl between the plate and the ramekin and place it on the plate,zoom_blur,3,39,39,False,280
spatial,0,pick up the black bowl between the plate and the ramekin and place it on the plate,zoom_blur,3,40,40,False,280
spatial,0,pick up the black bowl between the plate and the ramekin and place it on the plate,zoom_blur,3,41,41,False,280
spatial,0,pick up the black bowl between the plate and the ramekin and place it on the plate,zoom_blur,3,42,42,False,280
spatial,0,pick up the black bowl between the plate and the ramekin and place it on the plate,zoom_blur,3,43,43,False,280
spatial,0,pick up the black bowl between the plate and the ramekin and place it on the plate,zoom_blur,3,44,44,True,79
spatial,0,pick up the black bowl between the plate and the ramekin and place it on the plate,zoom_blur,3,45,45,False,280
spatial,0,pick up the black bowl between the plate and the ramekin and place it on the plate,zoom_blur,3,46,46,False,280
spatial,0,pick up the black bowl between the plate and the ramekin and place it on the plate,zoom_blur,3,47,47,False,280
spatial,0,pick up the black bowl between the plate and the ramekin and place it on the plate,zoom_blur,3,48,48,False,280
spatial,0,pick up the black bowl between the plate and the ramekin and place it on the plate,zoom_blur,3,49,49,False,280
spatial,0,pick up the black bowl between the plate and the ramekin and place it on the plate,fog,3,0,0,False,280
spatial,0,pick up the black bowl between the plate and the ramekin and place it on the plate,fog,3,1,1,False,280
spatial,0,pick up the black bowl between the plate and the ramekin and place it on the plate,fog,3,2,2,True,82
spatial,0,pick up the black bowl between the plate and the ramekin and place it on the plate,fog,3,3,3,False,280
spatial,0,pick up the black bowl between the plate and the ramekin and place it on the plate,fog,3,4,4,True,98
spatial,0,pick up the black bowl between the plate and the ramekin and place it on the plate,fog,3,5,5,False,280
spatial,0,pick up the black bowl between the plate and the ramekin and place it on the plate,fog,3,6,6,True,76
spatial,0,pick up the black bowl between the plate and the ramekin and place it on the plate,fog,3,7,7,False,280
spatial,0,pick up the black bowl between the plate and the ramekin and place it on the plate,fog,3,8,8,True,83
spatial,0,pick up the black bowl between the plate and the ramekin and place it on the plate,fog,3,9,9,False,280
spatial,0,pick up the black bowl between the plate and the ramekin and place it on the plate,fog,3,10,10,False,280
spatial,0,pick up the black bowl between the plate and the ramekin and place it on the plate,fog,3,11,11,True,79
spatial,0,pick up the black bowl between the plate and the ramekin and place it on the plate,fog,3,12,12,True,88
spatial,0,pick up the black bowl between the plate and the ramekin and place it on the plate,fog,3,13,13,True,89
spatial,0,pick up the black bowl between the plate and the ramekin and place it on the plate,fog,3,14,14,True,86
spatial,0,pick up the black bowl between the plate and the ramekin and place it on the plate,fog,3,15,15,True,82
spatial,0,pick up the black bowl between the plate and the ramekin and place it on the plate,fog,3,16,16,True,79
spatial,0,pick up the black bowl between the plate and the ramekin and place it on the plate,fog,3,17,17,False,280
spatial,0,pick up the black bowl between the plate and the ramekin and place it on the plate,fog,3,18,18,False,280
spatial,0,pick up the black bowl between the plate and the ramekin and place it on the plate,fog,3,19,19,False,280
spatial,0,pick up the black bowl between the plate and the ramekin and place it on the plate,fog,3,20,20,False,280
spatial,0,pick up the black bowl between the plate and the ramekin and place it on the plate,fog,3,21,21,False,280
spatial,0,pick up the black bowl between the plate and the ramekin and place it on the plate,fog,3,22,22,True,89
spatial,0,pick up the black bowl between the plate and the ramekin and place it on the plate,fog,3,23,23,True,83
spatial,0,pick up the black bowl between the plate and the ramekin and place it on the plate,fog,3,24,24,True,78
spatial,0,pick up the black bowl between the plate and the ramekin and place it on the plate,fog,3,25,25,True,91
spatial,0,pick up the black bowl between the plate and the ramekin and place it on the plate,fog,3,26,26,False,280
spatial,0,pick up the black bowl between the plate and the ramekin and place it on the plate,fog,3,27,27,True,72
spatial,0,pick up the black bowl between the plate and the ramekin and place it on the plate,fog,3,28,28,True,81
spatial,0,pick up the black bowl between the plate and the ramekin and place it on the plate,fog,3,29,29,True,77
spatial,0,pick up the black bowl between the plate and the ramekin and place it on the plate,fog,3,30,30,False,280
spatial,0,pick up the black bowl between the plate and the ramekin and place it on the plate,fog,3,31,31,True,93
spatial,0,pick up the black bowl between the plate and the ramekin and place it on the plate,fog,3,32,32,True,88
spatial,0,pick up the black bowl between the plate and the ramekin and place it on the plate,fog,3,33,33,False,280
spatial,0,pick up the black bowl between the plate and the ramekin and place it on the plate,fog,3,34,34,False,280
spatial,0,pick up the black bowl between the plate and the ramekin and place it on the plate,fog,3,35,35,True,264
spatial,0,pick up the black bowl between the plate and the ramekin and place it on the plate,fog,3,36,36,False,280
spatial,0,pick up the black bowl between the plate and the ramekin and place it on the plate,fog,3,37,37,True,81
spatial,0,pick up the black bowl between the plate and the ramekin and place it on the plate,fog,3,38,38,False,280
spatial,0,pick up the black bowl between the plate and the ramekin and place it on the plate,fog,3,39,39,False,280
spatial,0,pick up the black bowl between the plate and the ramekin and place it on the plate,fog,3,40,40,True,94
spatial,0,pick up the black bowl between the plate and the ramekin and place it on the plate,fog,3,41,41,False,280
spatial,0,pick up the black bowl between the plate and the ramekin and place it on the plate,fog,3,42,42,True,90
spatial,0,pick up the black bowl between the plate and the ramekin and place it on the plate,fog,3,43,43,False,280
spatial,0,pick up the black bowl between the plate and the ramekin and place it on the plate,fog,3,44,44,False,280
spatial,0,pick up the black bowl between the plate and the ramekin and place it on the plate,fog,3,45,45,True,91
spatial,0,pick up the black bowl between the plate and the ramekin and place it on the plate,fog,3,46,46,True,87
spatial,0,pick up the black bowl between the plate and the ramekin and place it on the plate,fog,3,47,47,False,280
spatial,0,pick up the black bowl between the plate and the ramekin and place it on the plate,fog,3,48,48,True,84
spatial,0,pick up the black bowl between the plate and the ramekin and place it on the plate,fog,3,49,49,False,280
spatial,0,pick up the black bowl between the plate and the ramekin and place it on the plate,glass_blur,3,0,0,False,280
spatial,0,pick up the black bowl between the plate and the ramekin and place it on the plate,glass_blur,3,1,1,False,280
spatial,0,pick up the black bowl between the plate and the ramekin and place it on the plate,glass_blur,3,2,2,False,280
spatial,0,pick up the black bowl between the plate and the ramekin and place it on the plate,glass_blur,3,3,3,False,280
spatial,0,pick up the black bowl between the plate and the ramekin and place it on the plate,glass_blur,3,4,4,False,280
spatial,0,pick up the black bowl between the plate and the ramekin and place it on the plate,glass_blur,3,5,5,False,280
spatial,0,pick up the black bowl between the plate and the ramekin and place it on the plate,glass_blur,3,6,6,False,280
spatial,0,pick up the black bowl between the plate and the ramekin and place it on the plate,glass_blur,3,7,7,False,280
spatial,0,pick up the black bowl between the plate and the ramekin and place it on the plate,glass_blur,3,8,8,False,280
spatial,0,pick up the black bowl between the plate and the ramekin and place it on the plate,glass_blur,3,9,9,False,280
spatial,0,pick up the black bowl between the plate and the ramekin and place it on the plate,glass_blur,3,10,10,False,280
spatial,0,pick up the black bowl between the plate and the ramekin and place it on the plate,glass_blur,3,11,11,False,280
spatial,0,pick up the black bowl between the plate and the ramekin and place it on the plate,glass_blur,3,12,12,False,280
spatial,0,pick up the black bowl between the plate and the ramekin and place it on the plate,glass_blur,3,13,13,False,280
spatial,0,pick up the black bowl between the plate and the ramekin and place it on the plate,glass_blur,3,14,14,False,280
spatial,0,pick up the black bowl between the plate and the ramekin and place it on the plate,glass_blur,3,15,15,False,280
spatial,0,pick up the black bowl between the plate and the ramekin and place it on the plate,glass_blur,3,16,16,False,280
spatial,0,pick up the black bowl between the plate and the ramekin and place it on the plate,glass_blur,3,17,17,False,280
spatial,0,pick up the black bowl between the plate and the ramekin and place it on the plate,glass_blur,3,18,18,False,280
spatial,0,pick up the black bowl between the plate and the ramekin and place it on the plate,glass_blur,3,19,19,False,280
spatial,0,pick up the black bowl between the plate and the ramekin and place it on the plate,glass_blur,3,20,20,False,280
spatial,0,pick up the black bowl between the plate and the ramekin and place it on the plate,glass_blur,3,21,21,False,280
spatial,0,pick up the black bowl between the plate and the ramekin and place it on the plate,glass_blur,3,22,22,False,280
spatial,0,pick up the black bowl between the plate and the ramekin and place it on the plate,glass_blur,3,23,23,False,280
spatial,0,pick up the black bowl between the plate and the ramekin and place it on the plate,glass_blur,3,24,24,False,280
spatial,0,pick up the black bowl between the plate and the ramekin and place it on the plate,glass_blur,3,25,25,False,280
spatial,0,pick up the black bowl between the plate and the ramekin and place it on the plate,glass_blur,3,26,26,False,280
spatial,0,pick up the black bowl between the plate and the ramekin and place it on the plate,glass_blur,3,27,27,False,280
spatial,0,pick up the black bowl between the plate and the ramekin and place it on the plate,glass_blur,3,28,28,False,280
spatial,0,pick up the black bowl between the plate and the ramekin and place it on the plate,glass_blur,3,29,29,False,280
spatial,0,pick up the black bowl between the plate and the ramekin and place it on the plate,glass_blur,3,30,30,False,280
spatial,0,pick up the black bowl between the plate and the ramekin and place it on the plate,glass_blur,3,31,31,False,280
spatial,0,pick up the black bowl between the plate and the ramekin and place it on the plate,glass_blur,3,32,32,False,280
spatial,0,pick up the black bowl between the plate and the ramekin and place it on the plate,glass_blur,3,33,33,False,280
spatial,0,pick up the black bowl between the plate and the ramekin and place it on the plate,glass_blur,3,34,34,False,280
spatial,0,pick up the black bowl between the plate and the ramekin and place it on the plate,glass_blur,3,35,35,False,280
spatial,0,pick up the black bowl between the plate and the ramekin and place it on the plate,glass_blur,3,36,36,False,280
spatial,0,pick up the black bowl between the plate and the ramekin and place it on the plate,glass_blur,3,37,37,False,280
spatial,0,pick up the black bowl between the plate and the ramekin and place it on the plate,glass_blur,3,38,38,False,280
spatial,0,pick up the black bowl between the plate and the ramekin and place it on the plate,glass_blur,3,39,39,False,280
spatial,0,pick up the black bowl between the plate and the ramekin and place it on the plate,glass_blur,3,40,40,False,280
spatial,0,pick up the black bowl between the plate and the ramekin and place it on the plate,glass_blur,3,41,41,False,280
spatial,0,pick up the black bowl between the plate and the ramekin and place it on the plate,glass_blur,3,42,42,False,280
spatial,0,pick up the black bowl between the plate and the ramekin and place it on the plate,glass_blur,3,43,43,False,280
spatial,0,pick up the black bowl between the plate and the ramekin and place it on the plate,glass_blur,3,44,44,False,280
spatial,0,pick up the black bowl between the plate and the ramekin and place it on the plate,glass_blur,3,45,45,False,280
spatial,0,pick up the black bowl between the plate and the ramekin and place it on the plate,glass_blur,3,46,46,False,280
spatial,0,pick up the black bowl between the plate and the ramekin and place it on the plate,glass_blur,3,47,47,False,280
spatial,0,pick up the black bowl between the plate and the ramekin and place it on the plate,glass_blur,3,48,48,True,102
spatial,0,pick up the black bowl between the plate and the ramekin and place it on the plate,glass_blur,3,49,49,False,280
spatial,1,pick up the black bowl next to the ramekin and place it on the plate,clean,0,0,1000,True,110
spatial,1,pick up the black bowl next to the ramekin and place it on the plate,clean,0,1,1001,True,109
spatial,1,pick up the black bowl next to the ramekin and place it on the plate,clean,0,2,1002,True,102
spatial,1,pick up the black bowl next to the ramekin and place it on the plate,clean,0,3,1003,True,114
spatial,1,pick up the black bowl next to the ramekin and place it on the plate,clean,0,4,1004,False,280
spatial,1,pick up the black bowl next to the ramekin and place it on the plate,clean,0,5,1005,True,113
spatial,1,pick up the black bowl next to the ramekin and place it on the plate,clean,0,6,1006,True,108
spatial,1,pick up the black bowl next to the ramekin and place it on the plate,clean,0,7,1007,True,108
spatial,1,pick up the black bowl next to the ramekin and place it on the plate,clean,0,8,1008,True,104
spatial,1,pick up the black bowl next to the ramekin and place it on the plate,clean,0,9,1009,True,109
spatial,1,pick up the black bowl next to the ramekin and place it on the plate,clean,0,10,1010,True,109
spatial,1,pick up the black bowl next to the ramekin and place it on the plate,clean,0,11,1011,True,106
spatial,1,pick up the black bowl next to the ramekin and place it on the plate,clean,0,12,1012,True,109
spatial,1,pick up the black bowl next to the ramekin and place it on the plate,clean,0,13,1013,True,107
spatial,1,pick up the black bowl next to the ramekin and place it on the plate,clean,0,14,1014,True,104
spatial,1,pick up the black bowl next to the ramekin and place it on the plate,clean,0,15,1015,True,110
spatial,1,pick up the black bowl next to the ramekin and place it on the plate,clean,0,16,1016,True,102
spatial,1,pick up the black bowl next to the ramekin and place it on the plate,clean,0,17,1017,True,104
spatial,1,pick up the black bowl next to the ramekin and place it on the plate,clean,0,18,1018,True,106
spatial,1,pick up the black bowl next to the ramekin and place it on the plate,clean,0,19,1019,True,107
spatial,1,pick up the black bowl next to the ramekin and place it on the plate,clean,0,20,1020,True,116
spatial,1,pick up the black bowl next to the ramekin and place it on the plate,clean,0,21,1021,True,104
spatial,1,pick up the black bowl next to the ramekin and place it on the plate,clean,0,22,1022,True,104
spatial,1,pick up the black bowl next to the ramekin and place it on the plate,clean,0,23,1023,True,107
spatial,1,pick up the black bowl next to the ramekin and place it on the plate,clean,0,24,1024,True,117
spatial,1,pick up the black bowl next to the ramekin and place it on the plate,clean,0,25,1025,True,106
spatial,1,pick up the black bowl next to the ramekin and place it on the plate,clean,0,26,1026,True,112
spatial,1,pick up the black bowl next to the ramekin and place it on the plate,clean,0,27,1027,True,107
spatial,1,pick up the black bowl next to the ramekin and place it on the plate,clean,0,28,1028,True,104
spatial,1,pick up the black bowl next to the ramekin and place it on the plate,clean,0,29,1029,True,107
spatial,1,pick up the black bowl next to the ramekin and place it on the plate,clean,0,30,1030,True,119
spatial,1,pick up the black bowl next to the ramekin and place it on the plate,clean,0,31,1031,True,106
spatial,1,pick up the black bowl next to the ramekin and place it on the plate,clean,0,32,1032,True,104
spatial,1,pick up the black bowl next to the ramekin and place it on the plate,clean,0,33,1033,True,109
spatial,1,pick up the black bowl next to the ramekin and place it on the plate,clean,0,34,1034,True,108
spatial,1,pick up the black bowl next to the ramekin and place it on the plate,clean,0,35,1035,True,112
spatial,1,pick up the black bowl next to the ramekin and place it on the plate,clean,0,36,1036,True,105
spatial,1,pick up the black bowl next to the ramekin and place it on the plate,clean,0,37,1037,True,114
spatial,1,pick up the black bowl next to the ramekin and place it on the plate,clean,0,38,1038,True,111
spatial,1,pick up the black bowl next to the ramekin and place it on the plate,clean,0,39,1039,True,112
spatial,1,pick up the black bowl next to the ramekin and place it on the plate,clean,0,40,1040,True,114
spatial,1,pick up the black bowl next to the ramekin and place it on the plate,clean,0,41,1041,True,105
spatial,1,pick up the black bowl next to the ramekin and place it on the plate,clean,0,42,1042,True,105
spatial,1,pick up the black bowl next to the ramekin and place it on the plate,clean,0,43,1043,True,102
spatial,1,pick up the black bowl next to the ramekin and place it on the plate,clean,0,44,1044,True,106
spatial,1,pick up the black bowl next to the ramekin and place it on the plate,clean,0,45,1045,True,101
spatial,1,pick up the black bowl next to the ramekin and place it on the plate,clean,0,46,1046,True,115
spatial,1,pick up the black bowl next to the ramekin and place it on the plate,clean,0,47,1047,True,110
spatial,1,pick up the black bowl next to the ramekin and place it on the plate,clean,0,48,1048,True,107
spatial,1,pick up the black bowl next to the ramekin and place it on the plate,clean,0,49,1049,True,104
spatial,1,pick up the black bowl next to the ramekin and place it on the plate,motion_blur,3,0,1000,False,280
spatial,1,pick up the black bowl next to the ramekin and place it on the plate,motion_blur,3,1,1001,False,280
spatial,1,pick up the black bowl next to the ramekin and place it on the plate,motion_blur,3,2,1002,False,280
spatial,1,pick up the black bowl next to the ramekin and place it on the plate,motion_blur,3,3,1003,False,280
spatial,1,pick up the black bowl next to the ramekin and place it on the plate,motion_blur,3,4,1004,False,280
spatial,1,pick up the black bowl next to the ramekin and place it on the plate,motion_blur,3,5,1005,False,280
spatial,1,pick up the black bowl next to the ramekin and place it on the plate,motion_blur,3,6,1006,False,280
spatial,1,pick up the black bowl next to the ramekin and place it on the plate,motion_blur,3,7,1007,False,280
spatial,1,pick up the black bowl next to the ramekin and place it on the plate,motion_blur,3,8,1008,False,280
spatial,1,pick up the black bowl next to the ramekin and place it on the plate,motion_blur,3,9,1009,False,280
spatial,1,pick up the black bowl next to the ramekin and place it on the plate,motion_blur,3,10,1010,False,280
spatial,1,pick up the black bowl next to the ramekin and place it on the plate,motion_blur,3,11,1011,False,280
spatial,1,pick up the black bowl next to the ramekin and place it on the plate,motion_blur,3,12,1012,False,280
spatial,1,pick up the black bowl next to the ramekin and place it on the plate,motion_blur,3,13,1013,False,280
spatial,1,pick up the black bowl next to the ramekin and place it on the plate,motion_blur,3,14,1014,False,280
spatial,1,pick up the black bowl next to the ramekin and place it on the plate,motion_blur,3,15,1015,False,280
spatial,1,pick up the black bowl next to the ramekin and place it on the plate,motion_blur,3,16,1016,False,280
spatial,1,pick up the black bowl next to the ramekin and place it on the plate,motion_blur,3,17,1017,False,280
spatial,1,pick up the black bowl next to the ramekin and place it on the plate,motion_blur,3,18,1018,False,280
spatial,1,pick up the black bowl next to the ramekin and place it on the plate,motion_blur,3,19,1019,False,280
spatial,1,pick up the black bowl next to the ramekin and place it on the plate,motion_blur,3,20,1020,False,280
spatial,1,pick up the black bowl next to the ramekin and place it on the plate,motion_blur,3,21,1021,False,280
spatial,1,pick up the black bowl next to the ramekin and place it on the plate,motion_blur,3,22,1022,False,280
spatial,1,pick up the black bowl next to the ramekin and place it on the plate,motion_blur,3,23,1023,False,280
spatial,1,pick up the black bowl next to the ramekin and place it on the plate,motion_blur,3,24,1024,False,280
spatial,1,pick up the black bowl next to the ramekin and place it on the plate,motion_blur,3,25,1025,False,280
spatial,1,pick up the black bowl next to the ramekin and place it on the plate,motion_blur,3,26,1026,False,280
spatial,1,pick up the black bowl next to the ramekin and place it on the plate,motion_blur,3,27,1027,False,280
spatial,1,pick up the black bowl next to the ramekin and place it on the plate,motion_blur,3,28,1028,False,280
spatial,1,pick up the black bowl next to the ramekin and place it on the plate,motion_blur,3,29,1029,False,280
spatial,1,pick up the black bowl next to the ramekin and place it on the plate,motion_blur,3,30,1030,False,280
spatial,1,pick up the black bowl next to the ramekin and place it on the plate,motion_blur,3,31,1031,False,280
spatial,1,pick up the black bowl next to the ramekin and place it on the plate,motion_blur,3,32,1032,False,280
spatial,1,pick up the black bowl next to the ramekin and place it on the plate,motion_blur,3,33,1033,False,280
spatial,1,pick up the black bowl next to the ramekin and place it on the plate,motion_blur,3,34,1034,False,280
spatial,1,pick up the black bowl next to the ramekin and place it on the plate,motion_blur,3,35,1035,False,280
spatial,1,pick up the black bowl next to the ramekin and place it on the plate,motion_blur,3,36,1036,False,280
spatial,1,pick up the black bowl next to the ramekin and place it on the plate,motion_blur,3,37,1037,False,280
spatial,1,pick up the black bowl next to the ramekin and place it on the plate,motion_blur,3,38,1038,False,280
spatial,1,pick up the black bowl next to the ramekin and place it on the plate,motion_blur,3,39,1039,False,280
spatial,1,pick up the black bowl next to the ramekin and place it on the plate,motion_blur,3,40,1040,False,280
spatial,1,pick up the black bowl next to the ramekin and place it on the plate,motion_blur,3,41,1041,False,280
spatial,1,pick up the black bowl next to the ramekin and place it on the plate,motion_blur,3,42,1042,False,280
spatial,1,pick up the black bowl next to the ramekin and place it on the plate,motion_blur,3,43,1043,False,280
spatial,1,pick up the black bowl next to the ramekin and place it on the plate,motion_blur,3,44,1044,False,280
spatial,1,pick up the black bowl next to the ramekin and place it on the plate,motion_blur,3,45,1045,False,280
spatial,1,pick up the black bowl next to the ramekin and place it on the plate,motion_blur,3,46,1046,False,280
spatial,1,pick up the black bowl next to the ramekin and place it on the plate,motion_blur,3,47,1047,False,280
spatial,1,pick up the black bowl next to the ramekin and place it on the plate,motion_blur,3,48,1048,False,280
spatial,1,pick up the black bowl next to the ramekin and place it on the plate,motion_blur,3,49,1049,False,280
spatial,1,pick up the black bowl next to the ramekin and place it on the plate,gaussian_blur,3,0,1000,False,280
spatial,1,pick up the black bowl next to the ramekin and place it on the plate,gaussian_blur,3,1,1001,False,280
spatial,1,pick up the black bowl next to the ramekin and place it on the plate,gaussian_blur,3,2,1002,False,280
spatial,1,pick up the black bowl next to the ramekin and place it on the plate,gaussian_blur,3,3,1003,False,280
spatial,1,pick up the black bowl next to the ramekin and place it on the plate,gaussian_blur,3,4,1004,False,280
spatial,1,pick up the black bowl next to the ramekin and place it on the plate,gaussian_blur,3,5,1005,False,280
spatial,1,pick up the black bowl next to the ramekin and place it on the plate,gaussian_blur,3,6,1006,False,280
spatial,1,pick up the black bowl next to the ramekin and place it on the plate,gaussian_blur,3,7,1007,False,280
spatial,1,pick up the black bowl next to the ramekin and place it on the plate,gaussian_blur,3,8,1008,False,280
spatial,1,pick up the black bowl next to the ramekin and place it on the plate,gaussian_blur,3,9,1009,False,280
spatial,1,pick up the black bowl next to the ramekin and place it on the plate,gaussian_blur,3,10,1010,False,280
spatial,1,pick up the black bowl next to the ramekin and place it on the plate,gaussian_blur,3,11,1011,False,280
spatial,1,pick up the black bowl next to the ramekin and place it on the plate,gaussian_blur,3,12,1012,False,280
spatial,1,pick up the black bowl next to the ramekin and place it on the plate,gaussian_blur,3,13,1013,False,280
spatial,1,pick up the black bowl next to the ramekin and place it on the plate,gaussian_blur,3,14,1014,False,280
spatial,1,pick up the black bowl next to the ramekin and place it on the plate,gaussian_blur,3,15,1015,False,280
spatial,1,pick up the black bowl next to the ramekin and place it on the plate,gaussian_blur,3,16,1016,False,280
spatial,1,pick up the black bowl next to the ramekin and place it on the plate,gaussian_blur,3,17,1017,False,280
spatial,1,pick up the black bowl next to the ramekin and place it on the plate,gaussian_blur,3,18,1018,False,280
spatial,1,pick up the black bowl next to the ramekin and place it on the plate,gaussian_blur,3,19,1019,False,280
spatial,1,pick up the black bowl next to the ramekin and place it on the plate,gaussian_blur,3,20,1020,False,280
spatial,1,pick up the black bowl next to the ramekin and place it on the plate,gaussian_blur,3,21,1021,False,280
spatial,1,pick up the black bowl next to the ramekin and place it on the plate,gaussian_blur,3,22,1022,False,280
spatial,1,pick up the black bowl next to the ramekin and place it on the plate,gaussian_blur,3,23,1023,True,131
spatial,1,pick up the black bowl next to the ramekin and place it on the plate,gaussian_blur,3,24,1024,False,280
spatial,1,pick up the black bowl next to the ramekin and place it on the plate,gaussian_blur,3,25,1025,False,280
spatial,1,pick up the black bowl next to the ramekin and place it on the plate,gaussian_blur,3,26,1026,False,280
spatial,1,pick up the black bowl next to the ramekin and place it on the plate,gaussian_blur,3,27,1027,False,280
spatial,1,pick up the black bowl next to the ramekin and place it on the plate,gaussian_blur,3,28,1028,False,280
spatial,1,pick up the black bowl next to the ramekin and place it on the plate,gaussian_blur,3,29,1029,False,280
spatial,1,pick up the black bowl next to the ramekin and place it on the plate,gaussian_blur,3,30,1030,False,280
spatial,1,pick up the black bowl next to the ramekin and place it on the plate,gaussian_blur,3,31,1031,False,280
spatial,1,pick up the black bowl next to the ramekin and place it on the plate,gaussian_blur,3,32,1032,False,280
spatial,1,pick up the black bowl next to the ramekin and place it on the plate,gaussian_blur,3,33,1033,False,280
spatial,1,pick up the black bowl next to the ramekin and place it on the plate,gaussian_blur,3,34,1034,False,280
spatial,1,pick up the black bowl next to the ramekin and place it on the plate,gaussian_blur,3,35,1035,False,280
spatial,1,pick up the black bowl next to the ramekin and place it on the plate,gaussian_blur,3,36,1036,False,280
spatial,1,pick up the black bowl next to the ramekin and place it on the plate,gaussian_blur,3,37,1037,False,280
spatial,1,pick up the black bowl next to the ramekin and place it on the plate,gaussian_blur,3,38,1038,False,280
spatial,1,pick up the black bowl next to the ramekin and place it on the plate,gaussian_blur,3,39,1039,True,133
spatial,1,pick up the black bowl next to the ramekin and place it on the plate,gaussian_blur,3,40,1040,False,280
spatial,1,pick up the black bowl next to the ramekin and place it on the plate,gaussian_blur,3,41,1041,False,280
spatial,1,pick up the black bowl next to the ramekin and place it on the plate,gaussian_blur,3,42,1042,False,280
spatial,1,pick up the black bowl next to the ramekin and place it on the plate,gaussian_blur,3,43,1043,False,280
spatial,1,pick up the black bowl next to the ramekin and place it on the plate,gaussian_blur,3,44,1044,True,129
spatial,1,pick up the black bowl next to the ramekin and place it on the plate,gaussian_blur,3,45,1045,False,280
spatial,1,pick up the black bowl next to the ramekin and place it on the plate,gaussian_blur,3,46,1046,False,280
spatial,1,pick up the black bowl next to the ramekin and place it on the plate,gaussian_blur,3,47,1047,False,280
spatial,1,pick up the black bowl next to the ramekin and place it on the plate,gaussian_blur,3,48,1048,False,280
spatial,1,pick up the black bowl next to the ramekin and place it on the plate,gaussian_blur,3,49,1049,False,280
spatial,1,pick up the black bowl next to the ramekin and place it on the plate,zoom_blur,3,0,1000,False,280
spatial,1,pick up the black bowl next to the ramekin and place it on the plate,zoom_blur,3,1,1001,False,280
spatial,1,pick up the black bowl next to the ramekin and place it on the plate,zoom_blur,3,2,1002,False,280
spatial,1,pick up the black bowl next to the ramekin and place it on the plate,zoom_blur,3,3,1003,False,280
spatial,1,pick up the black bowl next to the ramekin and place it on the plate,zoom_blur,3,4,1004,False,280
spatial,1,pick up the black bowl next to the ramekin and place it on the plate,zoom_blur,3,5,1005,False,280
spatial,1,pick up the black bowl next to the ramekin and place it on the plate,zoom_blur,3,6,1006,False,280
spatial,1,pick up the black bowl next to the ramekin and place it on the plate,zoom_blur,3,7,1007,False,280
spatial,1,pick up the black bowl next to the ramekin and place it on the plate,zoom_blur,3,8,1008,False,280
spatial,1,pick up the black bowl next to the ramekin and place it on the plate,zoom_blur,3,9,1009,False,280
spatial,1,pick up the black bowl next to the ramekin and place it on the plate,zoom_blur,3,10,1010,False,280
spatial,1,pick up the black bowl next to the ramekin and place it on the plate,zoom_blur,3,11,1011,False,280
spatial,1,pick up the black bowl next to the ramekin and place it on the plate,zoom_blur,3,12,1012,False,280
spatial,1,pick up the black bowl next to the ramekin and place it on the plate,zoom_blur,3,13,1013,False,280
spatial,1,pick up the black bowl next to the ramekin and place it on the plate,zoom_blur,3,14,1014,False,280
spatial,1,pick up the black bowl next to the ramekin and place it on the plate,zoom_blur,3,15,1015,False,280
spatial,1,pick up the black bowl next to the ramekin and place it on the plate,zoom_blur,3,16,1016,False,280
spatial,1,pick up the black bowl next to the ramekin and place it on the plate,zoom_blur,3,17,1017,False,280
spatial,1,pick up the black bowl next to the ramekin and place it on the plate,zoom_blur,3,18,1018,False,280
spatial,1,pick up the black bowl next to the ramekin and place it on the plate,zoom_blur,3,19,1019,False,280
spatial,1,pick up the black bowl next to the ramekin and place it on the plate,zoom_blur,3,20,1020,False,280
spatial,1,pick up the black bowl next to the ramekin and place it on the plate,zoom_blur,3,21,1021,False,280
spatial,1,pick up the black bowl next to the ramekin and place it on the plate,zoom_blur,3,22,1022,False,280
spatial,1,pick up the black bowl next to the ramekin and place it on the plate,zoom_blur,3,23,1023,False,280
spatial,1,pick up the black bowl next to the ramekin and place it on the plate,zoom_blur,3,24,1024,False,280
spatial,1,pick up the black bowl next to the ramekin and place it on the plate,zoom_blur,3,25,1025,False,280
spatial,1,pick up the black bowl next to the ramekin and place it on the plate,zoom_blur,3,26,1026,False,280
spatial,1,pick up the black bowl next to the ramekin and place it on the plate,zoom_blur,3,27,1027,False,280
spatial,1,pick up the black bowl next to the ramekin and place it on the plate,zoom_blur,3,28,1028,False,280
spatial,1,pick up the black bowl next to the ramekin and place it on the plate,zoom_blur,3,29,1029,False,280
spatial,1,pick up the black bowl next to the ramekin and place it on the plate,zoom_blur,3,30,1030,False,280
spatial,1,pick up the black bowl next to the ramekin and place it on the plate,zoom_blur,3,31,1031,False,280
spatial,1,pick up the black bowl next to the ramekin and place it on the plate,zoom_blur,3,32,1032,False,280
spatial,1,pick up the black bowl next to the ramekin and place it on the plate,zoom_blur,3,33,1033,False,280
spatial,1,pick up the black bowl next to the ramekin and place it on the plate,zoom_blur,3,34,1034,False,280
spatial,1,pick up the black bowl next to the ramekin and place it on the plate,zoom_blur,3,35,1035,False,280
spatial,1,pick up the black bowl next to the ramekin and place it on the plate,zoom_blur,3,36,1036,False,280
spatial,1,pick up the black bowl next to the ramekin and place it on the plate,zoom_blur,3,37,1037,False,280
spatial,1,pick up the black bowl next to the ramekin and place it on the plate,zoom_blur,3,38,1038,False,280
spatial,1,pick up the black bowl next to the ramekin and place it on the plate,zoom_blur,3,39,1039,False,280
spatial,1,pick up the black bowl next to the ramekin and place it on the plate,zoom_blur,3,40,1040,False,280
spatial,1,pick up the black bowl next to the ramekin and place it on the plate,zoom_blur,3,41,1041,False,280
spatial,1,pick up the black bowl next to the ramekin and place it on the plate,zoom_blur,3,42,1042,False,280
spatial,1,pick up the black bowl next to the ramekin and place it on the plate,zoom_blur,3,43,1043,False,280
spatial,1,pick up the black bowl next to the ramekin and place it on the plate,zoom_blur,3,44,1044,False,280
spatial,1,pick up the black bowl next to the ramekin and place it on the plate,zoom_blur,3,45,1045,False,280
spatial,1,pick up the black bowl next to the ramekin and place it on the plate,zoom_blur,3,46,1046,False,280
spatial,1,pick up the black bowl next to the ramekin and place it on the plate,zoom_blur,3,47,1047,False,280
spatial,1,pick up the black bowl next to the ramekin and place it on the plate,zoom_blur,3,48,1048,False,280
spatial,1,pick up the black bowl next to the ramekin and place it on the plate,zoom_blur,3,49,1049,False,280
spatial,1,pick up the black bowl next to the ramekin and place it on the plate,fog,3,0,1000,False,280
spatial,1,pick up the black bowl next to the ramekin and place it on the plate,fog,3,1,1001,True,130
spatial,1,pick up the black bowl next to the ramekin and place it on the plate,fog,3,2,1002,True,130
spatial,1,pick up the black bowl next to the ramekin and place it on the plate,fog,3,3,1003,True,133
spatial,1,pick up the black bowl next to the ramekin and place it on the plate,fog,3,4,1004,False,280
spatial,1,pick up the black bowl next to the ramekin and place it on the plate,fog,3,5,1005,False,280
spatial,1,pick up the black bowl next to the ramekin and place it on the plate,fog,3,6,1006,False,280
spatial,1,pick up the black bowl next to the ramekin and place it on the plate,fog,3,7,1007,False,280
spatial,1,pick up the black bowl next to the ramekin and place it on the plate,fog,3,8,1008,True,140
spatial,1,pick up the black bowl next to the ramekin and place it on the plate,fog,3,9,1009,False,280
spatial,1,pick up the black bowl next to the ramekin and place it on the plate,fog,3,10,1010,False,280
spatial,1,pick up the black bowl next to the ramekin and place it on the plate,fog,3,11,1011,False,280
spatial,1,pick up the black bowl next to the ramekin and place it on the plate,fog,3,12,1012,False,280
spatial,1,pick up the black bowl next to the ramekin and place it on the plate,fog,3,13,1013,True,129
spatial,1,pick up the black bowl next to the ramekin and place it on the plate,fog,3,14,1014,True,128
spatial,1,pick up the black bowl next to the ramekin and place it on the plate,fog,3,15,1015,False,280
spatial,1,pick up the black bowl next to the ramekin and place it on the plate,fog,3,16,1016,False,280
spatial,1,pick up the black bowl next to the ramekin and place it on the plate,fog,3,17,1017,False,280
spatial,1,pick up the black bowl next to the ramekin and place it on the plate,fog,3,18,1018,True,132
spatial,1,pick up the black bowl next to the ramekin and place it on the plate,fog,3,19,1019,False,280
spatial,1,pick up the black bowl next to the ramekin and place it on the plate,fog,3,20,1020,True,128
spatial,1,pick up the black bowl next to the ramekin and place it on the plate,fog,3,21,1021,False,280
spatial,1,pick up the black bowl next to the ramekin and place it on the plate,fog,3,22,1022,False,280
spatial,1,pick up the black bowl next to the ramekin and place it on the plate,fog,3,23,1023,True,134
spatial,1,pick up the black bowl next to the ramekin and place it on the plate,fog,3,24,1024,True,123
spatial,1,pick up the black bowl next to the ramekin and place it on the plate,fog,3,25,1025,False,280
spatial,1,pick up the black bowl next to the ramekin and place it on the plate,fog,3,26,1026,False,280
spatial,1,pick up the black bowl next to the ramekin and place it on the plate,fog,3,27,1027,False,280
spatial,1,pick up the black bowl next to the ramekin and place it on the plate,fog,3,28,1028,True,137
spatial,1,pick up the black bowl next to the ramekin and place it on the plate,fog,3,29,1029,False,280
spatial,1,pick up the black bowl next to the ramekin and place it on the plate,fog,3,30,1030,False,280
spatial,1,pick up the black bowl next to the ramekin and place it on the plate,fog,3,31,1031,True,154
spatial,1,pick up the black bowl next to the ramekin and place it on the plate,fog,3,32,1032,False,280
spatial,1,pick up the black bowl next to the ramekin and place it on the plate,fog,3,33,1033,False,280
spatial,1,pick up the black bowl next to the ramekin and place it on the plate,fog,3,34,1034,True,128
spatial,1,pick up the black bowl next to the ramekin and place it on the plate,fog,3,35,1035,True,137
spatial,1,pick up the black bowl next to the ramekin and place it on the plate,fog,3,36,1036,True,133
spatial,1,pick up the black bowl next to the ramekin and place it on the plate,fog,3,37,1037,False,280
spatial,1,pick up the black bowl next to the ramekin and place it on the plate,fog,3,38,1038,False,280
spatial,1,pick up the black bowl next to the ramekin and place it on the plate,fog,3,39,1039,True,129
spatial,1,pick up the black bowl next to the ramekin and place it on the plate,fog,3,40,1040,False,280
spatial,1,pick up the black bowl next to the ramekin and place it on the plate,fog,3,41,1041,False,280
spatial,1,pick up the black bowl next to the ramekin and place it on the plate,fog,3,42,1042,False,280
spatial,1,pick up the black bowl next to the ramekin and place it on the plate,fog,3,43,1043,False,280
spatial,1,pick up the black bowl next to the ramekin and place it on the plate,fog,3,44,1044,False,280
spatial,1,pick up the black bowl next to the ramekin and place it on the plate,fog,3,45,1045,False,280
spatial,1,pick up the black bowl next to the ramekin and place it on the plate,fog,3,46,1046,False,280
spatial,1,pick up the black bowl next to the ramekin and place it on the plate,fog,3,47,1047,False,280
spatial,1,pick up the black bowl next to the ramekin and place it on the plate,fog,3,48,1048,False,280
spatial,1,pick up the black bowl next to the ramekin and place it on the plate,fog,3,49,1049,False,280
spatial,1,pick up the black bowl next to the ramekin and place it on the plate,glass_blur,3,0,1000,False,280
spatial,1,pick up the black bowl next to the ramekin and place it on the plate,glass_blur,3,1,1001,False,280
spatial,1,pick up the black bowl next to the ramekin and place it on the plate,glass_blur,3,2,1002,False,280
spatial,1,pick up the black bowl next to the ramekin and place it on the plate,glass_blur,3,3,1003,False,280
spatial,1,pick up the black bowl next to the ramekin and place it on the plate,glass_blur,3,4,1004,False,280
spatial,1,pick up the black bowl next to the ramekin and place it on the plate,glass_blur,3,5,1005,False,280
spatial,1,pick up the black bowl next to the ramekin and place it on the plate,glass_blur,3,6,1006,False,280
spatial,1,pick up the black bowl next to the ramekin and place it on the plate,glass_blur,3,7,1007,False,280
spatial,1,pick up the black bowl next to the ramekin and place it on the plate,glass_blur,3,8,1008,False,280
spatial,1,pick up the black bowl next to the ramekin and place it on the plate,glass_blur,3,9,1009,False,280
spatial,1,pick up the black bowl next to the ramekin and place it on the plate,glass_blur,3,10,1010,False,280
spatial,1,pick up the black bowl next to the ramekin and place it on the plate,glass_blur,3,11,1011,False,280
spatial,1,pick up the black bowl next to the ramekin and place it on the plate,glass_blur,3,12,1012,False,280
spatial,1,pick up the black bowl next to the ramekin and place it on the plate,glass_blur,3,13,1013,False,280
spatial,1,pick up the black bowl next to the ramekin and place it on the plate,glass_blur,3,14,1014,False,280
spatial,1,pick up the black bowl next to the ramekin and place it on the plate,glass_blur,3,15,1015,False,280
spatial,1,pick up the black bowl next to the ramekin and place it on the plate,glass_blur,3,16,1016,False,280
spatial,1,pick up the black bowl next to the ramekin and place it on the plate,glass_blur,3,17,1017,False,280
spatial,1,pick up the black bowl next to the ramekin and place it on the plate,glass_blur,3,18,1018,False,280
spatial,1,pick up the black bowl next to the ramekin and place it on the plate,glass_blur,3,19,1019,False,280
spatial,1,pick up the black bowl next to the ramekin and place it on the plate,glass_blur,3,20,1020,False,280
spatial,1,pick up the black bowl next to the ramekin and place it on the plate,glass_blur,3,21,1021,False,280
spatial,1,pick up the black bowl next to the ramekin and place it on the plate,glass_blur,3,22,1022,False,280
spatial,1,pick up the black bowl next to the ramekin and place it on the plate,glass_blur,3,23,1023,False,280
spatial,1,pick up the black bowl next to the ramekin and place it on the plate,glass_blur,3,24,1024,False,280
spatial,1,pick up the black bowl next to the ramekin and place it on the plate,glass_blur,3,25,1025,False,280
spatial,1,pick up the black bowl next to the ramekin and place it on the plate,glass_blur,3,26,1026,False,280
spatial,1,pick up the black bowl next to the ramekin and place it on the plate,glass_blur,3,27,1027,False,280
spatial,1,pick up the black bowl next to the ramekin and place it on the plate,glass_blur,3,28,1028,False,280
spatial,1,pick up the black bowl next to the ramekin and place it on the plate,glass_blur,3,29,1029,False,280
spatial,1,pick up the black bowl next to the ramekin and place it on the plate,glass_blur,3,30,1030,False,280
spatial,1,pick up the black bowl next to the ramekin and place it on the plate,glass_blur,3,31,1031,False,280
spatial,1,pick up the black bowl next to the ramekin and place it on the plate,glass_blur,3,32,1032,False,280
spatial,1,pick up the black bowl next to the ramekin and place it on the plate,glass_blur,3,33,1033,False,280
spatial,1,pick up the black bowl next to the ramekin and place it on the plate,glass_blur,3,34,1034,False,280
spatial,1,pick up the black bowl next to the ramekin and place it on the plate,glass_blur,3,35,1035,False,280
spatial,1,pick up the black bowl next to the ramekin and place it on the plate,glass_blur,3,36,1036,False,280
spatial,1,pick up the black bowl next to the ramekin and place it on the plate,glass_blur,3,37,1037,False,280
spatial,1,pick up the black bowl next to the ramekin and place it on the plate,glass_blur,3,38,1038,False,280
spatial,1,pick up the black bowl next to the ramekin and place it on the plate,glass_blur,3,39,1039,False,280
spatial,1,pick up the black bowl next to the ramekin and place it on the plate,glass_blur,3,40,1040,False,280
spatial,1,pick up the black bowl next to the ramekin and place it on the plate,glass_blur,3,41,1041,False,280
spatial,1,pick up the black bowl next to the ramekin and place it on the plate,glass_blur,3,42,1042,False,280
spatial,1,pick up the black bowl next to the ramekin and place it on the plate,glass_blur,3,43,1043,False,280
spatial,1,pick up the black bowl next to the ramekin and place it on the plate,glass_blur,3,44,1044,False,280
spatial,1,pick up the black bowl next to the ramekin and place it on the plate,glass_blur,3,45,1045,False,280
spatial,1,pick up the black bowl next to the ramekin and place it on the plate,glass_blur,3,46,1046,False,280
spatial,1,pick up the black bowl next to the ramekin and place it on the plate,glass_blur,3,47,1047,False,280
spatial,1,pick up the black bowl next to the ramekin and place it on the plate,glass_blur,3,48,1048,False,280
spatial,1,pick up the black bowl next to the ramekin and place it on the plate,glass_blur,3,49,1049,False,280
spatial,2,pick up the black bowl from table center and place it on the plate,clean,0,0,2000,False,280
spatial,2,pick up the black bowl from table center and place it on the plate,clean,0,1,2001,False,280
spatial,2,pick up the black bowl from table center and place it on the plate,clean,0,2,2002,True,101
spatial,2,pick up the black bowl from table center and place it on the plate,clean,0,3,2003,True,107
spatial,2,pick up the black bowl from table center and place it on the plate,clean,0,4,2004,True,92
spatial,2,pick up the black bowl from table center and place it on the plate,clean,0,5,2005,True,92
spatial,2,pick up the black bowl from table center and place it on the plate,clean,0,6,2006,False,280
spatial,2,pick up the black bowl from table center and place it on the plate,clean,0,7,2007,True,103
spatial,2,pick up the black bowl from table center and place it on the plate,clean,0,8,2008,True,98
spatial,2,pick up the black bowl from table center and place it on the plate,clean,0,9,2009,False,280
spatial,2,pick up the black bowl from table center and place it on the plate,clean,0,10,2010,False,280
spatial,2,pick up the black bowl from table center and place it on the plate,clean,0,11,2011,True,93
spatial,2,pick up the black bowl from table center and place it on the plate,clean,0,12,2012,False,280
spatial,2,pick up the black bowl from table center and place it on the plate,clean,0,13,2013,True,93
spatial,2,pick up the black bowl from table center and place it on the plate,clean,0,14,2014,False,280
spatial,2,pick up the black bowl from table center and place it on the plate,clean,0,15,2015,False,280
spatial,2,pick up the black bowl from table center and place it on the plate,clean,0,16,2016,False,280
spatial,2,pick up the black bowl from table center and place it on the plate,clean,0,17,2017,True,93
spatial,2,pick up the black bowl from table center and place it on the plate,clean,0,18,2018,True,101
spatial,2,pick up the black bowl from table center and place it on the plate,clean,0,19,2019,True,99
spatial,2,pick up the black bowl from table center and place it on the plate,clean,0,20,2020,True,99
spatial,2,pick up the black bowl from table center and place it on the plate,clean,0,21,2021,False,280
spatial,2,pick up the black bowl from table center and place it on the plate,clean,0,22,2022,True,93
spatial,2,pick up the black bowl from table center and place it on the plate,clean,0,23,2023,False,280
spatial,2,pick up the black bowl from table center and place it on the plate,clean,0,24,2024,False,280
spatial,2,pick up the black bowl from table center and place it on the plate,clean,0,25,2025,True,92
spatial,2,pick up the black bowl from table center and place it on the plate,clean,0,26,2026,True,104
spatial,2,pick up the black bowl from table center and place it on the plate,clean,0,27,2027,True,100
spatial,2,pick up the black bowl from table center and place it on the plate,clean,0,28,2028,True,89
spatial,2,pick up the black bowl from table center and place it on the plate,clean,0,29,2029,False,280
spatial,2,pick up the black bowl from table center and place it on the plate,clean,0,30,2030,True,91
spatial,2,pick up the black bowl from table center and place it on the plate,clean,0,31,2031,True,104
spatial,2,pick up the black bowl from table center and place it on the plate,clean,0,32,2032,True,89
spatial,2,pick up the black bowl from table center and place it on the plate,clean,0,33,2033,True,91
spatial,2,pick up the black bowl from table center and place it on the plate,clean,0,34,2034,True,99
spatial,2,pick up the black bowl from table center and place it on the plate,clean,0,35,2035,False,280
spatial,2,pick up the black bowl from table center and place it on the plate,clean,0,36,2036,True,108
spatial,2,pick up the black bowl from table center and place it on the plate,clean,0,37,2037,True,108
spatial,2,pick up the black bowl from table center and place it on the plate,clean,0,38,2038,True,100
spatial,2,pick up the black bowl from table center and place it on the plate,clean,0,39,2039,False,280
spatial,2,pick up the black bowl from table center and place it on the plate,clean,0,40,2040,False,280
spatial,2,pick up the black bowl from table center and place it on the plate,clean,0,41,2041,False,280
spatial,2,pick up the black bowl from table center and place it on the plate,clean,0,42,2042,False,280
spatial,2,pick up the black bowl from table center and place it on the plate,clean,0,43,2043,True,110
spatial,2,pick up the black bowl from table center and place it on the plate,clean,0,44,2044,False,280
spatial,2,pick up the black bowl from table center and place it on the plate,clean,0,45,2045,False,280
spatial,2,pick up the black bowl from table center and place it on the plate,clean,0,46,2046,False,280
spatial,2,pick up the black bowl from table center and place it on the plate,clean,0,47,2047,True,103
spatial,2,pick up the black bowl from table center and place it on the plate,clean,0,48,2048,True,94
spatial,2,pick up the black bowl from table center and place it on the plate,clean,0,49,2049,False,280
spatial,2,pick up the black bowl from table center and place it on the plate,motion_blur,3,0,2000,False,280
spatial,2,pick up the black bowl from table center and place it on the plate,motion_blur,3,1,2001,False,280
spatial,2,pick up the black bowl from table center and place it on the plate,motion_blur,3,2,2002,False,280
spatial,2,pick up the black bowl from table center and place it on the plate,motion_blur,3,3,2003,False,280
spatial,2,pick up the black bowl from table center and place it on the plate,motion_blur,3,4,2004,False,280
spatial,2,pick up the black bowl from table center and place it on the plate,motion_blur,3,5,2005,False,280
spatial,2,pick up the black bowl from table center and place it on the plate,motion_blur,3,6,2006,False,280
spatial,2,pick up the black bowl from table center and place it on the plate,motion_blur,3,7,2007,False,280
spatial,2,pick up the black bowl from table center and place it on the plate,motion_blur,3,8,2008,False,280
spatial,2,pick up the black bowl from table center and place it on the plate,motion_blur,3,9,2009,False,280
spatial,2,pick up the black bowl from table center and place it on the plate,motion_blur,3,10,2010,False,280
spatial,2,pick up the black bowl from table center and place it on the plate,motion_blur,3,11,2011,False,280
spatial,2,pick up the black bowl from table center and place it on the plate,motion_blur,3,12,2012,False,280
spatial,2,pick up the black bowl from table center and place it on the plate,motion_blur,3,13,2013,False,280
spatial,2,pick up the black bowl from table center and place it on the plate,motion_blur,3,14,2014,False,280
spatial,2,pick up the black bowl from table center and place it on the plate,motion_blur,3,15,2015,False,280
spatial,2,pick up the black bowl from table center and place it on the plate,motion_blur,3,16,2016,False,280
spatial,2,pick up the black bowl from table center and place it on the plate,motion_blur,3,17,2017,False,280
spatial,2,pick up the black bowl from table center and place it on the plate,motion_blur,3,18,2018,False,280
spatial,2,pick up the black bowl from table center and place it on the plate,motion_blur,3,19,2019,False,280
spatial,2,pick up the black bowl from table center and place it on the plate,motion_blur,3,20,2020,False,280
spatial,2,pick up the black bowl from table center and place it on the plate,motion_blur,3,21,2021,False,280
spatial,2,pick up the black bowl from table center and place it on the plate,motion_blur,3,22,2022,False,280
spatial,2,pick up the black bowl from table center and place it on the plate,motion_blur,3,23,2023,False,280
spatial,2,pick up the black bowl from table center and place it on the plate,motion_blur,3,24,2024,False,280
spatial,2,pick up the black bowl from table center and place it on the plate,motion_blur,3,25,2025,False,280
spatial,2,pick up the black bowl from table center and place it on the plate,motion_blur,3,26,2026,False,280
spatial,2,pick up the black bowl from table center and place it on the plate,motion_blur,3,27,2027,False,280
spatial,2,pick up the black bowl from table center and place it on the plate,motion_blur,3,28,2028,False,280
spatial,2,pick up the black bowl from table center and place it on the plate,motion_blur,3,29,2029,False,280
spatial,2,pick up the black bowl from table center and place it on the plate,motion_blur,3,30,2030,False,280
spatial,2,pick up the black bowl from table center and place it on the plate,motion_blur,3,31,2031,False,280
spatial,2,pick up the black bowl from table center and place it on the plate,motion_blur,3,32,2032,False,280
spatial,2,pick up the black bowl from table center and place it on the plate,motion_blur,3,33,2033,False,280
spatial,2,pick up the black bowl from table center and place it on the plate,motion_blur,3,34,2034,False,280
spatial,2,pick up the black bowl from table center and place it on the plate,motion_blur,3,35,2035,False,280
spatial,2,pick up the black bowl from table center and place it on the plate,motion_blur,3,36,2036,False,280
spatial,2,pick up the black bowl from table center and place it on the plate,motion_blur,3,37,2037,False,280
spatial,2,pick up the black bowl from table center and place it on the plate,motion_blur,3,38,2038,False,280
spatial,2,pick up the black bowl from table center and place it on the plate,motion_blur,3,39,2039,False,280
spatial,2,pick up the black bowl from table center and place it on the plate,motion_blur,3,40,2040,False,280
spatial,2,pick up the black bowl from table center and place it on the plate,motion_blur,3,41,2041,False,280
spatial,2,pick up the black bowl from table center and place it on the plate,motion_blur,3,42,2042,False,280
spatial,2,pick up the black bowl from table center and place it on the plate,motion_blur,3,43,2043,False,280
spatial,2,pick up the black bowl from table center and place it on the plate,motion_blur,3,44,2044,False,280
spatial,2,pick up the black bowl from table center and place it on the plate,motion_blur,3,45,2045,False,280
spatial,2,pick up the black bowl from table center and place it on the plate,motion_blur,3,46,2046,False,280
spatial,2,pick up the black bowl from table center and place it on the plate,motion_blur,3,47,2047,False,280
spatial,2,pick up the black bowl from table center and place it on the plate,motion_blur,3,48,2048,False,280
spatial,2,pick up the black bowl from table center and place it on the plate,motion_blur,3,49,2049,False,280
spatial,2,pick up the black bowl from table center and place it on the plate,gaussian_blur,3,0,2000,False,280
spatial,2,pick up the black bowl from table center and place it on the plate,gaussian_blur,3,1,2001,False,280
spatial,2,pick up the black bowl from table center and place it on the plate,gaussian_blur,3,2,2002,False,280
spatial,2,pick up the black bowl from table center and place it on the plate,gaussian_blur,3,3,2003,False,280
spatial,2,pick up the black bowl from table center and place it on the plate,gaussian_blur,3,4,2004,False,280
spatial,2,pick up the black bowl from table center and place it on the plate,gaussian_blur,3,5,2005,False,280
spatial,2,pick up the black bowl from table center and place it on the plate,gaussian_blur,3,6,2006,False,280
spatial,2,pick up the black bowl from table center and place it on the plate,gaussian_blur,3,7,2007,False,280
spatial,2,pick up the black bowl from table center and place it on the plate,gaussian_blur,3,8,2008,False,280
spatial,2,pick up the black bowl from table center and place it on the plate,gaussian_blur,3,9,2009,False,280
spatial,2,pick up the black bowl from table center and place it on the plate,gaussian_blur,3,10,2010,False,280
spatial,2,pick up the black bowl from table center and place it on the plate,gaussian_blur,3,11,2011,False,280
spatial,2,pick up the black bowl from table center and place it on the plate,gaussian_blur,3,12,2012,False,280
spatial,2,pick up the black bowl from table center and place it on the plate,gaussian_blur,3,13,2013,False,280
spatial,2,pick up the black bowl from table center and place it on the plate,gaussian_blur,3,14,2014,False,280
spatial,2,pick up the black bowl from table center and place it on the plate,gaussian_blur,3,15,2015,False,280
spatial,2,pick up the black bowl from table center and place it on the plate,gaussian_blur,3,16,2016,False,280
spatial,2,pick up the black bowl from table center and place it on the plate,gaussian_blur,3,17,2017,False,280
spatial,2,pick up the black bowl from table center and place it on the plate,gaussian_blur,3,18,2018,False,280
spatial,2,pick up the black bowl from table center and place it on the plate,gaussian_blur,3,19,2019,False,280
spatial,2,pick up the black bowl from table center and place it on the plate,gaussian_blur,3,20,2020,False,280
spatial,2,pick up the black bowl from table center and place it on the plate,gaussian_blur,3,21,2021,False,280
spatial,2,pick up the black bowl from table center and place it on the plate,gaussian_blur,3,22,2022,False,280
spatial,2,pick up the black bowl from table center and place it on the plate,gaussian_blur,3,23,2023,False,280
spatial,2,pick up the black bowl from table center and place it on the plate,gaussian_blur,3,24,2024,False,280
spatial,2,pick up the black bowl from table center and place it on the plate,gaussian_blur,3,25,2025,False,280
spatial,2,pick up the black bowl from table center and place it on the plate,gaussian_blur,3,26,2026,False,280
spatial,2,pick up the black bowl from table center and place it on the plate,gaussian_blur,3,27,2027,False,280
spatial,2,pick up the black bowl from table center and place it on the plate,gaussian_blur,3,28,2028,False,280
spatial,2,pick up the black bowl from table center and place it on the plate,gaussian_blur,3,29,2029,False,280
spatial,2,pick up the black bowl from table center and place it on the plate,gaussian_blur,3,30,2030,False,280
spatial,2,pick up the black bowl from table center and place it on the plate,gaussian_blur,3,31,2031,False,280
spatial,2,pick up the black bowl from table center and place it on the plate,gaussian_blur,3,32,2032,False,280
spatial,2,pick up the black bowl from table center and place it on the plate,gaussian_blur,3,33,2033,False,280
spatial,2,pick up the black bowl from table center and place it on the plate,gaussian_blur,3,34,2034,False,280
spatial,2,pick up the black bowl from table center and place it on the plate,gaussian_blur,3,35,2035,False,280
spatial,2,pick up the black bowl from table center and place it on the plate,gaussian_blur,3,36,2036,False,280
spatial,2,pick up the black bowl from table center and place it on the plate,gaussian_blur,3,37,2037,False,280
spatial,2,pick up the black bowl from table center and place it on the plate,gaussian_blur,3,38,2038,False,280
spatial,2,pick up the black bowl from table center and place it on the plate,gaussian_blur,3,39,2039,False,280
spatial,2,pick up the black bowl from table center and place it on the plate,gaussian_blur,3,40,2040,False,280
spatial,2,pick up the black bowl from table center and place it on the plate,gaussian_blur,3,41,2041,False,280
spatial,2,pick up the black bowl from table center and place it on the plate,gaussian_blur,3,42,2042,False,280
spatial,2,pick up the black bowl from table center and place it on the plate,gaussian_blur,3,43,2043,False,280
spatial,2,pick up the black bowl from table center and place it on the plate,gaussian_blur,3,44,2044,False,280
spatial,2,pick up the black bowl from table center and place it on the plate,gaussian_blur,3,45,2045,False,280
spatial,2,pick up the black bowl from table center and place it on the plate,gaussian_blur,3,46,2046,False,280
spatial,2,pick up the black bowl from table center and place it on the plate,gaussian_blur,3,47,2047,False,280
spatial,2,pick up the black bowl from table center and place it on the plate,gaussian_blur,3,48,2048,False,280
spatial,2,pick up the black bowl from table center and place it on the plate,gaussian_blur,3,49,2049,False,280
spatial,2,pick up the black bowl from table center and place it on the plate,zoom_blur,3,0,2000,False,280
spatial,2,pick up the black bowl from table center and place it on the plate,zoom_blur,3,1,2001,True,183
spatial,2,pick up the black bowl from table center and place it on the plate,zoom_blur,3,2,2002,True,127
spatial,2,pick up the black bowl from table center and place it on the plate,zoom_blur,3,3,2003,True,126
spatial,2,pick up the black bowl from table center and place it on the plate,zoom_blur,3,4,2004,True,115
spatial,2,pick up the black bowl from table center and place it on the plate,zoom_blur,3,5,2005,False,280
spatial,2,pick up the black bowl from table center and place it on the plate,zoom_blur,3,6,2006,False,280
spatial,2,pick up the black bowl from table center and place it on the plate,zoom_blur,3,7,2007,True,140
spatial,2,pick up the black bowl from table center and place it on the plate,zoom_blur,3,8,2008,False,280
spatial,2,pick up the black bowl from table center and place it on the plate,zoom_blur,3,9,2009,True,115
spatial,2,pick up the black bowl from table center and place it on the plate,zoom_blur,3,10,2010,True,125
spatial,2,pick up the black bowl from table center and place it on the plate,zoom_blur,3,11,2011,True,109
spatial,2,pick up the black bowl from table center and place it on the plate,zoom_blur,3,12,2012,True,137
spatial,2,pick up the black bowl from table center and place it on the plate,zoom_blur,3,13,2013,True,142
spatial,2,pick up the black bowl from table center and place it on the plate,zoom_blur,3,14,2014,False,280
spatial,2,pick up the black bowl from table center and place it on the plate,zoom_blur,3,15,2015,False,280
spatial,2,pick up the black bowl from table center and place it on the plate,zoom_blur,3,16,2016,True,130
spatial,2,pick up the black bowl from table center and place it on the plate,zoom_blur,3,17,2017,True,142
spatial,2,pick up the black bowl from table center and place it on the plate,zoom_blur,3,18,2018,False,280
spatial,2,pick up the black bowl from table center and place it on the plate,zoom_blur,3,19,2019,True,142
spatial,2,pick up the black bowl from table center and place it on the plate,zoom_blur,3,20,2020,False,280
spatial,2,pick up the black bowl from table center and place it on the plate,zoom_blur,3,21,2021,True,127
spatial,2,pick up the black bowl from table center and place it on the plate,zoom_blur,3,22,2022,True,122
spatial,2,pick up the black bowl from table center and place it on the plate,zoom_blur,3,23,2023,False,280
spatial,2,pick up the black bowl from table center and place it on the plate,zoom_blur,3,24,2024,False,280
spatial,2,pick up the black bowl from table center and place it on the plate,zoom_blur,3,25,2025,False,280
spatial,2,pick up the black bowl from table center and place it on the plate,zoom_blur,3,26,2026,False,280
spatial,2,pick up the black bowl from table center and place it on the plate,zoom_blur,3,27,2027,False,280
spatial,2,pick up the black bowl from table center and place it on the plate,zoom_blur,3,28,2028,False,280
spatial,2,pick up the black bowl from table center and place it on the plate,zoom_blur,3,29,2029,True,126
spatial,2,pick up the black bowl from table center and place it on the plate,zoom_blur,3,30,2030,True,120
spatial,2,pick up the black bowl from table center and place it on the plate,zoom_blur,3,31,2031,False,280
spatial,2,pick up the black bowl from table center and place it on the plate,zoom_blur,3,32,2032,True,127
spatial,2,pick up the black bowl from table center and place it on the plate,zoom_blur,3,33,2033,False,280
spatial,2,pick up the black bowl from table center and place it on the plate,zoom_blur,3,34,2034,True,130
spatial,2,pick up the black bowl from table center and place it on the plate,zoom_blur,3,35,2035,True,123
spatial,2,pick up the black bowl from table center and place it on the plate,zoom_blur,3,36,2036,True,121
spatial,2,pick up the black bowl from table center and place it on the plate,zoom_blur,3,37,2037,True,101
spatial,2,pick up the black bowl from table center and place it on the plate,zoom_blur,3,38,2038,True,136
spatial,2,pick up the black bowl from table center and place it on the plate,zoom_blur,3,39,2039,True,156
spatial,2,pick up the black bowl from table center and place it on the plate,zoom_blur,3,40,2040,True,118
spatial,2,pick up the black bowl from table center and place it on the plate,zoom_blur,3,41,2041,True,144
spatial,2,pick up the black bowl from table center and place it on the plate,zoom_blur,3,42,2042,False,280
spatial,2,pick up the black bowl from table center and place it on the plate,zoom_blur,3,43,2043,False,280
spatial,2,pick up the black bowl from table center and place it on the plate,zoom_blur,3,44,2044,True,117
spatial,2,pick up the black bowl from table center and place it on the plate,zoom_blur,3,45,2045,True,140
spatial,2,pick up the black bowl from table center and place it on the plate,zoom_blur,3,46,2046,True,101
spatial,2,pick up the black bowl from table center and place it on the plate,zoom_blur,3,47,2047,False,280
spatial,2,pick up the black bowl from table center and place it on the plate,zoom_blur,3,48,2048,True,140
spatial,2,pick up the black bowl from table center and place it on the plate,zoom_blur,3,49,2049,True,153
spatial,2,pick up the black bowl from table center and place it on the plate,fog,3,0,2000,True,94
spatial,2,pick up the black bowl from table center and place it on the plate,fog,3,1,2001,False,280
spatial,2,pick up the black bowl from table center and place it on the plate,fog,3,2,2002,False,280
spatial,2,pick up the black bowl from table center and place it on the plate,fog,3,3,2003,False,280
spatial,2,pick up the black bowl from table center and place it on the plate,fog,3,4,2004,True,119
spatial,2,pick up the black bowl from table center and place it on the plate,fog,3,5,2005,False,280
spatial,2,pick up the black bowl from table center and place it on the plate,fog,3,6,2006,False,280
spatial,2,pick up the black bowl from table center and place it on the plate,fog,3,7,2007,True,111
spatial,2,pick up the black bowl from table center and place it on the plate,fog,3,8,2008,False,280
spatial,2,pick up the black bowl from table center and place it on the plate,fog,3,9,2009,False,280
spatial,2,pick up the black bowl from table center and place it on the plate,fog,3,10,2010,True,117
spatial,2,pick up the black bowl from table center and place it on the plate,fog,3,11,2011,False,280
spatial,2,pick up the black bowl from table center and place it on the plate,fog,3,12,2012,True,120
spatial,2,pick up the black bowl from table center and place it on the plate,fog,3,13,2013,False,280
spatial,2,pick up the black bowl from table center and place it on the plate,fog,3,14,2014,False,280
spatial,2,pick up the black bowl from table center and place it on the plate,fog,3,15,2015,True,108
spatial,2,pick up the black bowl from table center and place it on the plate,fog,3,16,2016,False,280
spatial,2,pick up the black bowl from table center and place it on the plate,fog,3,17,2017,False,280
spatial,2,pick up the black bowl from table center and place it on the plate,fog,3,18,2018,True,112
spatial,2,pick up the black bowl from table center and place it on the plate,fog,3,19,2019,False,280
spatial,2,pick up the black bowl from table center and place it on the plate,fog,3,20,2020,False,280
spatial,2,pick up the black bowl from table center and place it on the plate,fog,3,21,2021,False,280
spatial,2,pick up the black bowl from table center and place it on the plate,fog,3,22,2022,False,280
spatial,2,pick up the black bowl from table center and place it on the plate,fog,3,23,2023,True,105
spatial,2,pick up the black bowl from table center and place it on the plate,fog,3,24,2024,True,115
spatial,2,pick up the black bowl from table center and place it on the plate,fog,3,25,2025,True,114
spatial,2,pick up the black bowl from table center and place it on the plate,fog,3,26,2026,True,111
spatial,2,pick up the black bowl from table center and place it on the plate,fog,3,27,2027,False,280
spatial,2,pick up the black bowl from table center and place it on the plate,fog,3,28,2028,False,280
spatial,2,pick up the black bowl from table center and place it on the plate,fog,3,29,2029,False,280
spatial,2,pick up the black bowl from table center and place it on the plate,fog,3,30,2030,False,280
spatial,2,pick up the black bowl from table center and place it on the plate,fog,3,31,2031,False,280
spatial,2,pick up the black bowl from table center and place it on the plate,fog,3,32,2032,False,280
spatial,2,pick up the black bowl from table center and place it on the plate,fog,3,33,2033,False,280
spatial,2,pick up the black bowl from table center and place it on the plate,fog,3,34,2034,False,280
spatial,2,pick up the black bowl from table center and place it on the plate,fog,3,35,2035,True,103
spatial,2,pick up the black bowl from table center and place it on the plate,fog,3,36,2036,False,280
spatial,2,pick up the black bowl from table center and place it on the plate,fog,3,37,2037,True,108
spatial,2,pick up the black bowl from table center and place it on the plate,fog,3,38,2038,False,280
spatial,2,pick up the black bowl from table center and place it on the plate,fog,3,39,2039,False,280
spatial,2,pick up the black bowl from table center and place it on the plate,fog,3,40,2040,True,99
spatial,2,pick up the black bowl from table center and place it on the plate,fog,3,41,2041,True,101
spatial,2,pick up the black bowl from table center and place it on the plate,fog,3,42,2042,False,280
spatial,2,pick up the black bowl from table center and place it on the plate,fog,3,43,2043,False,280
spatial,2,pick up the black bowl from table center and place it on the plate,fog,3,44,2044,False,280
spatial,2,pick up the black bowl from table center and place it on the plate,fog,3,45,2045,False,280
spatial,2,pick up the black bowl from table center and place it on the plate,fog,3,46,2046,True,121
spatial,2,pick up the black bowl from table center and place it on the plate,fog,3,47,2047,True,105
spatial,2,pick up the black bowl from table center and place it on the plate,fog,3,48,2048,False,280
spatial,2,pick up the black bowl from table center and place it on the plate,fog,3,49,2049,True,113
spatial,2,pick up the black bowl from table center and place it on the plate,glass_blur,3,0,2000,False,280
spatial,2,pick up the black bowl from table center and place it on the plate,glass_blur,3,1,2001,False,280
spatial,2,pick up the black bowl from table center and place it on the plate,glass_blur,3,2,2002,False,280
spatial,2,pick up the black bowl from table center and place it on the plate,glass_blur,3,3,2003,False,280
spatial,2,pick up the black bowl from table center and place it on the plate,glass_blur,3,4,2004,True,125
spatial,2,pick up the black bowl from table center and place it on the plate,glass_blur,3,5,2005,False,280
spatial,2,pick up the black bowl from table center and place it on the plate,glass_blur,3,6,2006,False,280
spatial,2,pick up the black bowl from table center and place it on the plate,glass_blur,3,7,2007,False,280
spatial,2,pick up the black bowl from table center and place it on the plate,glass_blur,3,8,2008,False,280
spatial,2,pick up the black bowl from table center and place it on the plate,glass_blur,3,9,2009,True,124
spatial,2,pick up the black bowl from table center and place it on the plate,glass_blur,3,10,2010,False,280
spatial,2,pick up the black bowl from table center and place it on the plate,glass_blur,3,11,2011,False,280
spatial,2,pick up the black bowl from table center and place it on the plate,glass_blur,3,12,2012,True,124
spatial,2,pick up the black bowl from table center and place it on the plate,glass_blur,3,13,2013,False,280
spatial,2,pick up the black bowl from table center and place it on the plate,glass_blur,3,14,2014,False,280
spatial,2,pick up the black bowl from table center and place it on the plate,glass_blur,3,15,2015,False,280
spatial,2,pick up the black bowl from table center and place it on the plate,glass_blur,3,16,2016,False,280
spatial,2,pick up the black bowl from table center and place it on the plate,glass_blur,3,17,2017,False,280
spatial,2,pick up the black bowl from table center and place it on the plate,glass_blur,3,18,2018,False,280
spatial,2,pick up the black bowl from table center and place it on the plate,glass_blur,3,19,2019,False,280
spatial,2,pick up the black bowl from table center and place it on the plate,glass_blur,3,20,2020,True,119
spatial,2,pick up the black bowl from table center and place it on the plate,glass_blur,3,21,2021,False,280
spatial,2,pick up the black bowl from table center and place it on the plate,glass_blur,3,22,2022,False,280
spatial,2,pick up the black bowl from table center and place it on the plate,glass_blur,3,23,2023,False,280
spatial,2,pick up the black bowl from table center and place it on the plate,glass_blur,3,24,2024,False,280
spatial,2,pick up the black bowl from table center and place it on the plate,glass_blur,3,25,2025,False,280
spatial,2,pick up the black bowl from table center and place it on the plate,glass_blur,3,26,2026,False,280
spatial,2,pick up the black bowl from table center and place it on the plate,glass_blur,3,27,2027,True,141
spatial,2,pick up the black bowl from table center and place it on the plate,glass_blur,3,28,2028,False,280
spatial,2,pick up the black bowl from table center and place it on the plate,glass_blur,3,29,2029,False,280
spatial,2,pick up the black bowl from table center and place it on the plate,glass_blur,3,30,2030,True,128
spatial,2,pick up the black bowl from table center and place it on the plate,glass_blur,3,31,2031,False,280
spatial,2,pick up the black bowl from table center and place it on the plate,glass_blur,3,32,2032,False,280
spatial,2,pick up the black bowl from table center and place it on the plate,glass_blur,3,33,2033,False,280
spatial,2,pick up the black bowl from table center and place it on the plate,glass_blur,3,34,2034,False,280
spatial,2,pick up the black bowl from table center and place it on the plate,glass_blur,3,35,2035,True,118
spatial,2,pick up the black bowl from table center and place it on the plate,glass_blur,3,36,2036,False,280
spatial,2,pick up the black bowl from table center and place it on the plate,glass_blur,3,37,2037,False,280
spatial,2,pick up the black bowl from table center and place it on the plate,glass_blur,3,38,2038,False,280
spatial,2,pick up the black bowl from table center and place it on the plate,glass_blur,3,39,2039,False,280
spatial,2,pick up the black bowl from table center and place it on the plate,glass_blur,3,40,2040,False,280
spatial,2,pick up the black bowl from table center and place it on the plate,glass_blur,3,41,2041,False,280
spatial,2,pick up the black bowl from table center and place it on the plate,glass_blur,3,42,2042,True,141
spatial,2,pick up the black bowl from table center and place it on the plate,glass_blur,3,43,2043,False,280
spatial,2,pick up the black bowl from table center and place it on the plate,glass_blur,3,44,2044,True,125
spatial,2,pick up the black bowl from table center and place it on the plate,glass_blur,3,45,2045,False,280
spatial,2,pick up the black bowl from table center and place it on the plate,glass_blur,3,46,2046,False,280
spatial,2,pick up the black bowl from table center and place it on the plate,glass_blur,3,47,2047,False,280
spatial,2,pick up the black bowl from table center and place it on the plate,glass_blur,3,48,2048,False,280
spatial,2,pick up the black bowl from table center and place it on the plate,glass_blur,3,49,2049,False,280
spatial,3,pick up the black bowl on the cookie box and place it on the plate,clean,0,0,3000,False,280
spatial,3,pick up the black bowl on the cookie box and place it on the plate,clean,0,1,3001,True,85
spatial,3,pick up the black bowl on the cookie box and place it on the plate,clean,0,2,3002,True,89
spatial,3,pick up the black bowl on the cookie box and place it on the plate,clean,0,3,3003,True,87
spatial,3,pick up the black bowl on the cookie box and place it on the plate,clean,0,4,3004,True,94
spatial,3,pick up the black bowl on the cookie box and place it on the plate,clean,0,5,3005,True,78
spatial,3,pick up the black bowl on the cookie box and place it on the plate,clean,0,6,3006,False,280
spatial,3,pick up the black bowl on the cookie box and place it on the plate,clean,0,7,3007,True,82
spatial,3,pick up the black bowl on the cookie box and place it on the plate,clean,0,8,3008,True,89
spatial,3,pick up the black bowl on the cookie box and place it on the plate,clean,0,9,3009,True,82
spatial,3,pick up the black bowl on the cookie box and place it on the plate,clean,0,10,3010,True,82
spatial,3,pick up the black bowl on the cookie box and place it on the plate,clean,0,11,3011,True,83
spatial,3,pick up the black bowl on the cookie box and place it on the plate,clean,0,12,3012,True,78
spatial,3,pick up the black bowl on the cookie box and place it on the plate,clean,0,13,3013,True,85
spatial,3,pick up the black bowl on the cookie box and place it on the plate,clean,0,14,3014,False,280
spatial,3,pick up the black bowl on the cookie box and place it on the plate,clean,0,15,3015,True,86
spatial,3,pick up the black bowl on the cookie box and place it on the plate,clean,0,16,3016,False,280
spatial,3,pick up the black bowl on the cookie box and place it on the plate,clean,0,17,3017,True,92
spatial,3,pick up the black bowl on the cookie box and place it on the plate,clean,0,18,3018,True,83
spatial,3,pick up the black bowl on the cookie box and place it on the plate,clean,0,19,3019,True,87
spatial,3,pick up the black bowl on the cookie box and place it on the plate,clean,0,20,3020,True,88
spatial,3,pick up the black bowl on the cookie box and place it on the plate,clean,0,21,3021,True,86
spatial,3,pick up the black bowl on the cookie box and place it on the plate,clean,0,22,3022,True,81
spatial,3,pick up the black bowl on the cookie box and place it on the plate,clean,0,23,3023,True,96
spatial,3,pick up the black bowl on the cookie box and place it on the plate,clean,0,24,3024,True,87
spatial,3,pick up the black bowl on the cookie box and place it on the plate,clean,0,25,3025,True,85
spatial,3,pick up the black bowl on the cookie box and place it on the plate,clean,0,26,3026,False,280
spatial,3,pick up the black bowl on the cookie box and place it on the plate,clean,0,27,3027,True,82
spatial,3,pick up the black bowl on the cookie box and place it on the plate,clean,0,28,3028,True,91
spatial,3,pick up the black bowl on the cookie box and place it on the plate,clean,0,29,3029,False,280
spatial,3,pick up the black bowl on the cookie box and place it on the plate,clean,0,30,3030,True,91
spatial,3,pick up the black bowl on the cookie box and place it on the plate,clean,0,31,3031,True,86
spatial,3,pick up the black bowl on the cookie box and place it on the plate,clean,0,32,3032,True,87
spatial,3,pick up the black bowl on the cookie box and place it on the plate,clean,0,33,3033,True,82
spatial,3,pick up the black bowl on the cookie box and place it on the plate,clean,0,34,3034,True,89
spatial,3,pick up the black bowl on the cookie box and place it on the plate,clean,0,35,3035,False,280
spatial,3,pick up the black bowl on the cookie box and place it on the plate,clean,0,36,3036,True,91
spatial,3,pick up the black bowl on the cookie box and place it on the plate,clean,0,37,3037,True,85
spatial,3,pick up the black bowl on the cookie box and place it on the plate,clean,0,38,3038,True,88
spatial,3,pick up the black bowl on the cookie box and place it on the plate,clean,0,39,3039,True,81
spatial,3,pick up the black bowl on the cookie box and place it on the plate,clean,0,40,3040,True,84
spatial,3,pick up the black bowl on the cookie box and place it on the plate,clean,0,41,3041,True,90
spatial,3,pick up the black bowl on the cookie box and place it on the plate,clean,0,42,3042,True,88
spatial,3,pick up the black bowl on the cookie box and place it on the plate,clean,0,43,3043,False,280
spatial,3,pick up the black bowl on the cookie box and place it on the plate,clean,0,44,3044,True,90
spatial,3,pick up the black bowl on the cookie box and place it on the plate,clean,0,45,3045,False,280
spatial,3,pick up the black bowl on the cookie box and place it on the plate,clean,0,46,3046,True,99
spatial,3,pick up the black bowl on the cookie box and place it on the plate,clean,0,47,3047,True,87
spatial,3,pick up the black bowl on the cookie box and place it on the plate,clean,0,48,3048,True,89
spatial,3,pick up the black bowl on the cookie box and place it on the plate,clean,0,49,3049,True,90
spatial,3,pick up the black bowl on the cookie box and place it on the plate,motion_blur,3,0,3000,False,280
spatial,3,pick up the black bowl on the cookie box and place it on the plate,motion_blur,3,1,3001,False,280
spatial,3,pick up the black bowl on the cookie box and place it on the plate,motion_blur,3,2,3002,False,280
spatial,3,pick up the black bowl on the cookie box and place it on the plate,motion_blur,3,3,3003,True,95
spatial,3,pick up the black bowl on the cookie box and place it on the plate,motion_blur,3,4,3004,True,101
spatial,3,pick up the black bowl on the cookie box and place it on the plate,motion_blur,3,5,3005,False,280
spatial,3,pick up the black bowl on the cookie box and place it on the plate,motion_blur,3,6,3006,False,280
spatial,3,pick up the black bowl on the cookie box and place it on the plate,motion_blur,3,7,3007,True,89
spatial,3,pick up the black bowl on the cookie box and place it on the plate,motion_blur,3,8,3008,True,107
spatial,3,pick up the black bowl on the cookie box and place it on the plate,motion_blur,3,9,3009,False,280
spatial,3,pick up the black bowl on the cookie box and place it on the plate,motion_blur,3,10,3010,False,280
spatial,3,pick up the black bowl on the cookie box and place it on the plate,motion_blur,3,11,3011,True,95
spatial,3,pick up the black bowl on the cookie box and place it on the plate,motion_blur,3,12,3012,True,90
spatial,3,pick up the black bowl on the cookie box and place it on the plate,motion_blur,3,13,3013,True,105
spatial,3,pick up the black bowl on the cookie box and place it on the plate,motion_blur,3,14,3014,False,280
spatial,3,pick up the black bowl on the cookie box and place it on the plate,motion_blur,3,15,3015,False,280
spatial,3,pick up the black bowl on the cookie box and place it on the plate,motion_blur,3,16,3016,True,89
spatial,3,pick up the black bowl on the cookie box and place it on the plate,motion_blur,3,17,3017,True,98
spatial,3,pick up the black bowl on the cookie box and place it on the plate,motion_blur,3,18,3018,True,100
spatial,3,pick up the black bowl on the cookie box and place it on the plate,motion_blur,3,19,3019,False,280
spatial,3,pick up the black bowl on the cookie box and place it on the plate,motion_blur,3,20,3020,True,101
spatial,3,pick up the black bowl on the cookie box and place it on the plate,motion_blur,3,21,3021,True,94
spatial,3,pick up the black bowl on the cookie box and place it on the plate,motion_blur,3,22,3022,True,111
spatial,3,pick up the black bowl on the cookie box and place it on the plate,motion_blur,3,23,3023,True,88
spatial,3,pick up the black bowl on the cookie box and place it on the plate,motion_blur,3,24,3024,False,280
spatial,3,pick up the black bowl on the cookie box and place it on the plate,motion_blur,3,25,3025,True,91
spatial,3,pick up the black bowl on the cookie box and place it on the plate,motion_blur,3,26,3026,False,280
spatial,3,pick up the black bowl on the cookie box and place it on the plate,motion_blur,3,27,3027,True,101
spatial,3,pick up the black bowl on the cookie box and place it on the plate,motion_blur,3,28,3028,False,280
spatial,3,pick up the black bowl on the cookie box and place it on the plate,motion_blur,3,29,3029,True,96
spatial,3,pick up the black bowl on the cookie box and place it on the plate,motion_blur,3,30,3030,False,280
spatial,3,pick up the black bowl on the cookie box and place it on the plate,motion_blur,3,31,3031,False,280
spatial,3,pick up the black bowl on the cookie box and place it on the plate,motion_blur,3,32,3032,True,87
spatial,3,pick up the black bowl on the cookie box and place it on the plate,motion_blur,3,33,3033,False,280
spatial,3,pick up the black bowl on the cookie box and place it on the plate,motion_blur,3,34,3034,False,280
spatial,3,pick up the black bowl on the cookie box and place it on the plate,motion_blur,3,35,3035,False,280
spatial,3,pick up the black bowl on the cookie box and place it on the plate,motion_blur,3,36,3036,False,280
spatial,3,pick up the black bowl on the cookie box and place it on the plate,motion_blur,3,37,3037,True,93
spatial,3,pick up the black bowl on the cookie box and place it on the plate,motion_blur,3,38,3038,False,280
spatial,3,pick up the black bowl on the cookie box and place it on the plate,motion_blur,3,39,3039,False,280
spatial,3,pick up the black bowl on the cookie box and place it on the plate,motion_blur,3,40,3040,False,280
spatial,3,pick up the black bowl on the cookie box and place it on the plate,motion_blur,3,41,3041,True,90
spatial,3,pick up the black bowl on the cookie box and place it on the plate,motion_blur,3,42,3042,True,89
spatial,3,pick up the black bowl on the cookie box and place it on the plate,motion_blur,3,43,3043,False,280
spatial,3,pick up the black bowl on the cookie box and place it on the plate,motion_blur,3,44,3044,True,103
spatial,3,pick up the black bowl on the cookie box and place it on the plate,motion_blur,3,45,3045,True,84
spatial,3,pick up the black bowl on the cookie box and place it on the plate,motion_blur,3,46,3046,True,82
spatial,3,pick up the black bowl on the cookie box and place it on the plate,motion_blur,3,47,3047,False,280
spatial,3,pick up the black bowl on the cookie box and place it on the plate,motion_blur,3,48,3048,True,92
spatial,3,pick up the black bowl on the cookie box and place it on the plate,motion_blur,3,49,3049,True,91
spatial,3,pick up the black bowl on the cookie box and place it on the plate,gaussian_blur,3,0,3000,False,280
spatial,3,pick up the black bowl on the cookie box and place it on the plate,gaussian_blur,3,1,3001,False,280
spatial,3,pick up the black bowl on the cookie box and place it on the plate,gaussian_blur,3,2,3002,False,280
spatial,3,pick up the black bowl on the cookie box and place it on the plate,gaussian_blur,3,3,3003,False,280
spatial,3,pick up the black bowl on the cookie box and place it on the plate,gaussian_blur,3,4,3004,False,280
spatial,3,pick up the black bowl on the cookie box and place it on the plate,gaussian_blur,3,5,3005,False,280
spatial,3,pick up the black bowl on the cookie box and place it on the plate,gaussian_blur,3,6,3006,False,280
spatial,3,pick up the black bowl on the cookie box and place it on the plate,gaussian_blur,3,7,3007,False,280
spatial,3,pick up the black bowl on the cookie box and place it on the plate,gaussian_blur,3,8,3008,False,280
spatial,3,pick up the black bowl on the cookie box and place it on the plate,gaussian_blur,3,9,3009,False,280
spatial,3,pick up the black bowl on the cookie box and place it on the plate,gaussian_blur,3,10,3010,False,280
spatial,3,pick up the black bowl on the cookie box and place it on the plate,gaussian_blur,3,11,3011,True,82
spatial,3,pick up the black bowl on the cookie box and place it on the plate,gaussian_blur,3,12,3012,False,280
spatial,3,pick up the black bowl on the cookie box and place it on the plate,gaussian_blur,3,13,3013,False,280
spatial,3,pick up the black bowl on the cookie box and place it on the plate,gaussian_blur,3,14,3014,False,280
spatial,3,pick up the black bowl on the cookie box and place it on the plate,gaussian_blur,3,15,3015,False,280
spatial,3,pick up the black bowl on the cookie box and place it on the plate,gaussian_blur,3,16,3016,True,151
spatial,3,pick up the black bowl on the cookie box and place it on the plate,gaussian_blur,3,17,3017,False,280
spatial,3,pick up the black bowl on the cookie box and place it on the plate,gaussian_blur,3,18,3018,False,280
spatial,3,pick up the black bowl on the cookie box and place it on the plate,gaussian_blur,3,19,3019,False,280
spatial,3,pick up the black bowl on the cookie box and place it on the plate,gaussian_blur,3,20,3020,False,280
spatial,3,pick up the black bowl on the cookie box and place it on the plate,gaussian_blur,3,21,3021,False,280
spatial,3,pick up the black bowl on the cookie box and place it on the plate,gaussian_blur,3,22,3022,False,280
spatial,3,pick up the black bowl on the cookie box and place it on the plate,gaussian_blur,3,23,3023,False,280
spatial,3,pick up the black bowl on the cookie box and place it on the plate,gaussian_blur,3,24,3024,False,280
spatial,3,pick up the black bowl on the cookie box and place it on the plate,gaussian_blur,3,25,3025,False,280
spatial,3,pick up the black bowl on the cookie box and place it on the plate,gaussian_blur,3,26,3026,False,280
spatial,3,pick up the black bowl on the cookie box and place it on the plate,gaussian_blur,3,27,3027,False,280
spatial,3,pick up the black bowl on the cookie box and place it on the plate,gaussian_blur,3,28,3028,False,280
spatial,3,pick up the black bowl on the cookie box and place it on the plate,gaussian_blur,3,29,3029,False,280
spatial,3,pick up the black bowl on the cookie box and place it on the plate,gaussian_blur,3,30,3030,False,280
spatial,3,pick up the black bowl on the cookie box and place it on the plate,gaussian_blur,3,31,3031,False,280
spatial,3,pick up the black bowl on the cookie box and place it on the plate,gaussian_blur,3,32,3032,False,280
spatial,3,pick up the black bowl on the cookie box and place it on the plate,gaussian_blur,3,33,3033,False,280
spatial,3,pick up the black bowl on the cookie box and place it on the plate,gaussian_blur,3,34,3034,False,280
spatial,3,pick up the black bowl on the cookie box and place it on the plate,gaussian_blur,3,35,3035,False,280
spatial,3,pick up the black bowl on the cookie box and place it on the plate,gaussian_blur,3,36,3036,False,280
spatial,3,pick up the black bowl on the cookie box and place it on the plate,gaussian_blur,3,37,3037,False,280
spatial,3,pick up the black bowl on the cookie box and place it on the plate,gaussian_blur,3,38,3038,False,280
spatial,3,pick up the black bowl on the cookie box and place it on the plate,gaussian_blur,3,39,3039,False,280
spatial,3,pick up the black bowl on the cookie box and place it on the plate,gaussian_blur,3,40,3040,False,280
spatial,3,pick up the black bowl on the cookie box and place it on the plate,gaussian_blur,3,41,3041,False,280
spatial,3,pick up the black bowl on the cookie box and place it on the plate,gaussian_blur,3,42,3042,False,280
spatial,3,pick up the black bowl on the cookie box and place it on the plate,gaussian_blur,3,43,3043,False,280
spatial,3,pick up the black bowl on the cookie box and place it on the plate,gaussian_blur,3,44,3044,True,101
spatial,3,pick up the black bowl on the cookie box and place it on the plate,gaussian_blur,3,45,3045,False,280
spatial,3,pick up the black bowl on the cookie box and place it on the plate,gaussian_blur,3,46,3046,False,280
spatial,3,pick up the black bowl on the cookie box and place it on the plate,gaussian_blur,3,47,3047,False,280
spatial,3,pick up the black bowl on the cookie box and place it on the plate,gaussian_blur,3,48,3048,False,280
spatial,3,pick up the black bowl on the cookie box and place it on the plate,gaussian_blur,3,49,3049,False,280
spatial,3,pick up the black bowl on the cookie box and place it on the plate,zoom_blur,3,0,3000,True,86
spatial,3,pick up the black bowl on the cookie box and place it on the plate,zoom_blur,3,1,3001,True,82
spatial,3,pick up the black bowl on the cookie box and place it on the plate,zoom_blur,3,2,3002,True,90
spatial,3,pick up the black bowl on the cookie box and place it on the plate,zoom_blur,3,3,3003,False,280
spatial,3,pick up the black bowl on the cookie box and place it on the plate,zoom_blur,3,4,3004,True,93
spatial,3,pick up the black bowl on the cookie box and place it on the plate,zoom_blur,3,5,3005,True,81
spatial,3,pick up the black bowl on the cookie box and place it on the plate,zoom_blur,3,6,3006,True,85
spatial,3,pick up the black bowl on the cookie box and place it on the plate,zoom_blur,3,7,3007,True,73
spatial,3,pick up the black bowl on the cookie box and place it on the plate,zoom_blur,3,8,3008,True,82
spatial,3,pick up the black bowl on the cookie box and place it on the plate,zoom_blur,3,9,3009,True,85
spatial,3,pick up the black bowl on the cookie box and place it on the plate,zoom_blur,3,10,3010,True,78
spatial,3,pick up the black bowl on the cookie box and place it on the plate,zoom_blur,3,11,3011,True,91
spatial,3,pick up the black bowl on the cookie box and place it on the plate,zoom_blur,3,12,3012,False,280
spatial,3,pick up the black bowl on the cookie box and place it on the plate,zoom_blur,3,13,3013,True,99
spatial,3,pick up the black bowl on the cookie box and place it on the plate,zoom_blur,3,14,3014,True,91
spatial,3,pick up the black bowl on the cookie box and place it on the plate,zoom_blur,3,15,3015,True,90
spatial,3,pick up the black bowl on the cookie box and place it on the plate,zoom_blur,3,16,3016,True,83
spatial,3,pick up the black bowl on the cookie box and place it on the plate,zoom_blur,3,17,3017,True,81
spatial,3,pick up the black bowl on the cookie box and place it on the plate,zoom_blur,3,18,3018,False,280
spatial,3,pick up the black bowl on the cookie box and place it on the plate,zoom_blur,3,19,3019,False,280
spatial,3,pick up the black bowl on the cookie box and place it on the plate,zoom_blur,3,20,3020,True,85
spatial,3,pick up the black bowl on the cookie box and place it on the plate,zoom_blur,3,21,3021,True,88
spatial,3,pick up the black bowl on the cookie box and place it on the plate,zoom_blur,3,22,3022,True,89
spatial,3,pick up the black bowl on the cookie box and place it on the plate,zoom_blur,3,23,3023,True,83
spatial,3,pick up the black bowl on the cookie box and place it on the plate,zoom_blur,3,24,3024,True,78
spatial,3,pick up the black bowl on the cookie box and place it on the plate,zoom_blur,3,25,3025,True,87
spatial,3,pick up the black bowl on the cookie box and place it on the plate,zoom_blur,3,26,3026,True,199
spatial,3,pick up the black bowl on the cookie box and place it on the plate,zoom_blur,3,27,3027,True,94
spatial,3,pick up the black bowl on the cookie box and place it on the plate,zoom_blur,3,28,3028,True,76
spatial,3,pick up the black bowl on the cookie box and place it on the plate,zoom_blur,3,29,3029,True,89
spatial,3,pick up the black bowl on the cookie box and place it on the plate,zoom_blur,3,30,3030,True,95
spatial,3,pick up the black bowl on the cookie box and place it on the plate,zoom_blur,3,31,3031,True,82
spatial,3,pick up the black bowl on the cookie box and place it on the plate,zoom_blur,3,32,3032,True,80
spatial,3,pick up the black bowl on the cookie box and place it on the plate,zoom_blur,3,33,3033,True,110
spatial,3,pick up the black bowl on the cookie box and place it on the plate,zoom_blur,3,34,3034,False,280
spatial,3,pick up the black bowl on the cookie box and place it on the plate,zoom_blur,3,35,3035,True,88
spatial,3,pick up the black bowl on the cookie box and place it on the plate,zoom_blur,3,36,3036,False,280
spatial,3,pick up the black bowl on the cookie box and place it on the plate,zoom_blur,3,37,3037,True,81
spatial,3,pick up the black bowl on the cookie box and place it on the plate,zoom_blur,3,38,3038,True,84
spatial,3,pick up the black bowl on the cookie box and place it on the plate,zoom_blur,3,39,3039,True,83
spatial,3,pick up the black bowl on the cookie box and place it on the plate,zoom_blur,3,40,3040,True,92
spatial,3,pick up the black bowl on the cookie box and place it on the plate,zoom_blur,3,41,3041,True,79
spatial,3,pick up the black bowl on the cookie box and place it on the plate,zoom_blur,3,42,3042,False,280
spatial,3,pick up the black bowl on the cookie box and place it on the plate,zoom_blur,3,43,3043,True,86
spatial,3,pick up the black bowl on the cookie box and place it on the plate,zoom_blur,3,44,3044,True,79
spatial,3,pick up the black bowl on the cookie box and place it on the plate,zoom_blur,3,45,3045,True,92
spatial,3,pick up the black bowl on the cookie box and place it on the plate,zoom_blur,3,46,3046,True,111
spatial,3,pick up the black bowl on the cookie box and place it on the plate,zoom_blur,3,47,3047,True,94
spatial,3,pick up the black bowl on the cookie box and place it on the plate,zoom_blur,3,48,3048,True,78
spatial,3,pick up the black bowl on the cookie box and place it on the plate,zoom_blur,3,49,3049,True,87
spatial,3,pick up the black bowl on the cookie box and place it on the plate,fog,3,0,3000,True,91
spatial,3,pick up the black bowl on the cookie box and place it on the plate,fog,3,1,3001,True,82
spatial,3,pick up the black bowl on the cookie box and place it on the plate,fog,3,2,3002,True,81
spatial,3,pick up the black bowl on the cookie box and place it on the plate,fog,3,3,3003,True,89
spatial,3,pick up the black bowl on the cookie box and place it on the plate,fog,3,4,3004,True,82
spatial,3,pick up the black bowl on the cookie box and place it on the plate,fog,3,5,3005,True,80
spatial,3,pick up the black bowl on the cookie box and place it on the plate,fog,3,6,3006,True,96
spatial,3,pick up the black bowl on the cookie box and place it on the plate,fog,3,7,3007,True,84
spatial,3,pick up the black bowl on the cookie box and place it on the plate,fog,3,8,3008,True,81
spatial,3,pick up the black bowl on the cookie box and place it on the plate,fog,3,9,3009,False,280
spatial,3,pick up the black bowl on the cookie box and place it on the plate,fog,3,10,3010,False,280
spatial,3,pick up the black bowl on the cookie box and place it on the plate,fog,3,11,3011,True,83
spatial,3,pick up the black bowl on the cookie box and place it on the plate,fog,3,12,3012,True,99
spatial,3,pick up the black bowl on the cookie box and place it on the plate,fog,3,13,3013,True,101
spatial,3,pick up the black bowl on the cookie box and place it on the plate,fog,3,14,3014,True,84
spatial,3,pick up the black bowl on the cookie box and place it on the plate,fog,3,15,3015,True,89
spatial,3,pick up the black bowl on the cookie box and place it on the plate,fog,3,16,3016,True,84
spatial,3,pick up the black bowl on the cookie box and place it on the plate,fog,3,17,3017,True,91
spatial,3,pick up the black bowl on the cookie box and place it on the plate,fog,3,18,3018,True,86
spatial,3,pick up the black bowl on the cookie box and place it on the plate,fog,3,19,3019,True,87
spatial,3,pick up the black bowl on the cookie box and place it on the plate,fog,3,20,3020,True,84
spatial,3,pick up the black bowl on the cookie box and place it on the plate,fog,3,21,3021,True,96
spatial,3,pick up the black bowl on the cookie box and place it on the plate,fog,3,22,3022,True,85
spatial,3,pick up the black bowl on the cookie box and place it on the plate,fog,3,23,3023,False,280
spatial,3,pick up the black bowl on the cookie box and place it on the plate,fog,3,24,3024,False,280
spatial,3,pick up the black bowl on the cookie box and place it on the plate,fog,3,25,3025,True,86
spatial,3,pick up the black bowl on the cookie box and place it on the plate,fog,3,26,3026,True,86
spatial,3,pick up the black bowl on the cookie box and place it on the plate,fog,3,27,3027,False,280
spatial,3,pick up the black bowl on the cookie box and place it on the plate,fog,3,28,3028,True,83
spatial,3,pick up the black bowl on the cookie box and place it on the plate,fog,3,29,3029,True,76
spatial,3,pick up the black bowl on the cookie box and place it on the plate,fog,3,30,3030,True,83
spatial,3,pick up the black bowl on the cookie box and place it on the plate,fog,3,31,3031,False,280
spatial,3,pick up the black bowl on the cookie box and place it on the plate,fog,3,32,3032,True,87
spatial,3,pick up the black bowl on the cookie box and place it on the plate,fog,3,33,3033,True,90
spatial,3,pick up the black bowl on the cookie box and place it on the plate,fog,3,34,3034,True,101
spatial,3,pick up the black bowl on the cookie box and place it on the plate,fog,3,35,3035,True,82
spatial,3,pick up the black bowl on the cookie box and place it on the plate,fog,3,36,3036,True,80
spatial,3,pick up the black bowl on the cookie box and place it on the plate,fog,3,37,3037,True,88
spatial,3,pick up the black bowl on the cookie box and place it on the plate,fog,3,38,3038,True,86
spatial,3,pick up the black bowl on the cookie box and place it on the plate,fog,3,39,3039,True,88
spatial,3,pick up the black bowl on the cookie box and place it on the plate,fog,3,40,3040,False,280
spatial,3,pick up the black bowl on the cookie box and place it on the plate,fog,3,41,3041,True,74
spatial,3,pick up the black bowl on the cookie box and place it on the plate,fog,3,42,3042,False,280
spatial,3,pick up the black bowl on the cookie box and place it on the plate,fog,3,43,3043,True,85
spatial,3,pick up the black bowl on the cookie box and place it on the plate,fog,3,44,3044,True,85
spatial,3,pick up the black bowl on the cookie box and place it on the plate,fog,3,45,3045,True,87
spatial,3,pick up the black bowl on the cookie box and place it on the plate,fog,3,46,3046,True,90
spatial,3,pick up the black bowl on the cookie box and place it on the plate,fog,3,47,3047,True,86
spatial,3,pick up the black bowl on the cookie box and place it on the plate,fog,3,48,3048,True,78
spatial,3,pick up the black bowl on the cookie box and place it on the plate,fog,3,49,3049,True,80
spatial,3,pick up the black bowl on the cookie box and place it on the plate,glass_blur,3,0,3000,False,280
spatial,3,pick up the black bowl on the cookie box and place it on the plate,glass_blur,3,1,3001,False,280
spatial,3,pick up the black bowl on the cookie box and place it on the plate,glass_blur,3,2,3002,False,280
spatial,3,pick up the black bowl on the cookie box and place it on the plate,glass_blur,3,3,3003,False,280
spatial,3,pick up the black bowl on the cookie box and place it on the plate,glass_blur,3,4,3004,False,280
spatial,3,pick up the black bowl on the cookie box and place it on the plate,glass_blur,3,5,3005,False,280
spatial,3,pick up the black bowl on the cookie box and place it on the plate,glass_blur,3,6,3006,False,280
spatial,3,pick up the black bowl on the cookie box and place it on the plate,glass_blur,3,7,3007,False,280
spatial,3,pick up the black bowl on the cookie box and place it on the plate,glass_blur,3,8,3008,False,280
spatial,3,pick up the black bowl on the cookie box and place it on the plate,glass_blur,3,9,3009,False,280
spatial,3,pick up the black bowl on the cookie box and place it on the plate,glass_blur,3,10,3010,False,280
spatial,3,pick up the black bowl on the cookie box and place it on the plate,glass_blur,3,11,3011,False,280
spatial,3,pick up the black bowl on the cookie box and place it on the plate,glass_blur,3,12,3012,False,280
spatial,3,pick up the black bowl on the cookie box and place it on the plate,glass_blur,3,13,3013,False,280
spatial,3,pick up the black bowl on the cookie box and place it on the plate,glass_blur,3,14,3014,False,280
spatial,3,pick up the black bowl on the cookie box and place it on the plate,glass_blur,3,15,3015,False,280
spatial,3,pick up the black bowl on the cookie box and place it on the plate,glass_blur,3,16,3016,True,205
spatial,3,pick up the black bowl on the cookie box and place it on the plate,glass_blur,3,17,3017,True,211
spatial,3,pick up the black bowl on the cookie box and place it on the plate,glass_blur,3,18,3018,False,280
spatial,3,pick up the black bowl on the cookie box and place it on the plate,glass_blur,3,19,3019,False,280
spatial,3,pick up the black bowl on the cookie box and place it on the plate,glass_blur,3,20,3020,False,280
spatial,3,pick up the black bowl on the cookie box and place it on the plate,glass_blur,3,21,3021,False,280
spatial,3,pick up the black bowl on the cookie box and place it on the plate,glass_blur,3,22,3022,False,280
spatial,3,pick up the black bowl on the cookie box and place it on the plate,glass_blur,3,23,3023,False,280
spatial,3,pick up the black bowl on the cookie box and place it on the plate,glass_blur,3,24,3024,False,280
spatial,3,pick up the black bowl on the cookie box and place it on the plate,glass_blur,3,25,3025,False,280
spatial,3,pick up the black bowl on the cookie box and place it on the plate,glass_blur,3,26,3026,False,280
spatial,3,pick up the black bowl on the cookie box and place it on the plate,glass_blur,3,27,3027,False,280
spatial,3,pick up the black bowl on the cookie box and place it on the plate,glass_blur,3,28,3028,False,280
spatial,3,pick up the black bowl on the cookie box and place it on the plate,glass_blur,3,29,3029,False,280
spatial,3,pick up the black bowl on the cookie box and place it on the plate,glass_blur,3,30,3030,False,280
spatial,3,pick up the black bowl on the cookie box and place it on the plate,glass_blur,3,31,3031,False,280
spatial,3,pick up the black bowl on the cookie box and place it on the plate,glass_blur,3,32,3032,False,280
spatial,3,pick up the black bowl on the cookie box and place it on the plate,glass_blur,3,33,3033,False,280
spatial,3,pick up the black bowl on the cookie box and place it on the plate,glass_blur,3,34,3034,False,280
spatial,3,pick up the black bowl on the cookie box and place it on the plate,glass_blur,3,35,3035,False,280
spatial,3,pick up the black bowl on the cookie box and place it on the plate,glass_blur,3,36,3036,False,280
spatial,3,pick up the black bowl on the cookie box and place it on the plate,glass_blur,3,37,3037,False,280
spatial,3,pick up the black bowl on the cookie box and place it on the plate,glass_blur,3,38,3038,True,78
spatial,3,pick up the black bowl on the cookie box and place it on the plate,glass_blur,3,39,3039,False,280
spatial,3,pick up the black bowl on the cookie box and place it on the plate,glass_blur,3,40,3040,False,280
spatial,3,pick up the black bowl on the cookie box and place it on the plate,glass_blur,3,41,3041,False,280
spatial,3,pick up the black bowl on the cookie box and place it on the plate,glass_blur,3,42,3042,False,280
spatial,3,pick up the black bowl on the cookie box and place it on the plate,glass_blur,3,43,3043,True,252
spatial,3,pick up the black bowl on the cookie box and place it on the plate,glass_blur,3,44,3044,False,280
spatial,3,pick up the black bowl on the cookie box and place it on the plate,glass_blur,3,45,3045,False,280
spatial,3,pick up the black bowl on the cookie box and place it on the plate,glass_blur,3,46,3046,False,280
spatial,3,pick up the black bowl on the cookie box and place it on the plate,glass_blur,3,47,3047,False,280
spatial,3,pick up the black bowl on the cookie box and place it on the plate,glass_blur,3,48,3048,False,280
spatial,3,pick up the black bowl on the cookie box and place it on the plate,glass_blur,3,49,3049,False,280
spatial,4,pick up the black bowl in the top drawer of the wooden cabinet and place it on the plate,clean,0,0,4000,True,117
spatial,4,pick up the black bowl in the top drawer of the wooden cabinet and place it on the plate,clean,0,1,4001,True,123
spatial,4,pick up the black bowl in the top drawer of the wooden cabinet and place it on the plate,clean,0,2,4002,True,129
spatial,4,pick up the black bowl in the top drawer of the wooden cabinet and place it on the plate,clean,0,3,4003,True,126
spatial,4,pick up the black bowl in the top drawer of the wooden cabinet and place it on the plate,clean,0,4,4004,True,128
spatial,4,pick up the black bowl in the top drawer of the wooden cabinet and place it on the plate,clean,0,5,4005,True,121
spatial,4,pick up the black bowl in the top drawer of the wooden cabinet and place it on the plate,clean,0,6,4006,True,124
spatial,4,pick up the black bowl in the top drawer of the wooden cabinet and place it on the plate,clean,0,7,4007,True,122
spatial,4,pick up the black bowl in the top drawer of the wooden cabinet and place it on the plate,clean,0,8,4008,True,126
spatial,4,pick up the black bowl in the top drawer of the wooden cabinet and place it on the plate,clean,0,9,4009,True,121
spatial,4,pick up the black bowl in the top drawer of the wooden cabinet and place it on the plate,clean,0,10,4010,True,131
spatial,4,pick up the black bowl in the top drawer of the wooden cabinet and place it on the plate,clean,0,11,4011,True,120
spatial,4,pick up the black bowl in the top drawer of the wooden cabinet and place it on the plate,clean,0,12,4012,True,124
spatial,4,pick up the black bowl in the top drawer of the wooden cabinet and place it on the plate,clean,0,13,4013,False,280
spatial,4,pick up the black bowl in the top drawer of the wooden cabinet and place it on the plate,clean,0,14,4014,True,126
spatial,4,pick up the black bowl in the top drawer of the wooden cabinet and place it on the plate,clean,0,15,4015,True,128
spatial,4,pick up the black bowl in the top drawer of the wooden cabinet and place it on the plate,clean,0,16,4016,True,120
spatial,4,pick up the black bowl in the top drawer of the wooden cabinet and place it on the plate,clean,0,17,4017,True,112
spatial,4,pick up the black bowl in the top drawer of the wooden cabinet and place it on the plate,clean,0,18,4018,True,124
spatial,4,pick up the black bowl in the top drawer of the wooden cabinet and place it on the plate,clean,0,19,4019,True,122
spatial,4,pick up the black bowl in the top drawer of the wooden cabinet and place it on the plate,clean,0,20,4020,True,127
spatial,4,pick up the black bowl in the top drawer of the wooden cabinet and place it on the plate,clean,0,21,4021,True,129
spatial,4,pick up the black bowl in the top drawer of the wooden cabinet and place it on the plate,clean,0,22,4022,True,131
spatial,4,pick up the black bowl in the top drawer of the wooden cabinet and place it on the plate,clean,0,23,4023,True,122
spatial,4,pick up the black bowl in the top drawer of the wooden cabinet and place it on the plate,clean,0,24,4024,True,119
spatial,4,pick up the black bowl in the top drawer of the wooden cabinet and place it on the plate,clean,0,25,4025,True,123
spatial,4,pick up the black bowl in the top drawer of the wooden cabinet and place it on the plate,clean,0,26,4026,True,123
spatial,4,pick up the black bowl in the top drawer of the wooden cabinet and place it on the plate,clean,0,27,4027,True,127
spatial,4,pick up the black bowl in the top drawer of the wooden cabinet and place it on the plate,clean,0,28,4028,True,117
spatial,4,pick up the black bowl in the top drawer of the wooden cabinet and place it on the plate,clean,0,29,4029,True,125
spatial,4,pick up the black bowl in the top drawer of the wooden cabinet and place it on the plate,clean,0,30,4030,True,115
spatial,4,pick up the black bowl in the top drawer of the wooden cabinet and place it on the plate,clean,0,31,4031,False,280
spatial,4,pick up the black bowl in the top drawer of the wooden cabinet and place it on the plate,clean,0,32,4032,True,127
spatial,4,pick up the black bowl in the top drawer of the wooden cabinet and place it on the plate,clean,0,33,4033,True,131
spatial,4,pick up the black bowl in the top drawer of the wooden cabinet and place it on the plate,clean,0,34,4034,True,138
spatial,4,pick up the black bowl in the top drawer of the wooden cabinet and place it on the plate,clean,0,35,4035,True,129
spatial,4,pick up the black bowl in the top drawer of the wooden cabinet and place it on the plate,clean,0,36,4036,True,130
spatial,4,pick up the black bowl in the top drawer of the wooden cabinet and place it on the plate,clean,0,37,4037,True,125
spatial,4,pick up the black bowl in the top drawer of the wooden cabinet and place it on the plate,clean,0,38,4038,True,121
spatial,4,pick up the black bowl in the top drawer of the wooden cabinet and place it on the plate,clean,0,39,4039,True,126
spatial,4,pick up the black bowl in the top drawer of the wooden cabinet and place it on the plate,clean,0,40,4040,True,114
spatial,4,pick up the black bowl in the top drawer of the wooden cabinet and place it on the plate,clean,0,41,4041,False,280
spatial,4,pick up the black bowl in the top drawer of the wooden cabinet and place it on the plate,clean,0,42,4042,False,280
spatial,4,pick up the black bowl in the top drawer of the wooden cabinet and place it on the plate,clean,0,43,4043,False,280
spatial,4,pick up the black bowl in the top drawer of the wooden cabinet and place it on the plate,clean,0,44,4044,True,121
spatial,4,pick up the black bowl in the top drawer of the wooden cabinet and place it on the plate,clean,0,45,4045,False,280
spatial,4,pick up the black bowl in the top drawer of the wooden cabinet and place it on the plate,clean,0,46,4046,True,119
spatial,4,pick up the black bowl in the top drawer of the wooden cabinet and place it on the plate,clean,0,47,4047,True,126
spatial,4,pick up the black bowl in the top drawer of the wooden cabinet and place it on the plate,clean,0,48,4048,True,118
spatial,4,pick up the black bowl in the top drawer of the wooden cabinet and place it on the plate,clean,0,49,4049,True,117
spatial,4,pick up the black bowl in the top drawer of the wooden cabinet and place it on the plate,motion_blur,3,0,4000,False,280
spatial,4,pick up the black bowl in the top drawer of the wooden cabinet and place it on the plate,motion_blur,3,1,4001,False,280
spatial,4,pick up the black bowl in the top drawer of the wooden cabinet and place it on the plate,motion_blur,3,2,4002,False,280
spatial,4,pick up the black bowl in the top drawer of the wooden cabinet and place it on the plate,motion_blur,3,3,4003,False,280
spatial,4,pick up the black bowl in the top drawer of the wooden cabinet and place it on the plate,motion_blur,3,4,4004,False,280
spatial,4,pick up the black bowl in the top drawer of the wooden cabinet and place it on the plate,motion_blur,3,5,4005,False,280
spatial,4,pick up the black bowl in the top drawer of the wooden cabinet and place it on the plate,motion_blur,3,6,4006,False,280
spatial,4,pick up the black bowl in the top drawer of the wooden cabinet and place it on the plate,motion_blur,3,7,4007,False,280
spatial,4,pick up the black bowl in the top drawer of the wooden cabinet and place it on the plate,motion_blur,3,8,4008,False,280
spatial,4,pick up the black bowl in the top drawer of the wooden cabinet and place it on the plate,motion_blur,3,9,4009,False,280
spatial,4,pick up the black bowl in the top drawer of the wooden cabinet and place it on the plate,motion_blur,3,10,4010,False,280
spatial,4,pick up the black bowl in the top drawer of the wooden cabinet and place it on the plate,motion_blur,3,11,4011,False,280
spatial,4,pick up the black bowl in the top drawer of the wooden cabinet and place it on the plate,motion_blur,3,12,4012,False,280
spatial,4,pick up the black bowl in the top drawer of the wooden cabinet and place it on the plate,motion_blur,3,13,4013,False,280
spatial,4,pick up the black bowl in the top drawer of the wooden cabinet and place it on the plate,motion_blur,3,14,4014,False,280
spatial,4,pick up the black bowl in the top drawer of the wooden cabinet and place it on the plate,motion_blur,3,15,4015,False,280
spatial,4,pick up the black bowl in the top drawer of the wooden cabinet and place it on the plate,motion_blur,3,16,4016,False,280
spatial,4,pick up the black bowl in the top drawer of the wooden cabinet and place it on the plate,motion_blur,3,17,4017,False,280
spatial,4,pick up the black bowl in the top drawer of the wooden cabinet and place it on the plate,motion_blur,3,18,4018,False,280
spatial,4,pick up the black bowl in the top drawer of the wooden cabinet and place it on the plate,motion_blur,3,19,4019,False,280
spatial,4,pick up the black bowl in the top drawer of the wooden cabinet and place it on the plate,motion_blur,3,20,4020,False,280
spatial,4,pick up the black bowl in the top drawer of the wooden cabinet and place it on the plate,motion_blur,3,21,4021,False,280
spatial,4,pick up the black bowl in the top drawer of the wooden cabinet and place it on the plate,motion_blur,3,22,4022,False,280
spatial,4,pick up the black bowl in the top drawer of the wooden cabinet and place it on the plate,motion_blur,3,23,4023,False,280
spatial,4,pick up the black bowl in the top drawer of the wooden cabinet and place it on the plate,motion_blur,3,24,4024,False,280
spatial,4,pick up the black bowl in the top drawer of the wooden cabinet and place it on the plate,motion_blur,3,25,4025,False,280
spatial,4,pick up the black bowl in the top drawer of the wooden cabinet and place it on the plate,motion_blur,3,26,4026,False,280
spatial,4,pick up the black bowl in the top drawer of the wooden cabinet and place it on the plate,motion_blur,3,27,4027,False,280
spatial,4,pick up the black bowl in the top drawer of the wooden cabinet and place it on the plate,motion_blur,3,28,4028,False,280
spatial,4,pick up the black bowl in the top drawer of the wooden cabinet and place it on the plate,motion_blur,3,29,4029,False,280
spatial,4,pick up the black bowl in the top drawer of the wooden cabinet and place it on the plate,motion_blur,3,30,4030,False,280
spatial,4,pick up the black bowl in the top drawer of the wooden cabinet and place it on the plate,motion_blur,3,31,4031,False,280
spatial,4,pick up the black bowl in the top drawer of the wooden cabinet and place it on the plate,motion_blur,3,32,4032,False,280
spatial,4,pick up the black bowl in the top drawer of the wooden cabinet and place it on the plate,motion_blur,3,33,4033,False,280
spatial,4,pick up the black bowl in the top drawer of the wooden cabinet and place it on the plate,motion_blur,3,34,4034,False,280
spatial,4,pick up the black bowl in the top drawer of the wooden cabinet and place it on the plate,motion_blur,3,35,4035,False,280
spatial,4,pick up the black bowl in the top drawer of the wooden cabinet and place it on the plate,motion_blur,3,36,4036,False,280
spatial,4,pick up the black bowl in the top drawer of the wooden cabinet and place it on the plate,motion_blur,3,37,4037,False,280
spatial,4,pick up the black bowl in the top drawer of the wooden cabinet and place it on the plate,motion_blur,3,38,4038,False,280
spatial,4,pick up the black bowl in the top drawer of the wooden cabinet and place it on the plate,motion_blur,3,39,4039,False,280
spatial,4,pick up the black bowl in the top drawer of the wooden cabinet and place it on the plate,motion_blur,3,40,4040,False,280
spatial,4,pick up the black bowl in the top drawer of the wooden cabinet and place it on the plate,motion_blur,3,41,4041,False,280
spatial,4,pick up the black bowl in the top drawer of the wooden cabinet and place it on the plate,motion_blur,3,42,4042,False,280
spatial,4,pick up the black bowl in the top drawer of the wooden cabinet and place it on the plate,motion_blur,3,43,4043,False,280
spatial,4,pick up the black bowl in the top drawer of the wooden cabinet and place it on the plate,motion_blur,3,44,4044,False,280
spatial,4,pick up the black bowl in the top drawer of the wooden cabinet and place it on the plate,motion_blur,3,45,4045,False,280
spatial,4,pick up the black bowl in the top drawer of the wooden cabinet and place it on the plate,motion_blur,3,46,4046,False,280
spatial,4,pick up the black bowl in the top drawer of the wooden cabinet and place it on the plate,motion_blur,3,47,4047,False,280
spatial,4,pick up the black bowl in the top drawer of the wooden cabinet and place it on the plate,motion_blur,3,48,4048,False,280
spatial,4,pick up the black bowl in the top drawer of the wooden cabinet and place it on the plate,motion_blur,3,49,4049,False,280
spatial,4,pick up the black bowl in the top drawer of the wooden cabinet and place it on the plate,gaussian_blur,3,0,4000,False,280
spatial,4,pick up the black bowl in the top drawer of the wooden cabinet and place it on the plate,gaussian_blur,3,1,4001,False,280
spatial,4,pick up the black bowl in the top drawer of the wooden cabinet and place it on the plate,gaussian_blur,3,2,4002,False,280
spatial,4,pick up the black bowl in the top drawer of the wooden cabinet and place it on the plate,gaussian_blur,3,3,4003,False,280
spatial,4,pick up the black bowl in the top drawer of the wooden cabinet and place it on the plate,gaussian_blur,3,4,4004,False,280
spatial,4,pick up the black bowl in the top drawer of the wooden cabinet and place it on the plate,gaussian_blur,3,5,4005,False,280
spatial,4,pick up the black bowl in the top drawer of the wooden cabinet and place it on the plate,gaussian_blur,3,6,4006,False,280
spatial,4,pick up the black bowl in the top drawer of the wooden cabinet and place it on the plate,gaussian_blur,3,7,4007,False,280
spatial,4,pick up the black bowl in the top drawer of the wooden cabinet and place it on the plate,gaussian_blur,3,8,4008,False,280
spatial,4,pick up the black bowl in the top drawer of the wooden cabinet and place it on the plate,gaussian_blur,3,9,4009,False,280
spatial,4,pick up the black bowl in the top drawer of the wooden cabinet and place it on the plate,gaussian_blur,3,10,4010,False,280
spatial,4,pick up the black bowl in the top drawer of the wooden cabinet and place it on the plate,gaussian_blur,3,11,4011,False,280
spatial,4,pick up the black bowl in the top drawer of the wooden cabinet and place it on the plate,gaussian_blur,3,12,4012,False,280
spatial,4,pick up the black bowl in the top drawer of the wooden cabinet and place it on the plate,gaussian_blur,3,13,4013,False,280
spatial,4,pick up the black bowl in the top drawer of the wooden cabinet and place it on the plate,gaussian_blur,3,14,4014,False,280
spatial,4,pick up the black bowl in the top drawer of the wooden cabinet and place it on the plate,gaussian_blur,3,15,4015,False,280
spatial,4,pick up the black bowl in the top drawer of the wooden cabinet and place it on the plate,gaussian_blur,3,16,4016,False,280
spatial,4,pick up the black bowl in the top drawer of the wooden cabinet and place it on the plate,gaussian_blur,3,17,4017,False,280
spatial,4,pick up the black bowl in the top drawer of the wooden cabinet and place it on the plate,gaussian_blur,3,18,4018,False,280
spatial,4,pick up the black bowl in the top drawer of the wooden cabinet and place it on the plate,gaussian_blur,3,19,4019,False,280
spatial,4,pick up the black bowl in the top drawer of the wooden cabinet and place it on the plate,gaussian_blur,3,20,4020,False,280
spatial,4,pick up the black bowl in the top drawer of the wooden cabinet and place it on the plate,gaussian_blur,3,21,4021,False,280
spatial,4,pick up the black bowl in the top drawer of the wooden cabinet and place it on the plate,gaussian_blur,3,22,4022,False,280
spatial,4,pick up the black bowl in the top drawer of the wooden cabinet and place it on the plate,gaussian_blur,3,23,4023,False,280
spatial,4,pick up the black bowl in the top drawer of the wooden cabinet and place it on the plate,gaussian_blur,3,24,4024,False,280
spatial,4,pick up the black bowl in the top drawer of the wooden cabinet and place it on the plate,gaussian_blur,3,25,4025,False,280
spatial,4,pick up the black bowl in the top drawer of the wooden cabinet and place it on the plate,gaussian_blur,3,26,4026,False,280
spatial,4,pick up the black bowl in the top drawer of the wooden cabinet and place it on the plate,gaussian_blur,3,27,4027,False,280
spatial,4,pick up the black bowl in the top drawer of the wooden cabinet and place it on the plate,gaussian_blur,3,28,4028,False,280
spatial,4,pick up the black bowl in the top drawer of the wooden cabinet and place it on the plate,gaussian_blur,3,29,4029,False,280
spatial,4,pick up the black bowl in the top drawer of the wooden cabinet and place it on the plate,gaussian_blur,3,30,4030,False,280
spatial,4,pick up the black bowl in the top drawer of the wooden cabinet and place it on the plate,gaussian_blur,3,31,4031,False,280
spatial,4,pick up the black bowl in the top drawer of the wooden cabinet and place it on the plate,gaussian_blur,3,32,4032,False,280
spatial,4,pick up the black bowl in the top drawer of the wooden cabinet and place it on the plate,gaussian_blur,3,33,4033,False,280
spatial,4,pick up the black bowl in the top drawer of the wooden cabinet and place it on the plate,gaussian_blur,3,34,4034,False,280
spatial,4,pick up the black bowl in the top drawer of the wooden cabinet and place it on the plate,gaussian_blur,3,35,4035,False,280
spatial,4,pick up the black bowl in the top drawer of the wooden cabinet and place it on the plate,gaussian_blur,3,36,4036,False,280
spatial,4,pick up the black bowl in the top drawer of the wooden cabinet and place it on the plate,gaussian_blur,3,37,4037,False,280
spatial,4,pick up the black bowl in the top drawer of the wooden cabinet and place it on the plate,gaussian_blur,3,38,4038,False,280
spatial,4,pick up the black bowl in the top drawer of the wooden cabinet and place it on the plate,gaussian_blur,3,39,4039,False,280
spatial,4,pick up the black bowl in the top drawer of the wooden cabinet and place it on the plate,gaussian_blur,3,40,4040,False,280
spatial,4,pick up the black bowl in the top drawer of the wooden cabinet and place it on the plate,gaussian_blur,3,41,4041,False,280
spatial,4,pick up the black bowl in the top drawer of the wooden cabinet and place it on the plate,gaussian_blur,3,42,4042,False,280
spatial,4,pick up the black bowl in the top drawer of the wooden cabinet and place it on the plate,gaussian_blur,3,43,4043,False,280
spatial,4,pick up the black bowl in the top drawer of the wooden cabinet and place it on the plate,gaussian_blur,3,44,4044,False,280
spatial,4,pick up the black bowl in the top drawer of the wooden cabinet and place it on the plate,gaussian_blur,3,45,4045,False,280
spatial,4,pick up the black bowl in the top drawer of the wooden cabinet and place it on the plate,gaussian_blur,3,46,4046,False,280
spatial,4,pick up the black bowl in the top drawer of the wooden cabinet and place it on the plate,gaussian_blur,3,47,4047,False,280
spatial,4,pick up the black bowl in the top drawer of the wooden cabinet and place it on the plate,gaussian_blur,3,48,4048,False,280
spatial,4,pick up the black bowl in the top drawer of the wooden cabinet and place it on the plate,gaussian_blur,3,49,4049,False,280
spatial,4,pick up the black bowl in the top drawer of the wooden cabinet and place it on the plate,zoom_blur,3,0,4000,False,280
spatial,4,pick up the black bowl in the top drawer of the wooden cabinet and place it on the plate,zoom_blur,3,1,4001,False,280
spatial,4,pick up the black bowl in the top drawer of the wooden cabinet and place it on the plate,zoom_blur,3,2,4002,False,280
spatial,4,pick up the black bowl in the top drawer of the wooden cabinet and place it on the plate,zoom_blur,3,3,4003,False,280
spatial,4,pick up the black bowl in the top drawer of the wooden cabinet and place it on the plate,zoom_blur,3,4,4004,False,280
spatial,4,pick up the black bowl in the top drawer of the wooden cabinet and place it on the plate,zoom_blur,3,5,4005,False,280
spatial,4,pick up the black bowl in the top drawer of the wooden cabinet and place it on the plate,zoom_blur,3,6,4006,False,280
spatial,4,pick up the black bowl in the top drawer of the wooden cabinet and place it on the plate,zoom_blur,3,7,4007,False,280
spatial,4,pick up the black bowl in the top drawer of the wooden cabinet and place it on the plate,zoom_blur,3,8,4008,False,280
spatial,4,pick up the black bowl in the top drawer of the wooden cabinet and place it on the plate,zoom_blur,3,9,4009,False,280
spatial,4,pick up the black bowl in the top drawer of the wooden cabinet and place it on the plate,zoom_blur,3,10,4010,False,280
spatial,4,pick up the black bowl in the top drawer of the wooden cabinet and place it on the plate,zoom_blur,3,11,4011,False,280
spatial,4,pick up the black bowl in the top drawer of the wooden cabinet and place it on the plate,zoom_blur,3,12,4012,False,280
spatial,4,pick up the black bowl in the top drawer of the wooden cabinet and place it on the plate,zoom_blur,3,13,4013,False,280
spatial,4,pick up the black bowl in the top drawer of the wooden cabinet and place it on the plate,zoom_blur,3,14,4014,False,280
spatial,4,pick up the black bowl in the top drawer of the wooden cabinet and place it on the plate,zoom_blur,3,15,4015,False,280
spatial,4,pick up the black bowl in the top drawer of the wooden cabinet and place it on the plate,zoom_blur,3,16,4016,False,280
spatial,4,pick up the black bowl in the top drawer of the wooden cabinet and place it on the plate,zoom_blur,3,17,4017,False,280
spatial,4,pick up the black bowl in the top drawer of the wooden cabinet and place it on the plate,zoom_blur,3,18,4018,False,280
spatial,4,pick up the black bowl in the top drawer of the wooden cabinet and place it on the plate,zoom_blur,3,19,4019,False,280
spatial,4,pick up the black bowl in the top drawer of the wooden cabinet and place it on the plate,zoom_blur,3,20,4020,False,280
spatial,4,pick up the black bowl in the top drawer of the wooden cabinet and place it on the plate,zoom_blur,3,21,4021,False,280
spatial,4,pick up the black bowl in the top drawer of the wooden cabinet and place it on the plate,zoom_blur,3,22,4022,False,280
spatial,4,pick up the black bowl in the top drawer of the wooden cabinet and place it on the plate,zoom_blur,3,23,4023,False,280
spatial,4,pick up the black bowl in the top drawer of the wooden cabinet and place it on the plate,zoom_blur,3,24,4024,False,280
spatial,4,pick up the black bowl in the top drawer of the wooden cabinet and place it on the plate,zoom_blur,3,25,4025,False,280
spatial,4,pick up the black bowl in the top drawer of the wooden cabinet and place it on the plate,zoom_blur,3,26,4026,False,280
spatial,4,pick up the black bowl in the top drawer of the wooden cabinet and place it on the plate,zoom_blur,3,27,4027,False,280
spatial,4,pick up the black bowl in the top drawer of the wooden cabinet and place it on the plate,zoom_blur,3,28,4028,False,280
spatial,4,pick up the black bowl in the top drawer of the wooden cabinet and place it on the plate,zoom_blur,3,29,4029,False,280
spatial,4,pick up the black bowl in the top drawer of the wooden cabinet and place it on the plate,zoom_blur,3,30,4030,True,275
spatial,4,pick up the black bowl in the top drawer of the wooden cabinet and place it on the plate,zoom_blur,3,31,4031,False,280
spatial,4,pick up the black bowl in the top drawer of the wooden cabinet and place it on the plate,zoom_blur,3,32,4032,False,280
spatial,4,pick up the black bowl in the top drawer of the wooden cabinet and place it on the plate,zoom_blur,3,33,4033,False,280
spatial,4,pick up the black bowl in the top drawer of the wooden cabinet and place it on the plate,zoom_blur,3,34,4034,False,280
spatial,4,pick up the black bowl in the top drawer of the wooden cabinet and place it on the plate,zoom_blur,3,35,4035,False,280
spatial,4,pick up the black bowl in the top drawer of the wooden cabinet and place it on the plate,zoom_blur,3,36,4036,False,280
spatial,4,pick up the black bowl in the top drawer of the wooden cabinet and place it on the plate,zoom_blur,3,37,4037,False,280
spatial,4,pick up the black bowl in the top drawer of the wooden cabinet and place it on the plate,zoom_blur,3,38,4038,False,280
spatial,4,pick up the black bowl in the top drawer of the wooden cabinet and place it on the plate,zoom_blur,3,39,4039,False,280
spatial,4,pick up the black bowl in the top drawer of the wooden cabinet and place it on the plate,zoom_blur,3,40,4040,False,280
spatial,4,pick up the black bowl in the top drawer of the wooden cabinet and place it on the plate,zoom_blur,3,41,4041,False,280
spatial,4,pick up the black bowl in the top drawer of the wooden cabinet and place it on the plate,zoom_blur,3,42,4042,False,280
spatial,4,pick up the black bowl in the top drawer of the wooden cabinet and place it on the plate,zoom_blur,3,43,4043,False,280
spatial,4,pick up the black bowl in the top drawer of the wooden cabinet and place it on the plate,zoom_blur,3,44,4044,False,280
spatial,4,pick up the black bowl in the top drawer of the wooden cabinet and place it on the plate,zoom_blur,3,45,4045,False,280
spatial,4,pick up the black bowl in the top drawer of the wooden cabinet and place it on the plate,zoom_blur,3,46,4046,False,280
spatial,4,pick up the black bowl in the top drawer of the wooden cabinet and place it on the plate,zoom_blur,3,47,4047,False,280
spatial,4,pick up the black bowl in the top drawer of the wooden cabinet and place it on the plate,zoom_blur,3,48,4048,False,280
spatial,4,pick up the black bowl in the top drawer of the wooden cabinet and place it on the plate,zoom_blur,3,49,4049,False,280
spatial,4,pick up the black bowl in the top drawer of the wooden cabinet and place it on the plate,fog,3,0,4000,True,131
spatial,4,pick up the black bowl in the top drawer of the wooden cabinet and place it on the plate,fog,3,1,4001,False,280
spatial,4,pick up the black bowl in the top drawer of the wooden cabinet and place it on the plate,fog,3,2,4002,True,138
spatial,4,pick up the black bowl in the top drawer of the wooden cabinet and place it on the plate,fog,3,3,4003,True,139
spatial,4,pick up the black bowl in the top drawer of the wooden cabinet and place it on the plate,fog,3,4,4004,False,280
spatial,4,pick up the black bowl in the top drawer of the wooden cabinet and place it on the plate,fog,3,5,4005,False,280
spatial,4,pick up the black bowl in the top drawer of the wooden cabinet and place it on the plate,fog,3,6,4006,True,142
spatial,4,pick up the black bowl in the top drawer of the wooden cabinet and place it on the plate,fog,3,7,4007,True,139
spatial,4,pick up the black bowl in the top drawer of the wooden cabinet and place it on the plate,fog,3,8,4008,True,134
spatial,4,pick up the black bowl in the top drawer of the wooden cabinet and place it on the plate,fog,3,9,4009,True,141
spatial,4,pick up the black bowl in the top drawer of the wooden cabinet and place it on the plate,fog,3,10,4010,True,147
spatial,4,pick up the black bowl in the top drawer of the wooden cabinet and place it on the plate,fog,3,11,4011,False,280
spatial,4,pick up the black bowl in the top drawer of the wooden cabinet and place it on the plate,fog,3,12,4012,False,280
spatial,4,pick up the black bowl in the top drawer of the wooden cabinet and place it on the plate,fog,3,13,4013,True,130
spatial,4,pick up the black bowl in the top drawer of the wooden cabinet and place it on the plate,fog,3,14,4014,True,141
spatial,4,pick up the black bowl in the top drawer of the wooden cabinet and place it on the plate,fog,3,15,4015,True,144
spatial,4,pick up the black bowl in the top drawer of the wooden cabinet and place it on the plate,fog,3,16,4016,True,139
spatial,4,pick up the black bowl in the top drawer of the wooden cabinet and place it on the plate,fog,3,17,4017,False,280
spatial,4,pick up the black bowl in the top drawer of the wooden cabinet and place it on the plate,fog,3,18,4018,True,134
spatial,4,pick up the black bowl in the top drawer of the wooden cabinet and place it on the plate,fog,3,19,4019,True,232
spatial,4,pick up the black bowl in the top drawer of the wooden cabinet and place it on the plate,fog,3,20,4020,True,136
spatial,4,pick up the black bowl in the top drawer of the wooden cabinet and place it on the plate,fog,3,21,4021,False,280
spatial,4,pick up the black bowl in the top drawer of the wooden cabinet and place it on the plate,fog,3,22,4022,True,137
spatial,4,pick up the black bowl in the top drawer of the wooden cabinet and place it on the plate,fog,3,23,4023,False,280
spatial,4,pick up the black bowl in the top drawer of the wooden cabinet and place it on the plate,fog,3,24,4024,True,145
spatial,4,pick up the black bowl in the top drawer of the wooden cabinet and place it on the plate,fog,3,25,4025,True,139
spatial,4,pick up the black bowl in the top drawer of the wooden cabinet and place it on the plate,fog,3,26,4026,True,137
spatial,4,pick up the black bowl in the top drawer of the wooden cabinet and place it on the plate,fog,3,27,4027,True,133
spatial,4,pick up the black bowl in the top drawer of the wooden cabinet and place it on the plate,fog,3,28,4028,False,280
spatial,4,pick up the black bowl in the top drawer of the wooden cabinet and place it on the plate,fog,3,29,4029,False,280
spatial,4,pick up the black bowl in the top drawer of the wooden cabinet and place it on the plate,fog,3,30,4030,True,141
spatial,4,pick up the black bowl in the top drawer of the wooden cabinet and place it on the plate,fog,3,31,4031,False,280
spatial,4,pick up the black bowl in the top drawer of the wooden cabinet and place it on the plate,fog,3,32,4032,False,280
spatial,4,pick up the black bowl in the top drawer of the wooden cabinet and place it on the plate,fog,3,33,4033,False,280
spatial,4,pick up the black bowl in the top drawer of the wooden cabinet and place it on the plate,fog,3,34,4034,True,140
spatial,4,pick up the black bowl in the top drawer of the wooden cabinet and place it on the plate,fog,3,35,4035,True,140
spatial,4,pick up the black bowl in the top drawer of the wooden cabinet and place it on the plate,fog,3,36,4036,False,280
spatial,4,pick up the black bowl in the top drawer of the wooden cabinet and place it on the plate,fog,3,37,4037,True,146
spatial,4,pick up the black bowl in the top drawer of the wooden cabinet and place it on the plate,fog,3,38,4038,False,280
spatial,4,pick up the black bowl in the top drawer of the wooden cabinet and place it on the plate,fog,3,39,4039,True,141
spatial,4,pick up the black bowl in the top drawer of the wooden cabinet and place it on the plate,fog,3,40,4040,True,132
spatial,4,pick up the black bowl in the top drawer of the wooden cabinet and place it on the plate,fog,3,41,4041,True,134
spatial,4,pick up the black bowl in the top drawer of the wooden cabinet and place it on the plate,fog,3,42,4042,True,139
spatial,4,pick up the black bowl in the top drawer of the wooden cabinet and place it on the plate,fog,3,43,4043,False,280
spatial,4,pick up the black bowl in the top drawer of the wooden cabinet and place it on the plate,fog,3,44,4044,False,280
spatial,4,pick up the black bowl in the top drawer of the wooden cabinet and place it on the plate,fog,3,45,4045,False,280
spatial,4,pick up the black bowl in the top drawer of the wooden cabinet and place it on the plate,fog,3,46,4046,True,134
spatial,4,pick up the black bowl in the top drawer of the wooden cabinet and place it on the plate,fog,3,47,4047,True,135
spatial,4,pick up the black bowl in the top drawer of the wooden cabinet and place it on the plate,fog,3,48,4048,False,280
spatial,4,pick up the black bowl in the top drawer of the wooden cabinet and place it on the plate,fog,3,49,4049,False,280
spatial,4,pick up the black bowl in the top drawer of the wooden cabinet and place it on the plate,glass_blur,3,0,4000,False,280
spatial,4,pick up the black bowl in the top drawer of the wooden cabinet and place it on the plate,glass_blur,3,1,4001,False,280
spatial,4,pick up the black bowl in the top drawer of the wooden cabinet and place it on the plate,glass_blur,3,2,4002,False,280
spatial,4,pick up the black bowl in the top drawer of the wooden cabinet and place it on the plate,glass_blur,3,3,4003,True,240
spatial,4,pick up the black bowl in the top drawer of the wooden cabinet and place it on the plate,glass_blur,3,4,4004,False,280
spatial,4,pick up the black bowl in the top drawer of the wooden cabinet and place it on the plate,glass_blur,3,5,4005,False,280
spatial,4,pick up the black bowl in the top drawer of the wooden cabinet and place it on the plate,glass_blur,3,6,4006,False,280
spatial,4,pick up the black bowl in the top drawer of the wooden cabinet and place it on the plate,glass_blur,3,7,4007,False,280
spatial,4,pick up the black bowl in the top drawer of the wooden cabinet and place it on the plate,glass_blur,3,8,4008,False,280
spatial,4,pick up the black bowl in the top drawer of the wooden cabinet and place it on the plate,glass_blur,3,9,4009,False,280
spatial,4,pick up the black bowl in the top drawer of the wooden cabinet and place it on the plate,glass_blur,3,10,4010,False,280
spatial,4,pick up the black bowl in the top drawer of the wooden cabinet and place it on the plate,glass_blur,3,11,4011,False,280
spatial,4,pick up the black bowl in the top drawer of the wooden cabinet and place it on the plate,glass_blur,3,12,4012,False,280
spatial,4,pick up the black bowl in the top drawer of the wooden cabinet and place it on the plate,glass_blur,3,13,4013,False,280
spatial,4,pick up the black bowl in the top drawer of the wooden cabinet and place it on the plate,glass_blur,3,14,4014,False,280
spatial,4,pick up the black bowl in the top drawer of the wooden cabinet and place it on the plate,glass_blur,3,15,4015,False,280
spatial,4,pick up the black bowl in the top drawer of the wooden cabinet and place it on the plate,glass_blur,3,16,4016,False,280
spatial,4,pick up the black bowl in the top drawer of the wooden cabinet and place it on the plate,glass_blur,3,17,4017,False,280
spatial,4,pick up the black bowl in the top drawer of the wooden cabinet and place it on the plate,glass_blur,3,18,4018,False,280
spatial,4,pick up the black bowl in the top drawer of the wooden cabinet and place it on the plate,glass_blur,3,19,4019,False,280
spatial,4,pick up the black bowl in the top drawer of the wooden cabinet and place it on the plate,glass_blur,3,20,4020,False,280
spatial,4,pick up the black bowl in the top drawer of the wooden cabinet and place it on the plate,glass_blur,3,21,4021,False,280
spatial,4,pick up the black bowl in the top drawer of the wooden cabinet and place it on the plate,glass_blur,3,22,4022,False,280
spatial,4,pick up the black bowl in the top drawer of the wooden cabinet and place it on the plate,glass_blur,3,23,4023,False,280
spatial,4,pick up the black bowl in the top drawer of the wooden cabinet and place it on the plate,glass_blur,3,24,4024,False,280
spatial,4,pick up the black bowl in the top drawer of the wooden cabinet and place it on the plate,glass_blur,3,25,4025,False,280
spatial,4,pick up the black bowl in the top drawer of the wooden cabinet and place it on the plate,glass_blur,3,26,4026,False,280
spatial,4,pick up the black bowl in the top drawer of the wooden cabinet and place it on the plate,glass_blur,3,27,4027,False,280
spatial,4,pick up the black bowl in the top drawer of the wooden cabinet and place it on the plate,glass_blur,3,28,4028,False,280
spatial,4,pick up the black bowl in the top drawer of the wooden cabinet and place it on the plate,glass_blur,3,29,4029,False,280
spatial,4,pick up the black bowl in the top drawer of the wooden cabinet and place it on the plate,glass_blur,3,30,4030,False,280
spatial,4,pick up the black bowl in the top drawer of the wooden cabinet and place it on the plate,glass_blur,3,31,4031,False,280
spatial,4,pick up the black bowl in the top drawer of the wooden cabinet and place it on the plate,glass_blur,3,32,4032,False,280
spatial,4,pick up the black bowl in the top drawer of the wooden cabinet and place it on the plate,glass_blur,3,33,4033,False,280
spatial,4,pick up the black bowl in the top drawer of the wooden cabinet and place it on the plate,glass_blur,3,34,4034,False,280
spatial,4,pick up the black bowl in the top drawer of the wooden cabinet and place it on the plate,glass_blur,3,35,4035,False,280
spatial,4,pick up the black bowl in the top drawer of the wooden cabinet and place it on the plate,glass_blur,3,36,4036,False,280
spatial,4,pick up the black bowl in the top drawer of the wooden cabinet and place it on the plate,glass_blur,3,37,4037,False,280
spatial,4,pick up the black bowl in the top drawer of the wooden cabinet and place it on the plate,glass_blur,3,38,4038,False,280
spatial,4,pick up the black bowl in the top drawer of the wooden cabinet and place it on the plate,glass_blur,3,39,4039,False,280
spatial,4,pick up the black bowl in the top drawer of the wooden cabinet and place it on the plate,glass_blur,3,40,4040,False,280
spatial,4,pick up the black bowl in the top drawer of the wooden cabinet and place it on the plate,glass_blur,3,41,4041,False,280
spatial,4,pick up the black bowl in the top drawer of the wooden cabinet and place it on the plate,glass_blur,3,42,4042,False,280
spatial,4,pick up the black bowl in the top drawer of the wooden cabinet and place it on the plate,glass_blur,3,43,4043,False,280
spatial,4,pick up the black bowl in the top drawer of the wooden cabinet and place it on the plate,glass_blur,3,44,4044,False,280
spatial,4,pick up the black bowl in the top drawer of the wooden cabinet and place it on the plate,glass_blur,3,45,4045,False,280
spatial,4,pick up the black bowl in the top drawer of the wooden cabinet and place it on the plate,glass_blur,3,46,4046,False,280
spatial,4,pick up the black bowl in the top drawer of the wooden cabinet and place it on the plate,glass_blur,3,47,4047,False,280
spatial,4,pick up the black bowl in the top drawer of the wooden cabinet and place it on the plate,glass_blur,3,48,4048,False,280
spatial,4,pick up the black bowl in the top drawer of the wooden cabinet and place it on the plate,glass_blur,3,49,4049,False,280
object,0,pick up the alphabet soup and place it in the basket,clean,0,0,100000,False,280
object,0,pick up the alphabet soup and place it in the basket,clean,0,1,100001,True,161
object,0,pick up the alphabet soup and place it in the basket,clean,0,2,100002,False,280
object,0,pick up the alphabet soup and place it in the basket,clean,0,3,100003,False,280
object,0,pick up the alphabet soup and place it in the basket,clean,0,4,100004,False,280
object,0,pick up the alphabet soup and place it in the basket,clean,0,5,100005,True,246
object,0,pick up the alphabet soup and place it in the basket,clean,0,6,100006,True,152
object,0,pick up the alphabet soup and place it in the basket,clean,0,7,100007,False,280
object,0,pick up the alphabet soup and place it in the basket,clean,0,8,100008,False,280
object,0,pick up the alphabet soup and place it in the basket,clean,0,9,100009,False,280
object,0,pick up the alphabet soup and place it in the basket,clean,0,10,100010,False,280
object,0,pick up the alphabet soup and place it in the basket,clean,0,11,100011,True,196
object,0,pick up the alphabet soup and place it in the basket,clean,0,12,100012,False,280
object,0,pick up the alphabet soup and place it in the basket,clean,0,13,100013,False,280
object,0,pick up the alphabet soup and place it in the basket,clean,0,14,100014,False,280
object,0,pick up the alphabet soup and place it in the basket,clean,0,15,100015,True,149
object,0,pick up the alphabet soup and place it in the basket,clean,0,16,100016,False,280
object,0,pick up the alphabet soup and place it in the basket,clean,0,17,100017,False,280
object,0,pick up the alphabet soup and place it in the basket,clean,0,18,100018,True,160
object,0,pick up the alphabet soup and place it in the basket,clean,0,19,100019,True,156
object,0,pick up the alphabet soup and place it in the basket,clean,0,20,100020,True,161
object,0,pick up the alphabet soup and place it in the basket,clean,0,21,100021,False,280
object,0,pick up the alphabet soup and place it in the basket,clean,0,22,100022,False,280
object,0,pick up the alphabet soup and place it in the basket,clean,0,23,100023,True,169
object,0,pick up the alphabet soup and place it in the basket,clean,0,24,100024,True,187
object,0,pick up the alphabet soup and place it in the basket,clean,0,25,100025,True,221
object,0,pick up the alphabet soup and place it in the basket,clean,0,26,100026,True,223
object,0,pick up the alphabet soup and place it in the basket,clean,0,27,100027,True,153
object,0,pick up the alphabet soup and place it in the basket,clean,0,28,100028,True,146
object,0,pick up the alphabet soup and place it in the basket,clean,0,29,100029,False,280
object,0,pick up the alphabet soup and place it in the basket,clean,0,30,100030,True,161
object,0,pick up the alphabet soup and place it in the basket,clean,0,31,100031,True,148
object,0,pick up the alphabet soup and place it in the basket,clean,0,32,100032,True,140
object,0,pick up the alphabet soup and place it in the basket,clean,0,33,100033,True,159
object,0,pick up the alphabet soup and place it in the basket,clean,0,34,100034,True,191
object,0,pick up the alphabet soup and place it in the basket,clean,0,35,100035,True,156
object,0,pick up the alphabet soup and place it in the basket,clean,0,36,100036,True,190
object,0,pick up the alphabet soup and place it in the basket,clean,0,37,100037,False,280
object,0,pick up the alphabet soup and place it in the basket,clean,0,38,100038,True,201
object,0,pick up the alphabet soup and place it in the basket,clean,0,39,100039,True,225
object,0,pick up the alphabet soup and place it in the basket,clean,0,40,100040,True,159
object,0,pick up the alphabet soup and place it in the basket,clean,0,41,100041,True,177
object,0,pick up the alphabet soup and place it in the basket,clean,0,42,100042,False,280
object,0,pick up the alphabet soup and place it in the basket,clean,0,43,100043,True,153
object,0,pick up the alphabet soup and place it in the basket,clean,0,44,100044,True,125
object,0,pick up the alphabet soup and place it in the basket,clean,0,45,100045,True,159
object,0,pick up the alphabet soup and place it in the basket,clean,0,46,100046,False,280
object,0,pick up the alphabet soup and place it in the basket,clean,0,47,100047,True,171
object,0,pick up the alphabet soup and place it in the basket,clean,0,48,100048,True,204
object,0,pick up the alphabet soup and place it in the basket,clean,0,49,100049,True,174
object,0,pick up the alphabet soup and place it in the basket,motion_blur,3,0,100000,False,280
object,0,pick up the alphabet soup and place it in the basket,motion_blur,3,1,100001,False,280
object,0,pick up the alphabet soup and place it in the basket,motion_blur,3,2,100002,False,280
object,0,pick up the alphabet soup and place it in the basket,motion_blur,3,3,100003,False,280
object,0,pick up the alphabet soup and place it in the basket,motion_blur,3,4,100004,False,280
object,0,pick up the alphabet soup and place it in the basket,motion_blur,3,5,100005,False,280
object,0,pick up the alphabet soup and place it in the basket,motion_blur,3,6,100006,False,280
object,0,pick up the alphabet soup and place it in the basket,motion_blur,3,7,100007,False,280
object,0,pick up the alphabet soup and place it in the basket,motion_blur,3,8,100008,False,280
object,0,pick up the alphabet soup and place it in the basket,motion_blur,3,9,100009,False,280
object,0,pick up the alphabet soup and place it in the basket,motion_blur,3,10,100010,False,280
object,0,pick up the alphabet soup and place it in the basket,motion_blur,3,11,100011,False,280
object,0,pick up the alphabet soup and place it in the basket,motion_blur,3,12,100012,False,280
object,0,pick up the alphabet soup and place it in the basket,motion_blur,3,13,100013,False,280
object,0,pick up the alphabet soup and place it in the basket,motion_blur,3,14,100014,False,280
object,0,pick up the alphabet soup and place it in the basket,motion_blur,3,15,100015,False,280
object,0,pick up the alphabet soup and place it in the basket,motion_blur,3,16,100016,False,280
object,0,pick up the alphabet soup and place it in the basket,motion_blur,3,17,100017,False,280
object,0,pick up the alphabet soup and place it in the basket,motion_blur,3,18,100018,False,280
object,0,pick up the alphabet soup and place it in the basket,motion_blur,3,19,100019,False,280
object,0,pick up the alphabet soup and place it in the basket,motion_blur,3,20,100020,False,280
object,0,pick up the alphabet soup and place it in the basket,motion_blur,3,21,100021,False,280
object,0,pick up the alphabet soup and place it in the basket,motion_blur,3,22,100022,False,280
object,0,pick up the alphabet soup and place it in the basket,motion_blur,3,23,100023,False,280
object,0,pick up the alphabet soup and place it in the basket,motion_blur,3,24,100024,False,280
object,0,pick up the alphabet soup and place it in the basket,motion_blur,3,25,100025,False,280
object,0,pick up the alphabet soup and place it in the basket,motion_blur,3,26,100026,False,280
object,0,pick up the alphabet soup and place it in the basket,motion_blur,3,27,100027,False,280
object,0,pick up the alphabet soup and place it in the basket,motion_blur,3,28,100028,False,280
object,0,pick up the alphabet soup and place it in the basket,motion_blur,3,29,100029,False,280
object,0,pick up the alphabet soup and place it in the basket,motion_blur,3,30,100030,False,280
object,0,pick up the alphabet soup and place it in the basket,motion_blur,3,31,100031,False,280
object,0,pick up the alphabet soup and place it in the basket,motion_blur,3,32,100032,False,280
object,0,pick up the alphabet soup and place it in the basket,motion_blur,3,33,100033,False,280
object,0,pick up the alphabet soup and place it in the basket,motion_blur,3,34,100034,False,280
object,0,pick up the alphabet soup and place it in the basket,motion_blur,3,35,100035,False,280
object,0,pick up the alphabet soup and place it in the basket,motion_blur,3,36,100036,False,280
object,0,pick up the alphabet soup and place it in the basket,motion_blur,3,37,100037,False,280
object,0,pick up the alphabet soup and place it in the basket,motion_blur,3,38,100038,False,280
object,0,pick up the alphabet soup and place it in the basket,motion_blur,3,39,100039,False,280
object,0,pick up the alphabet soup and place it in the basket,motion_blur,3,40,100040,False,280
object,0,pick up the alphabet soup and place it in the basket,motion_blur,3,41,100041,False,280
object,0,pick up the alphabet soup and place it in the basket,motion_blur,3,42,100042,False,280
object,0,pick up the alphabet soup and place it in the basket,motion_blur,3,43,100043,False,280
object,0,pick up the alphabet soup and place it in the basket,motion_blur,3,44,100044,False,280
object,0,pick up the alphabet soup and place it in the basket,motion_blur,3,45,100045,False,280
object,0,pick up the alphabet soup and place it in the basket,motion_blur,3,46,100046,False,280
object,0,pick up the alphabet soup and place it in the basket,motion_blur,3,47,100047,False,280
object,0,pick up the alphabet soup and place it in the basket,motion_blur,3,48,100048,False,280
object,0,pick up the alphabet soup and place it in the basket,motion_blur,3,49,100049,False,280
object,0,pick up the alphabet soup and place it in the basket,gaussian_blur,3,0,100000,False,280
object,0,pick up the alphabet soup and place it in the basket,gaussian_blur,3,1,100001,False,280
object,0,pick up the alphabet soup and place it in the basket,gaussian_blur,3,2,100002,False,280
object,0,pick up the alphabet soup and place it in the basket,gaussian_blur,3,3,100003,False,280
object,0,pick up the alphabet soup and place it in the basket,gaussian_blur,3,4,100004,False,280
object,0,pick up the alphabet soup and place it in the basket,gaussian_blur,3,5,100005,False,280
object,0,pick up the alphabet soup and place it in the basket,gaussian_blur,3,6,100006,False,280
object,0,pick up the alphabet soup and place it in the basket,gaussian_blur,3,7,100007,False,280
object,0,pick up the alphabet soup and place it in the basket,gaussian_blur,3,8,100008,False,280
object,0,pick up the alphabet soup and place it in the basket,gaussian_blur,3,9,100009,False,280
object,0,pick up the alphabet soup and place it in the basket,gaussian_blur,3,10,100010,False,280
object,0,pick up the alphabet soup and place it in the basket,gaussian_blur,3,11,100011,False,280
object,0,pick up the alphabet soup and place it in the basket,gaussian_blur,3,12,100012,False,280
object,0,pick up the alphabet soup and place it in the basket,gaussian_blur,3,13,100013,False,280
object,0,pick up the alphabet soup and place it in the basket,gaussian_blur,3,14,100014,False,280
object,0,pick up the alphabet soup and place it in the basket,gaussian_blur,3,15,100015,False,280
object,0,pick up the alphabet soup and place it in the basket,gaussian_blur,3,16,100016,False,280
object,0,pick up the alphabet soup and place it in the basket,gaussian_blur,3,17,100017,False,280
object,0,pick up the alphabet soup and place it in the basket,gaussian_blur,3,18,100018,False,280
object,0,pick up the alphabet soup and place it in the basket,gaussian_blur,3,19,100019,False,280
object,0,pick up the alphabet soup and place it in the basket,gaussian_blur,3,20,100020,False,280
object,0,pick up the alphabet soup and place it in the basket,gaussian_blur,3,21,100021,False,280
object,0,pick up the alphabet soup and place it in the basket,gaussian_blur,3,22,100022,False,280
object,0,pick up the alphabet soup and place it in the basket,gaussian_blur,3,23,100023,False,280
object,0,pick up the alphabet soup and place it in the basket,gaussian_blur,3,24,100024,False,280
object,0,pick up the alphabet soup and place it in the basket,gaussian_blur,3,25,100025,False,280
object,0,pick up the alphabet soup and place it in the basket,gaussian_blur,3,26,100026,False,280
object,0,pick up the alphabet soup and place it in the basket,gaussian_blur,3,27,100027,False,280
object,0,pick up the alphabet soup and place it in the basket,gaussian_blur,3,28,100028,False,280
object,0,pick up the alphabet soup and place it in the basket,gaussian_blur,3,29,100029,False,280
object,0,pick up the alphabet soup and place it in the basket,gaussian_blur,3,30,100030,False,280
object,0,pick up the alphabet soup and place it in the basket,gaussian_blur,3,31,100031,False,280
object,0,pick up the alphabet soup and place it in the basket,gaussian_blur,3,32,100032,False,280
object,0,pick up the alphabet soup and place it in the basket,gaussian_blur,3,33,100033,False,280
object,0,pick up the alphabet soup and place it in the basket,gaussian_blur,3,34,100034,False,280
object,0,pick up the alphabet soup and place it in the basket,gaussian_blur,3,35,100035,False,280
object,0,pick up the alphabet soup and place it in the basket,gaussian_blur,3,36,100036,False,280
object,0,pick up the alphabet soup and place it in the basket,gaussian_blur,3,37,100037,False,280
object,0,pick up the alphabet soup and place it in the basket,gaussian_blur,3,38,100038,False,280
object,0,pick up the alphabet soup and place it in the basket,gaussian_blur,3,39,100039,False,280
object,0,pick up the alphabet soup and place it in the basket,gaussian_blur,3,40,100040,False,280
object,0,pick up the alphabet soup and place it in the basket,gaussian_blur,3,41,100041,False,280
object,0,pick up the alphabet soup and place it in the basket,gaussian_blur,3,42,100042,False,280
object,0,pick up the alphabet soup and place it in the basket,gaussian_blur,3,43,100043,False,280
object,0,pick up the alphabet soup and place it in the basket,gaussian_blur,3,44,100044,False,280
object,0,pick up the alphabet soup and place it in the basket,gaussian_blur,3,45,100045,False,280
object,0,pick up the alphabet soup and place it in the basket,gaussian_blur,3,46,100046,False,280
object,0,pick up the alphabet soup and place it in the basket,gaussian_blur,3,47,100047,False,280
object,0,pick up the alphabet soup and place it in the basket,gaussian_blur,3,48,100048,False,280
object,0,pick up the alphabet soup and place it in the basket,gaussian_blur,3,49,100049,False,280
object,0,pick up the alphabet soup and place it in the basket,zoom_blur,3,0,100000,False,280
object,0,pick up the alphabet soup and place it in the basket,zoom_blur,3,1,100001,False,280
object,0,pick up the alphabet soup and place it in the basket,zoom_blur,3,2,100002,False,280
object,0,pick up the alphabet soup and place it in the basket,zoom_blur,3,3,100003,False,280
object,0,pick up the alphabet soup and place it in the basket,zoom_blur,3,4,100004,False,280
object,0,pick up the alphabet soup and place it in the basket,zoom_blur,3,5,100005,False,280
object,0,pick up the alphabet soup and place it in the basket,zoom_blur,3,6,100006,False,280
object,0,pick up the alphabet soup and place it in the basket,zoom_blur,3,7,100007,False,280
object,0,pick up the alphabet soup and place it in the basket,zoom_blur,3,8,100008,False,280
object,0,pick up the alphabet soup and place it in the basket,zoom_blur,3,9,100009,False,280
object,0,pick up the alphabet soup and place it in the basket,zoom_blur,3,10,100010,False,280
object,0,pick up the alphabet soup and place it in the basket,zoom_blur,3,11,100011,False,280
object,0,pick up the alphabet soup and place it in the basket,zoom_blur,3,12,100012,False,280
object,0,pick up the alphabet soup and place it in the basket,zoom_blur,3,13,100013,False,280
object,0,pick up the alphabet soup and place it in the basket,zoom_blur,3,14,100014,False,280
object,0,pick up the alphabet soup and place it in the basket,zoom_blur,3,15,100015,False,280
object,0,pick up the alphabet soup and place it in the basket,zoom_blur,3,16,100016,False,280
object,0,pick up the alphabet soup and place it in the basket,zoom_blur,3,17,100017,False,280
object,0,pick up the alphabet soup and place it in the basket,zoom_blur,3,18,100018,False,280
object,0,pick up the alphabet soup and place it in the basket,zoom_blur,3,19,100019,False,280
object,0,pick up the alphabet soup and place it in the basket,zoom_blur,3,20,100020,False,280
object,0,pick up the alphabet soup and place it in the basket,zoom_blur,3,21,100021,False,280
object,0,pick up the alphabet soup and place it in the basket,zoom_blur,3,22,100022,False,280
object,0,pick up the alphabet soup and place it in the basket,zoom_blur,3,23,100023,False,280
object,0,pick up the alphabet soup and place it in the basket,zoom_blur,3,24,100024,False,280
object,0,pick up the alphabet soup and place it in the basket,zoom_blur,3,25,100025,False,280
object,0,pick up the alphabet soup and place it in the basket,zoom_blur,3,26,100026,False,280
object,0,pick up the alphabet soup and place it in the basket,zoom_blur,3,27,100027,False,280
object,0,pick up the alphabet soup and place it in the basket,zoom_blur,3,28,100028,False,280
object,0,pick up the alphabet soup and place it in the basket,zoom_blur,3,29,100029,False,280
object,0,pick up the alphabet soup and place it in the basket,zoom_blur,3,30,100030,False,280
object,0,pick up the alphabet soup and place it in the basket,zoom_blur,3,31,100031,False,280
object,0,pick up the alphabet soup and place it in the basket,zoom_blur,3,32,100032,False,280
object,0,pick up the alphabet soup and place it in the basket,zoom_blur,3,33,100033,False,280
object,0,pick up the alphabet soup and place it in the basket,zoom_blur,3,34,100034,False,280
object,0,pick up the alphabet soup and place it in the basket,zoom_blur,3,35,100035,False,280
object,0,pick up the alphabet soup and place it in the basket,zoom_blur,3,36,100036,False,280
object,0,pick up the alphabet soup and place it in the basket,zoom_blur,3,37,100037,False,280
object,0,pick up the alphabet soup and place it in the basket,zoom_blur,3,38,100038,False,280
object,0,pick up the alphabet soup and place it in the basket,zoom_blur,3,39,100039,False,280
object,0,pick up the alphabet soup and place it in the basket,zoom_blur,3,40,100040,False,280
object,0,pick up the alphabet soup and place it in the basket,zoom_blur,3,41,100041,False,280
object,0,pick up the alphabet soup and place it in the basket,zoom_blur,3,42,100042,False,280
object,0,pick up the alphabet soup and place it in the basket,zoom_blur,3,43,100043,False,280
object,0,pick up the alphabet soup and place it in the basket,zoom_blur,3,44,100044,False,280
object,0,pick up the alphabet soup and place it in the basket,zoom_blur,3,45,100045,False,280
object,0,pick up the alphabet soup and place it in the basket,zoom_blur,3,46,100046,False,280
object,0,pick up the alphabet soup and place it in the basket,zoom_blur,3,47,100047,False,280
object,0,pick up the alphabet soup and place it in the basket,zoom_blur,3,48,100048,False,280
object,0,pick up the alphabet soup and place it in the basket,zoom_blur,3,49,100049,False,280
object,0,pick up the alphabet soup and place it in the basket,fog,3,0,100000,False,280
object,0,pick up the alphabet soup and place it in the basket,fog,3,1,100001,False,280
object,0,pick up the alphabet soup and place it in the basket,fog,3,2,100002,False,280
object,0,pick up the alphabet soup and place it in the basket,fog,3,3,100003,False,280
object,0,pick up the alphabet soup and place it in the basket,fog,3,4,100004,True,159
object,0,pick up the alphabet soup and place it in the basket,fog,3,5,100005,False,280
object,0,pick up the alphabet soup and place it in the basket,fog,3,6,100006,False,280
object,0,pick up the alphabet soup and place it in the basket,fog,3,7,100007,False,280
object,0,pick up the alphabet soup and place it in the basket,fog,3,8,100008,False,280
object,0,pick up the alphabet soup and place it in the basket,fog,3,9,100009,False,280
object,0,pick up the alphabet soup and place it in the basket,fog,3,10,100010,False,280
object,0,pick up the alphabet soup and place it in the basket,fog,3,11,100011,False,280
object,0,pick up the alphabet soup and place it in the basket,fog,3,12,100012,False,280
object,0,pick up the alphabet soup and place it in the basket,fog,3,13,100013,False,280
object,0,pick up the alphabet soup and place it in the basket,fog,3,14,100014,False,280
object,0,pick up the alphabet soup and place it in the basket,fog,3,15,100015,False,280
object,0,pick up the alphabet soup and place it in the basket,fog,3,16,100016,False,280
object,0,pick up the alphabet soup and place it in the basket,fog,3,17,100017,False,280
object,0,pick up the alphabet soup and place it in the basket,fog,3,18,100018,False,280
object,0,pick up the alphabet soup and place it in the basket,fog,3,19,100019,False,280
object,0,pick up the alphabet soup and place it in the basket,fog,3,20,100020,False,280
object,0,pick up the alphabet soup and place it in the basket,fog,3,21,100021,False,280
object,0,pick up the alphabet soup and place it in the basket,fog,3,22,100022,False,280
object,0,pick up the alphabet soup and place it in the basket,fog,3,23,100023,False,280
object,0,pick up the alphabet soup and place it in the basket,fog,3,24,100024,False,280
object,0,pick up the alphabet soup and place it in the basket,fog,3,25,100025,False,280
object,0,pick up the alphabet soup and place it in the basket,fog,3,26,100026,False,280
object,0,pick up the alphabet soup and place it in the basket,fog,3,27,100027,False,280
object,0,pick up the alphabet soup and place it in the basket,fog,3,28,100028,False,280
object,0,pick up the alphabet soup and place it in the basket,fog,3,29,100029,False,280
object,0,pick up the alphabet soup and place it in the basket,fog,3,30,100030,False,280
object,0,pick up the alphabet soup and place it in the basket,fog,3,31,100031,True,247
object,0,pick up the alphabet soup and place it in the basket,fog,3,32,100032,False,280
object,0,pick up the alphabet soup and place it in the basket,fog,3,33,100033,False,280
object,0,pick up the alphabet soup and place it in the basket,fog,3,34,100034,False,280
object,0,pick up the alphabet soup and place it in the basket,fog,3,35,100035,False,280
object,0,pick up the alphabet soup and place it in the basket,fog,3,36,100036,False,280
object,0,pick up the alphabet soup and place it in the basket,fog,3,37,100037,False,280
object,0,pick up the alphabet soup and place it in the basket,fog,3,38,100038,False,280
object,0,pick up the alphabet soup and place it in the basket,fog,3,39,100039,False,280
object,0,pick up the alphabet soup and place it in the basket,fog,3,40,100040,False,280
object,0,pick up the alphabet soup and place it in the basket,fog,3,41,100041,False,280
object,0,pick up the alphabet soup and place it in the basket,fog,3,42,100042,False,280
object,0,pick up the alphabet soup and place it in the basket,fog,3,43,100043,False,280
object,0,pick up the alphabet soup and place it in the basket,fog,3,44,100044,False,280
object,0,pick up the alphabet soup and place it in the basket,fog,3,45,100045,False,280
object,0,pick up the alphabet soup and place it in the basket,fog,3,46,100046,False,280
object,0,pick up the alphabet soup and place it in the basket,fog,3,47,100047,False,280
object,0,pick up the alphabet soup and place it in the basket,fog,3,48,100048,False,280
object,0,pick up the alphabet soup and place it in the basket,fog,3,49,100049,False,280
object,0,pick up the alphabet soup and place it in the basket,glass_blur,3,0,100000,False,280
object,0,pick up the alphabet soup and place it in the basket,glass_blur,3,1,100001,False,280
object,0,pick up the alphabet soup and place it in the basket,glass_blur,3,2,100002,False,280
object,0,pick up the alphabet soup and place it in the basket,glass_blur,3,3,100003,False,280
object,0,pick up the alphabet soup and place it in the basket,glass_blur,3,4,100004,False,280
object,0,pick up the alphabet soup and place it in the basket,glass_blur,3,5,100005,False,280
object,0,pick up the alphabet soup and place it in the basket,glass_blur,3,6,100006,False,280
object,0,pick up the alphabet soup and place it in the basket,glass_blur,3,7,100007,False,280
object,0,pick up the alphabet soup and place it in the basket,glass_blur,3,8,100008,False,280
object,0,pick up the alphabet soup and place it in the basket,glass_blur,3,9,100009,False,280
object,0,pick up the alphabet soup and place it in the basket,glass_blur,3,10,100010,False,280
object,0,pick up the alphabet soup and place it in the basket,glass_blur,3,11,100011,False,280
object,0,pick up the alphabet soup and place it in the basket,glass_blur,3,12,100012,False,280
object,0,pick up the alphabet soup and place it in the basket,glass_blur,3,13,100013,False,280
object,0,pick up the alphabet soup and place it in the basket,glass_blur,3,14,100014,False,280
object,0,pick up the alphabet soup and place it in the basket,glass_blur,3,15,100015,False,280
object,0,pick up the alphabet soup and place it in the basket,glass_blur,3,16,100016,False,280
object,0,pick up the alphabet soup and place it in the basket,glass_blur,3,17,100017,False,280
object,0,pick up the alphabet soup and place it in the basket,glass_blur,3,18,100018,False,280
object,0,pick up the alphabet soup and place it in the basket,glass_blur,3,19,100019,False,280
object,0,pick up the alphabet soup and place it in the basket,glass_blur,3,20,100020,False,280
object,0,pick up the alphabet soup and place it in the basket,glass_blur,3,21,100021,False,280
object,0,pick up the alphabet soup and place it in the basket,glass_blur,3,22,100022,False,280
object,0,pick up the alphabet soup and place it in the basket,glass_blur,3,23,100023,False,280
object,0,pick up the alphabet soup and place it in the basket,glass_blur,3,24,100024,False,280
object,0,pick up the alphabet soup and place it in the basket,glass_blur,3,25,100025,False,280
object,0,pick up the alphabet soup and place it in the basket,glass_blur,3,26,100026,False,280
object,0,pick up the alphabet soup and place it in the basket,glass_blur,3,27,100027,False,280
object,0,pick up the alphabet soup and place it in the basket,glass_blur,3,28,100028,False,280
object,0,pick up the alphabet soup and place it in the basket,glass_blur,3,29,100029,False,280
object,0,pick up the alphabet soup and place it in the basket,glass_blur,3,30,100030,False,280
object,0,pick up the alphabet soup and place it in the basket,glass_blur,3,31,100031,False,280
object,0,pick up the alphabet soup and place it in the basket,glass_blur,3,32,100032,False,280
object,0,pick up the alphabet soup and place it in the basket,glass_blur,3,33,100033,False,280
object,0,pick up the alphabet soup and place it in the basket,glass_blur,3,34,100034,False,280
object,0,pick up the alphabet soup and place it in the basket,glass_blur,3,35,100035,False,280
object,0,pick up the alphabet soup and place it in the basket,glass_blur,3,36,100036,False,280
object,0,pick up the alphabet soup and place it in the basket,glass_blur,3,37,100037,False,280
object,0,pick up the alphabet soup and place it in the basket,glass_blur,3,38,100038,False,280
object,0,pick up the alphabet soup and place it in the basket,glass_blur,3,39,100039,False,280
object,0,pick up the alphabet soup and place it in the basket,glass_blur,3,40,100040,False,280
object,0,pick up the alphabet soup and place it in the basket,glass_blur,3,41,100041,False,280
object,0,pick up the alphabet soup and place it in the basket,glass_blur,3,42,100042,False,280
object,0,pick up the alphabet soup and place it in the basket,glass_blur,3,43,100043,False,280
object,0,pick up the alphabet soup and place it in the basket,glass_blur,3,44,100044,False,280
object,0,pick up the alphabet soup and place it in the basket,glass_blur,3,45,100045,False,280
object,0,pick up the alphabet soup and place it in the basket,glass_blur,3,46,100046,False,280
object,0,pick up the alphabet soup and place it in the basket,glass_blur,3,47,100047,False,280
object,0,pick up the alphabet soup and place it in the basket,glass_blur,3,48,100048,False,280
object,0,pick up the alphabet soup and place it in the basket,glass_blur,3,49,100049,False,280
object,1,pick up the cream cheese and place it in the basket,clean,0,0,101000,True,166
object,1,pick up the cream cheese and place it in the basket,clean,0,1,101001,True,132
object,1,pick up the cream cheese and place it in the basket,clean,0,2,101002,True,120
object,1,pick up the cream cheese and place it in the basket,clean,0,3,101003,True,123
object,1,pick up the cream cheese and place it in the basket,clean,0,4,101004,True,127
object,1,pick up the cream cheese and place it in the basket,clean,0,5,101005,True,134
object,1,pick up the cream cheese and place it in the basket,clean,0,6,101006,True,119
object,1,pick up the cream cheese and place it in the basket,clean,0,7,101007,True,140
object,1,pick up the cream cheese and place it in the basket,clean,0,8,101008,True,122
object,1,pick up the cream cheese and place it in the basket,clean,0,9,101009,True,145
object,1,pick up the cream cheese and place it in the basket,clean,0,10,101010,True,134
object,1,pick up the cream cheese and place it in the basket,clean,0,11,101011,True,123
object,1,pick up the cream cheese and place it in the basket,clean,0,12,101012,True,153
object,1,pick up the cream cheese and place it in the basket,clean,0,13,101013,True,147
object,1,pick up the cream cheese and place it in the basket,clean,0,14,101014,True,131
object,1,pick up the cream cheese and place it in the basket,clean,0,15,101015,True,136
object,1,pick up the cream cheese and place it in the basket,clean,0,16,101016,True,188
object,1,pick up the cream cheese and place it in the basket,clean,0,17,101017,True,127
object,1,pick up the cream cheese and place it in the basket,clean,0,18,101018,True,137
object,1,pick up the cream cheese and place it in the basket,clean,0,19,101019,True,137
object,1,pick up the cream cheese and place it in the basket,clean,0,20,101020,True,127
object,1,pick up the cream cheese and place it in the basket,clean,0,21,101021,True,169
object,1,pick up the cream cheese and place it in the basket,clean,0,22,101022,True,123
object,1,pick up the cream cheese and place it in the basket,clean,0,23,101023,True,131
object,1,pick up the cream cheese and place it in the basket,clean,0,24,101024,True,128
object,1,pick up the cream cheese and place it in the basket,clean,0,25,101025,True,122
object,1,pick up the cream cheese and place it in the basket,clean,0,26,101026,True,116
object,1,pick up the cream cheese and place it in the basket,clean,0,27,101027,True,138
object,1,pick up the cream cheese and place it in the basket,clean,0,28,101028,True,152
object,1,pick up the cream cheese and place it in the basket,clean,0,29,101029,True,146
object,1,pick up the cream cheese and place it in the basket,clean,0,30,101030,True,135
object,1,pick up the cream cheese and place it in the basket,clean,0,31,101031,True,151
object,1,pick up the cream cheese and place it in the basket,clean,0,32,101032,True,139
object,1,pick up the cream cheese and place it in the basket,clean,0,33,101033,True,125
object,1,pick up the cream cheese and place it in the basket,clean,0,34,101034,True,138
object,1,pick up the cream cheese and place it in the basket,clean,0,35,101035,True,133
object,1,pick up the cream cheese and place it in the basket,clean,0,36,101036,True,130
object,1,pick up the cream cheese and place it in the basket,clean,0,37,101037,True,141
object,1,pick up the cream cheese and place it in the basket,clean,0,38,101038,True,152
object,1,pick up the cream cheese and place it in the basket,clean,0,39,101039,True,131
object,1,pick up the cream cheese and place it in the basket,clean,0,40,101040,True,133
object,1,pick up the cream cheese and place it in the basket,clean,0,41,101041,True,141
object,1,pick up the cream cheese and place it in the basket,clean,0,42,101042,True,212
object,1,pick up the cream cheese and place it in the basket,clean,0,43,101043,True,120
object,1,pick up the cream cheese and place it in the basket,clean,0,44,101044,True,137
object,1,pick up the cream cheese and place it in the basket,clean,0,45,101045,True,125
object,1,pick up the cream cheese and place it in the basket,clean,0,46,101046,True,178
object,1,pick up the cream cheese and place it in the basket,clean,0,47,101047,True,144
object,1,pick up the cream cheese and place it in the basket,clean,0,48,101048,True,172
object,1,pick up the cream cheese and place it in the basket,clean,0,49,101049,True,131
object,1,pick up the cream cheese and place it in the basket,motion_blur,3,0,101000,False,280
object,1,pick up the cream cheese and place it in the basket,motion_blur,3,1,101001,False,280
object,1,pick up the cream cheese and place it in the basket,motion_blur,3,2,101002,False,280
object,1,pick up the cream cheese and place it in the basket,motion_blur,3,3,101003,False,280
object,1,pick up the cream cheese and place it in the basket,motion_blur,3,4,101004,False,280
object,1,pick up the cream cheese and place it in the basket,motion_blur,3,5,101005,False,280
object,1,pick up the cream cheese and place it in the basket,motion_blur,3,6,101006,False,280
object,1,pick up the cream cheese and place it in the basket,motion_blur,3,7,101007,False,280
object,1,pick up the cream cheese and place it in the basket,motion_blur,3,8,101008,False,280
object,1,pick up the cream cheese and place it in the basket,motion_blur,3,9,101009,False,280
object,1,pick up the cream cheese and place it in the basket,motion_blur,3,10,101010,False,280
object,1,pick up the cream cheese and place it in the basket,motion_blur,3,11,101011,False,280
object,1,pick up the cream cheese and place it in the basket,motion_blur,3,12,101012,False,280
object,1,pick up the cream cheese and place it in the basket,motion_blur,3,13,101013,False,280
object,1,pick up the cream cheese and place it in the basket,motion_blur,3,14,101014,False,280
object,1,pick up the cream cheese and place it in the basket,motion_blur,3,15,101015,False,280
object,1,pick up the cream cheese and place it in the basket,motion_blur,3,16,101016,False,280
object,1,pick up the cream cheese and place it in the basket,motion_blur,3,17,101017,False,280
object,1,pick up the cream cheese and place it in the basket,motion_blur,3,18,101018,False,280
object,1,pick up the cream cheese and place it in the basket,motion_blur,3,19,101019,False,280
object,1,pick up the cream cheese and place it in the basket,motion_blur,3,20,101020,False,280
object,1,pick up the cream cheese and place it in the basket,motion_blur,3,21,101021,False,280
object,1,pick up the cream cheese and place it in the basket,motion_blur,3,22,101022,False,280
object,1,pick up the cream cheese and place it in the basket,motion_blur,3,23,101023,False,280
object,1,pick up the cream cheese and place it in the basket,motion_blur,3,24,101024,False,280
object,1,pick up the cream cheese and place it in the basket,motion_blur,3,25,101025,False,280
object,1,pick up the cream cheese and place it in the basket,motion_blur,3,26,101026,False,280
object,1,pick up the cream cheese and place it in the basket,motion_blur,3,27,101027,False,280
object,1,pick up the cream cheese and place it in the basket,motion_blur,3,28,101028,False,280
object,1,pick up the cream cheese and place it in the basket,motion_blur,3,29,101029,False,280
object,1,pick up the cream cheese and place it in the basket,motion_blur,3,30,101030,False,280
object,1,pick up the cream cheese and place it in the basket,motion_blur,3,31,101031,False,280
object,1,pick up the cream cheese and place it in the basket,motion_blur,3,32,101032,False,280
object,1,pick up the cream cheese and place it in the basket,motion_blur,3,33,101033,False,280
object,1,pick up the cream cheese and place it in the basket,motion_blur,3,34,101034,False,280
object,1,pick up the cream cheese and place it in the basket,motion_blur,3,35,101035,False,280
object,1,pick up the cream cheese and place it in the basket,motion_blur,3,36,101036,False,280
object,1,pick up the cream cheese and place it in the basket,motion_blur,3,37,101037,False,280
object,1,pick up the cream cheese and place it in the basket,motion_blur,3,38,101038,False,280
object,1,pick up the cream cheese and place it in the basket,motion_blur,3,39,101039,False,280
object,1,pick up the cream cheese and place it in the basket,motion_blur,3,40,101040,False,280
object,1,pick up the cream cheese and place it in the basket,motion_blur,3,41,101041,False,280
object,1,pick up the cream cheese and place it in the basket,motion_blur,3,42,101042,False,280
object,1,pick up the cream cheese and place it in the basket,motion_blur,3,43,101043,False,280
object,1,pick up the cream cheese and place it in the basket,motion_blur,3,44,101044,False,280
object,1,pick up the cream cheese and place it in the basket,motion_blur,3,45,101045,False,280
object,1,pick up the cream cheese and place it in the basket,motion_blur,3,46,101046,False,280
object,1,pick up the cream cheese and place it in the basket,motion_blur,3,47,101047,False,280
object,1,pick up the cream cheese and place it in the basket,motion_blur,3,48,101048,False,280
object,1,pick up the cream cheese and place it in the basket,motion_blur,3,49,101049,False,280
object,1,pick up the cream cheese and place it in the basket,gaussian_blur,3,0,101000,False,280
object,1,pick up the cream cheese and place it in the basket,gaussian_blur,3,1,101001,False,280
object,1,pick up the cream cheese and place it in the basket,gaussian_blur,3,2,101002,False,280
object,1,pick up the cream cheese and place it in the basket,gaussian_blur,3,3,101003,False,280
object,1,pick up the cream cheese and place it in the basket,gaussian_blur,3,4,101004,False,280
object,1,pick up the cream cheese and place it in the basket,gaussian_blur,3,5,101005,False,280
object,1,pick up the cream cheese and place it in the basket,gaussian_blur,3,6,101006,False,280
object,1,pick up the cream cheese and place it in the basket,gaussian_blur,3,7,101007,False,280
object,1,pick up the cream cheese and place it in the basket,gaussian_blur,3,8,101008,False,280
object,1,pick up the cream cheese and place it in the basket,gaussian_blur,3,9,101009,False,280
object,1,pick up the cream cheese and place it in the basket,gaussian_blur,3,10,101010,True,270
object,1,pick up the cream cheese and place it in the basket,gaussian_blur,3,11,101011,False,280
object,1,pick up the cream cheese and place it in the basket,gaussian_blur,3,12,101012,False,280
object,1,pick up the cream cheese and place it in the basket,gaussian_blur,3,13,101013,False,280
object,1,pick up the cream cheese and place it in the basket,gaussian_blur,3,14,101014,False,280
object,1,pick up the cream cheese and place it in the basket,gaussian_blur,3,15,101015,True,271
object,1,pick up the cream cheese and place it in the basket,gaussian_blur,3,16,101016,False,280
object,1,pick up the cream cheese and place it in the basket,gaussian_blur,3,17,101017,False,280
object,1,pick up the cream cheese and place it in the basket,gaussian_blur,3,18,101018,False,280
object,1,pick up the cream cheese and place it in the basket,gaussian_blur,3,19,101019,True,261
object,1,pick up the cream cheese and place it in the basket,gaussian_blur,3,20,101020,False,280
object,1,pick up the cream cheese and place it in the basket,gaussian_blur,3,21,101021,False,280
object,1,pick up the cream cheese and place it in the basket,gaussian_blur,3,22,101022,True,169
object,1,pick up the cream cheese and place it in the basket,gaussian_blur,3,23,101023,False,280
object,1,pick up the cream cheese and place it in the basket,gaussian_blur,3,24,101024,False,280
object,1,pick up the cream cheese and place it in the basket,gaussian_blur,3,25,101025,False,280
object,1,pick up the cream cheese and place it in the basket,gaussian_blur,3,26,101026,True,263
object,1,pick up the cream cheese and place it in the basket,gaussian_blur,3,27,101027,False,280
object,1,pick up the cream cheese and place it in the basket,gaussian_blur,3,28,101028,False,280
object,1,pick up the cream cheese and place it in the basket,gaussian_blur,3,29,101029,False,280
object,1,pick up the cream cheese and place it in the basket,gaussian_blur,3,30,101030,True,178
object,1,pick up the cream cheese and place it in the basket,gaussian_blur,3,31,101031,False,280
object,1,pick up the cream cheese and place it in the basket,gaussian_blur,3,32,101032,False,280
object,1,pick up the cream cheese and place it in the basket,gaussian_blur,3,33,101033,False,280
object,1,pick up the cream cheese and place it in the basket,gaussian_blur,3,34,101034,False,280
object,1,pick up the cream cheese and place it in the basket,gaussian_blur,3,35,101035,False,280
object,1,pick up the cream cheese and place it in the basket,gaussian_blur,3,36,101036,False,280
object,1,pick up the cream cheese and place it in the basket,gaussian_blur,3,37,101037,False,280
object,1,pick up the cream cheese and place it in the basket,gaussian_blur,3,38,101038,False,280
object,1,pick up the cream cheese and place it in the basket,gaussian_blur,3,39,101039,False,280
object,1,pick up the cream cheese and place it in the basket,gaussian_blur,3,40,101040,True,254
object,1,pick up the cream cheese and place it in the basket,gaussian_blur,3,41,101041,False,280
object,1,pick up the cream cheese and place it in the basket,gaussian_blur,3,42,101042,False,280
object,1,pick up the cream cheese and place it in the basket,gaussian_blur,3,43,101043,False,280
object,1,pick up the cream cheese and place it in the basket,gaussian_blur,3,44,101044,False,280
object,1,pick up the cream cheese and place it in the basket,gaussian_blur,3,45,101045,False,280
object,1,pick up the cream cheese and place it in the basket,gaussian_blur,3,46,101046,False,280
object,1,pick up the cream cheese and place it in the basket,gaussian_blur,3,47,101047,False,280
object,1,pick up the cream cheese and place it in the basket,gaussian_blur,3,48,101048,False,280
object,1,pick up the cream cheese and place it in the basket,gaussian_blur,3,49,101049,True,196
object,1,pick up the cream cheese and place it in the basket,zoom_blur,3,0,101000,False,280
object,1,pick up the cream cheese and place it in the basket,zoom_blur,3,1,101001,False,280
object,1,pick up the cream cheese and place it in the basket,zoom_blur,3,2,101002,False,280
object,1,pick up the cream cheese and place it in the basket,zoom_blur,3,3,101003,False,280
object,1,pick up the cream cheese and place it in the basket,zoom_blur,3,4,101004,False,280
object,1,pick up the cream cheese and place it in the basket,zoom_blur,3,5,101005,False,280
object,1,pick up the cream cheese and place it in the basket,zoom_blur,3,6,101006,False,280
object,1,pick up the cream cheese and place it in the basket,zoom_blur,3,7,101007,False,280
object,1,pick up the cream cheese and place it in the basket,zoom_blur,3,8,101008,False,280
object,1,pick up the cream cheese and place it in the basket,zoom_blur,3,9,101009,False,280
object,1,pick up the cream cheese and place it in the basket,zoom_blur,3,10,101010,False,280
object,1,pick up the cream cheese and place it in the basket,zoom_blur,3,11,101011,False,280
object,1,pick up the cream cheese and place it in the basket,zoom_blur,3,12,101012,False,280
object,1,pick up the cream cheese and place it in the basket,zoom_blur,3,13,101013,False,280
object,1,pick up the cream cheese and place it in the basket,zoom_blur,3,14,101014,False,280
object,1,pick up the cream cheese and place it in the basket,zoom_blur,3,15,101015,False,280
object,1,pick up the cream cheese and place it in the basket,zoom_blur,3,16,101016,False,280
object,1,pick up the cream cheese and place it in the basket,zoom_blur,3,17,101017,False,280
object,1,pick up the cream cheese and place it in the basket,zoom_blur,3,18,101018,False,280
object,1,pick up the cream cheese and place it in the basket,zoom_blur,3,19,101019,False,280
object,1,pick up the cream cheese and place it in the basket,zoom_blur,3,20,101020,False,280
object,1,pick up the cream cheese and place it in the basket,zoom_blur,3,21,101021,False,280
object,1,pick up the cream cheese and place it in the basket,zoom_blur,3,22,101022,False,280
object,1,pick up the cream cheese and place it in the basket,zoom_blur,3,23,101023,False,280
object,1,pick up the cream cheese and place it in the basket,zoom_blur,3,24,101024,False,280
object,1,pick up the cream cheese and place it in the basket,zoom_blur,3,25,101025,False,280
object,1,pick up the cream cheese and place it in the basket,zoom_blur,3,26,101026,False,280
object,1,pick up the cream cheese and place it in the basket,zoom_blur,3,27,101027,False,280
object,1,pick up the cream cheese and place it in the basket,zoom_blur,3,28,101028,False,280
object,1,pick up the cream cheese and place it in the basket,zoom_blur,3,29,101029,False,280
object,1,pick up the cream cheese and place it in the basket,zoom_blur,3,30,101030,False,280
object,1,pick up the cream cheese and place it in the basket,zoom_blur,3,31,101031,False,280
object,1,pick up the cream cheese and place it in the basket,zoom_blur,3,32,101032,False,280
object,1,pick up the cream cheese and place it in the basket,zoom_blur,3,33,101033,False,280
object,1,pick up the cream cheese and place it in the basket,zoom_blur,3,34,101034,False,280
object,1,pick up the cream cheese and place it in the basket,zoom_blur,3,35,101035,False,280
object,1,pick up the cream cheese and place it in the basket,zoom_blur,3,36,101036,False,280
object,1,pick up the cream cheese and place it in the basket,zoom_blur,3,37,101037,False,280
object,1,pick up the cream cheese and place it in the basket,zoom_blur,3,38,101038,False,280
object,1,pick up the cream cheese and place it in the basket,zoom_blur,3,39,101039,False,280
object,1,pick up the cream cheese and place it in the basket,zoom_blur,3,40,101040,False,280
object,1,pick up the cream cheese and place it in the basket,zoom_blur,3,41,101041,False,280
object,1,pick up the cream cheese and place it in the basket,zoom_blur,3,42,101042,False,280
object,1,pick up the cream cheese and place it in the basket,zoom_blur,3,43,101043,False,280
object,1,pick up the cream cheese and place it in the basket,zoom_blur,3,44,101044,False,280
object,1,pick up the cream cheese and place it in the basket,zoom_blur,3,45,101045,False,280
object,1,pick up the cream cheese and place it in the basket,zoom_blur,3,46,101046,False,280
object,1,pick up the cream cheese and place it in the basket,zoom_blur,3,47,101047,False,280
object,1,pick up the cream cheese and place it in the basket,zoom_blur,3,48,101048,False,280
object,1,pick up the cream cheese and place it in the basket,zoom_blur,3,49,101049,False,280
object,1,pick up the cream cheese and place it in the basket,fog,3,0,101000,True,148
object,1,pick up the cream cheese and place it in the basket,fog,3,1,101001,True,144
object,1,pick up the cream cheese and place it in the basket,fog,3,2,101002,False,280
object,1,pick up the cream cheese and place it in the basket,fog,3,3,101003,True,159
object,1,pick up the cream cheese and place it in the basket,fog,3,4,101004,True,171
object,1,pick up the cream cheese and place it in the basket,fog,3,5,101005,True,140
object,1,pick up the cream cheese and place it in the basket,fog,3,6,101006,True,140
object,1,pick up the cream cheese and place it in the basket,fog,3,7,101007,True,128
object,1,pick up the cream cheese and place it in the basket,fog,3,8,101008,True,139
object,1,pick up the cream cheese and place it in the basket,fog,3,9,101009,False,280
object,1,pick up the cream cheese and place it in the basket,fog,3,10,101010,True,134
object,1,pick up the cream cheese and place it in the basket,fog,3,11,101011,True,142
object,1,pick up the cream cheese and place it in the basket,fog,3,12,101012,True,148
object,1,pick up the cream cheese and place it in the basket,fog,3,13,101013,True,148
object,1,pick up the cream cheese and place it in the basket,fog,3,14,101014,True,176
object,1,pick up the cream cheese and place it in the basket,fog,3,15,101015,True,137
object,1,pick up the cream cheese and place it in the basket,fog,3,16,101016,False,280
object,1,pick up the cream cheese and place it in the basket,fog,3,17,101017,True,131
object,1,pick up the cream cheese and place it in the basket,fog,3,18,101018,False,280
object,1,pick up the cream cheese and place it in the basket,fog,3,19,101019,True,135
object,1,pick up the cream cheese and place it in the basket,fog,3,20,101020,True,154
object,1,pick up the cream cheese and place it in the basket,fog,3,21,101021,False,280
object,1,pick up the cream cheese and place it in the basket,fog,3,22,101022,False,280
object,1,pick up the cream cheese and place it in the basket,fog,3,23,101023,False,280
object,1,pick up the cream cheese and place it in the basket,fog,3,24,101024,True,148
object,1,pick up the cream cheese and place it in the basket,fog,3,25,101025,True,184
object,1,pick up the cream cheese and place it in the basket,fog,3,26,101026,False,280
object,1,pick up the cream cheese and place it in the basket,fog,3,27,101027,True,136
object,1,pick up the cream cheese and place it in the basket,fog,3,28,101028,True,150
object,1,pick up the cream cheese and place it in the basket,fog,3,29,101029,False,280
object,1,pick up the cream cheese and place it in the basket,fog,3,30,101030,False,280
object,1,pick up the cream cheese and place it in the basket,fog,3,31,101031,True,166
object,1,pick up the cream cheese and place it in the basket,fog,3,32,101032,True,159
object,1,pick up the cream cheese and place it in the basket,fog,3,33,101033,True,162
object,1,pick up the cream cheese and place it in the basket,fog,3,34,101034,True,173
object,1,pick up the cream cheese and place it in the basket,fog,3,35,101035,False,280
object,1,pick up the cream cheese and place it in the basket,fog,3,36,101036,True,150
object,1,pick up the cream cheese and place it in the basket,fog,3,37,101037,True,148
object,1,pick up the cream cheese and place it in the basket,fog,3,38,101038,False,280
object,1,pick up the cream cheese and place it in the basket,fog,3,39,101039,True,151
object,1,pick up the cream cheese and place it in the basket,fog,3,40,101040,False,280
object,1,pick up the cream cheese and place it in the basket,fog,3,41,101041,True,153
object,1,pick up the cream cheese and place it in the basket,fog,3,42,101042,True,168
object,1,pick up the cream cheese and place it in the basket,fog,3,43,101043,False,280
object,1,pick up the cream cheese and place it in the basket,fog,3,44,101044,False,280
object,1,pick up the cream cheese and place it in the basket,fog,3,45,101045,True,143
object,1,pick up the cream cheese and place it in the basket,fog,3,46,101046,False,280
object,1,pick up the cream cheese and place it in the basket,fog,3,47,101047,True,176
object,1,pick up the cream cheese and place it in the basket,fog,3,48,101048,True,225
object,1,pick up the cream cheese and place it in the basket,fog,3,49,101049,True,207
object,1,pick up the cream cheese and place it in the basket,glass_blur,3,0,101000,False,280
object,1,pick up the cream cheese and place it in the basket,glass_blur,3,1,101001,True,216
object,1,pick up the cream cheese and place it in the basket,glass_blur,3,2,101002,False,280
object,1,pick up the cream cheese and place it in the basket,glass_blur,3,3,101003,False,280
object,1,pick up the cream cheese and place it in the basket,glass_blur,3,4,101004,False,280
object,1,pick up the cream cheese and place it in the basket,glass_blur,3,5,101005,False,280
object,1,pick up the cream cheese and place it in the basket,glass_blur,3,6,101006,False,280
object,1,pick up the cream cheese and place it in the basket,glass_blur,3,7,101007,False,280
object,1,pick up the cream cheese and place it in the basket,glass_blur,3,8,101008,False,280
object,1,pick up the cream cheese and place it in the basket,glass_blur,3,9,101009,False,280
object,1,pick up the cream cheese and place it in the basket,glass_blur,3,10,101010,False,280
object,1,pick up the cream cheese and place it in the basket,glass_blur,3,11,101011,False,280
object,1,pick up the cream cheese and place it in the basket,glass_blur,3,12,101012,False,280
object,1,pick up the cream cheese and place it in the basket,glass_blur,3,13,101013,False,280
object,1,pick up the cream cheese and place it in the basket,glass_blur,3,14,101014,False,280
object,1,pick up the cream cheese and place it in the basket,glass_blur,3,15,101015,False,280
object,1,pick up the cream cheese and place it in the basket,glass_blur,3,16,101016,False,280
object,1,pick up the cream cheese and place it in the basket,glass_blur,3,17,101017,False,280
object,1,pick up the cream cheese and place it in the basket,glass_blur,3,18,101018,False,280
object,1,pick up the cream cheese and place it in the basket,glass_blur,3,19,101019,False,280
object,1,pick up the cream cheese and place it in the basket,glass_blur,3,20,101020,False,280
object,1,pick up the cream cheese and place it in the basket,glass_blur,3,21,101021,False,280
object,1,pick up the cream cheese and place it in the basket,glass_blur,3,22,101022,False,280
object,1,pick up the cream cheese and place it in the basket,glass_blur,3,23,101023,False,280
object,1,pick up the cream cheese and place it in the basket,glass_blur,3,24,101024,False,280
object,1,pick up the cream cheese and place it in the basket,glass_blur,3,25,101025,False,280
object,1,pick up the cream cheese and place it in the basket,glass_blur,3,26,101026,False,280
object,1,pick up the cream cheese and place it in the basket,glass_blur,3,27,101027,False,280
object,1,pick up the cream cheese and place it in the basket,glass_blur,3,28,101028,False,280
object,1,pick up the cream cheese and place it in the basket,glass_blur,3,29,101029,False,280
object,1,pick up the cream cheese and place it in the basket,glass_blur,3,30,101030,False,280
object,1,pick up the cream cheese and place it in the basket,glass_blur,3,31,101031,False,280
object,1,pick up the cream cheese and place it in the basket,glass_blur,3,32,101032,False,280
object,1,pick up the cream cheese and place it in the basket,glass_blur,3,33,101033,False,280
object,1,pick up the cream cheese and place it in the basket,glass_blur,3,34,101034,False,280
object,1,pick up the cream cheese and place it in the basket,glass_blur,3,35,101035,False,280
object,1,pick up the cream cheese and place it in the basket,glass_blur,3,36,101036,False,280
object,1,pick up the cream cheese and place it in the basket,glass_blur,3,37,101037,False,280
object,1,pick up the cream cheese and place it in the basket,glass_blur,3,38,101038,False,280
object,1,pick up the cream cheese and place it in the basket,glass_blur,3,39,101039,False,280
object,1,pick up the cream cheese and place it in the basket,glass_blur,3,40,101040,False,280
object,1,pick up the cream cheese and place it in the basket,glass_blur,3,41,101041,False,280
object,1,pick up the cream cheese and place it in the basket,glass_blur,3,42,101042,False,280
object,1,pick up the cream cheese and place it in the basket,glass_blur,3,43,101043,False,280
object,1,pick up the cream cheese and place it in the basket,glass_blur,3,44,101044,False,280
object,1,pick up the cream cheese and place it in the basket,glass_blur,3,45,101045,False,280
object,1,pick up the cream cheese and place it in the basket,glass_blur,3,46,101046,False,280
object,1,pick up the cream cheese and place it in the basket,glass_blur,3,47,101047,False,280
object,1,pick up the cream cheese and place it in the basket,glass_blur,3,48,101048,False,280
object,1,pick up the cream cheese and place it in the basket,glass_blur,3,49,101049,False,280
object,2,pick up the salad dressing and place it in the basket,clean,0,0,102000,True,118
object,2,pick up the salad dressing and place it in the basket,clean,0,1,102001,True,120
object,2,pick up the salad dressing and place it in the basket,clean,0,2,102002,True,120
object,2,pick up the salad dressing and place it in the basket,clean,0,3,102003,True,129
object,2,pick up the salad dressing and place it in the basket,clean,0,4,102004,True,117
object,2,pick up the salad dressing and place it in the basket,clean,0,5,102005,True,107
object,2,pick up the salad dressing and place it in the basket,clean,0,6,102006,True,112
object,2,pick up the salad dressing and place it in the basket,clean,0,7,102007,True,122
object,2,pick up the salad dressing and place it in the basket,clean,0,8,102008,True,117
object,2,pick up the salad dressing and place it in the basket,clean,0,9,102009,True,141
object,2,pick up the salad dressing and place it in the basket,clean,0,10,102010,True,122
object,2,pick up the salad dressing and place it in the basket,clean,0,11,102011,True,120
object,2,pick up the salad dressing and place it in the basket,clean,0,12,102012,True,113
object,2,pick up the salad dressing and place it in the basket,clean,0,13,102013,True,145
object,2,pick up the salad dressing and place it in the basket,clean,0,14,102014,True,117
object,2,pick up the salad dressing and place it in the basket,clean,0,15,102015,True,135
object,2,pick up the salad dressing and place it in the basket,clean,0,16,102016,True,113
object,2,pick up the salad dressing and place it in the basket,clean,0,17,102017,True,132
object,2,pick up the salad dressing and place it in the basket,clean,0,18,102018,True,171
object,2,pick up the salad dressing and place it in the basket,clean,0,19,102019,True,118
object,2,pick up the salad dressing and place it in the basket,clean,0,20,102020,True,120
object,2,pick up the salad dressing and place it in the basket,clean,0,21,102021,True,119
object,2,pick up the salad dressing and place it in the basket,clean,0,22,102022,True,123
object,2,pick up the salad dressing and place it in the basket,clean,0,23,102023,True,116
object,2,pick up the salad dressing and place it in the basket,clean,0,24,102024,True,131
object,2,pick up the salad dressing and place it in the basket,clean,0,25,102025,True,118
object,2,pick up the salad dressing and place it in the basket,clean,0,26,102026,True,125
object,2,pick up the salad dressing and place it in the basket,clean,0,27,102027,True,126
object,2,pick up the salad dressing and place it in the basket,clean,0,28,102028,True,116
object,2,pick up the salad dressing and place it in the basket,clean,0,29,102029,True,111
object,2,pick up the salad dressing and place it in the basket,clean,0,30,102030,True,124
object,2,pick up the salad dressing and place it in the basket,clean,0,31,102031,True,123
object,2,pick up the salad dressing and place it in the basket,clean,0,32,102032,True,205
object,2,pick up the salad dressing and place it in the basket,clean,0,33,102033,True,130
object,2,pick up the salad dressing and place it in the basket,clean,0,34,102034,True,113
object,2,pick up the salad dressing and place it in the basket,clean,0,35,102035,True,115
object,2,pick up the salad dressing and place it in the basket,clean,0,36,102036,True,124
object,2,pick up the salad dressing and place it in the basket,clean,0,37,102037,True,120
object,2,pick up the salad dressing and place it in the basket,clean,0,38,102038,True,119
object,2,pick up the salad dressing and place it in the basket,clean,0,39,102039,True,124
object,2,pick up the salad dressing and place it in the basket,clean,0,40,102040,True,137
object,2,pick up the salad dressing and place it in the basket,clean,0,41,102041,True,115
object,2,pick up the salad dressing and place it in the basket,clean,0,42,102042,True,115
object,2,pick up the salad dressing and place it in the basket,clean,0,43,102043,True,114
object,2,pick up the salad dressing and place it in the basket,clean,0,44,102044,True,121
object,2,pick up the salad dressing and place it in the basket,clean,0,45,102045,True,119
object,2,pick up the salad dressing and place it in the basket,clean,0,46,102046,True,132
object,2,pick up the salad dressing and place it in the basket,clean,0,47,102047,True,124
object,2,pick up the salad dressing and place it in the basket,clean,0,48,102048,True,147
object,2,pick up the salad dressing and place it in the basket,clean,0,49,102049,True,121
object,2,pick up the salad dressing and place it in the basket,motion_blur,3,0,102000,False,280
object,2,pick up the salad dressing and place it in the basket,motion_blur,3,1,102001,False,280
object,2,pick up the salad dressing and place it in the basket,motion_blur,3,2,102002,False,280
object,2,pick up the salad dressing and place it in the basket,motion_blur,3,3,102003,False,280
object,2,pick up the salad dressing and place it in the basket,motion_blur,3,4,102004,False,280
object,2,pick up the salad dressing and place it in the basket,motion_blur,3,5,102005,False,280
object,2,pick up the salad dressing and place it in the basket,motion_blur,3,6,102006,False,280
object,2,pick up the salad dressing and place it in the basket,motion_blur,3,7,102007,False,280
object,2,pick up the salad dressing and place it in the basket,motion_blur,3,8,102008,False,280
object,2,pick up the salad dressing and place it in the basket,motion_blur,3,9,102009,False,280
object,2,pick up the salad dressing and place it in the basket,motion_blur,3,10,102010,False,280
object,2,pick up the salad dressing and place it in the basket,motion_blur,3,11,102011,False,280
object,2,pick up the salad dressing and place it in the basket,motion_blur,3,12,102012,False,280
object,2,pick up the salad dressing and place it in the basket,motion_blur,3,13,102013,False,280
object,2,pick up the salad dressing and place it in the basket,motion_blur,3,14,102014,False,280
object,2,pick up the salad dressing and place it in the basket,motion_blur,3,15,102015,False,280
object,2,pick up the salad dressing and place it in the basket,motion_blur,3,16,102016,False,280
object,2,pick up the salad dressing and place it in the basket,motion_blur,3,17,102017,False,280
object,2,pick up the salad dressing and place it in the basket,motion_blur,3,18,102018,False,280
object,2,pick up the salad dressing and place it in the basket,motion_blur,3,19,102019,False,280
object,2,pick up the salad dressing and place it in the basket,motion_blur,3,20,102020,False,280
object,2,pick up the salad dressing and place it in the basket,motion_blur,3,21,102021,False,280
object,2,pick up the salad dressing and place it in the basket,motion_blur,3,22,102022,False,280
object,2,pick up the salad dressing and place it in the basket,motion_blur,3,23,102023,False,280
object,2,pick up the salad dressing and place it in the basket,motion_blur,3,24,102024,False,280
object,2,pick up the salad dressing and place it in the basket,motion_blur,3,25,102025,False,280
object,2,pick up the salad dressing and place it in the basket,motion_blur,3,26,102026,False,280
object,2,pick up the salad dressing and place it in the basket,motion_blur,3,27,102027,False,280
object,2,pick up the salad dressing and place it in the basket,motion_blur,3,28,102028,False,280
object,2,pick up the salad dressing and place it in the basket,motion_blur,3,29,102029,False,280
object,2,pick up the salad dressing and place it in the basket,motion_blur,3,30,102030,False,280
object,2,pick up the salad dressing and place it in the basket,motion_blur,3,31,102031,False,280
object,2,pick up the salad dressing and place it in the basket,motion_blur,3,32,102032,False,280
object,2,pick up the salad dressing and place it in the basket,motion_blur,3,33,102033,False,280
object,2,pick up the salad dressing and place it in the basket,motion_blur,3,34,102034,False,280
object,2,pick up the salad dressing and place it in the basket,motion_blur,3,35,102035,False,280
object,2,pick up the salad dressing and place it in the basket,motion_blur,3,36,102036,False,280
object,2,pick up the salad dressing and place it in the basket,motion_blur,3,37,102037,False,280
object,2,pick up the salad dressing and place it in the basket,motion_blur,3,38,102038,False,280
object,2,pick up the salad dressing and place it in the basket,motion_blur,3,39,102039,False,280
object,2,pick up the salad dressing and place it in the basket,motion_blur,3,40,102040,False,280
object,2,pick up the salad dressing and place it in the basket,motion_blur,3,41,102041,False,280
object,2,pick up the salad dressing and place it in the basket,motion_blur,3,42,102042,False,280
object,2,pick up the salad dressing and place it in the basket,motion_blur,3,43,102043,False,280
object,2,pick up the salad dressing and place it in the basket,motion_blur,3,44,102044,False,280
object,2,pick up the salad dressing and place it in the basket,motion_blur,3,45,102045,False,280
object,2,pick up the salad dressing and place it in the basket,motion_blur,3,46,102046,False,280
object,2,pick up the salad dressing and place it in the basket,motion_blur,3,47,102047,False,280
object,2,pick up the salad dressing and place it in the basket,motion_blur,3,48,102048,False,280
object,2,pick up the salad dressing and place it in the basket,motion_blur,3,49,102049,False,280
object,2,pick up the salad dressing and place it in the basket,gaussian_blur,3,0,102000,False,280
object,2,pick up the salad dressing and place it in the basket,gaussian_blur,3,1,102001,False,280
object,2,pick up the salad dressing and place it in the basket,gaussian_blur,3,2,102002,False,280
object,2,pick up the salad dressing and place it in the basket,gaussian_blur,3,3,102003,True,167
object,2,pick up the salad dressing and place it in the basket,gaussian_blur,3,4,102004,True,136
object,2,pick up the salad dressing and place it in the basket,gaussian_blur,3,5,102005,True,124
object,2,pick up the salad dressing and place it in the basket,gaussian_blur,3,6,102006,True,161
object,2,pick up the salad dressing and place it in the basket,gaussian_blur,3,7,102007,False,280
object,2,pick up the salad dressing and place it in the basket,gaussian_blur,3,8,102008,False,280
object,2,pick up the salad dressing and place it in the basket,gaussian_blur,3,9,102009,True,180
object,2,pick up the salad dressing and place it in the basket,gaussian_blur,3,10,102010,False,280
object,2,pick up the salad dressing and place it in the basket,gaussian_blur,3,11,102011,False,280
object,2,pick up the salad dressing and place it in the basket,gaussian_blur,3,12,102012,False,280
object,2,pick up the salad dressing and place it in the basket,gaussian_blur,3,13,102013,False,280
object,2,pick up the salad dressing and place it in the basket,gaussian_blur,3,14,102014,True,147
object,2,pick up the salad dressing and place it in the basket,gaussian_blur,3,15,102015,False,280
object,2,pick up the salad dressing and place it in the basket,gaussian_blur,3,16,102016,False,280
object,2,pick up the salad dressing and place it in the basket,gaussian_blur,3,17,102017,False,280
object,2,pick up the salad dressing and place it in the basket,gaussian_blur,3,18,102018,True,132
object,2,pick up the salad dressing and place it in the basket,gaussian_blur,3,19,102019,False,280
object,2,pick up the salad dressing and place it in the basket,gaussian_blur,3,20,102020,False,280
object,2,pick up the salad dressing and place it in the basket,gaussian_blur,3,21,102021,True,130
object,2,pick up the salad dressing and place it in the basket,gaussian_blur,3,22,102022,True,164
object,2,pick up the salad dressing and place it in the basket,gaussian_blur,3,23,102023,True,134
object,2,pick up the salad dressing and place it in the basket,gaussian_blur,3,24,102024,False,280
object,2,pick up the salad dressing and place it in the basket,gaussian_blur,3,25,102025,True,146
object,2,pick up the salad dressing and place it in the basket,gaussian_blur,3,26,102026,False,280
object,2,pick up the salad dressing and place it in the basket,gaussian_blur,3,27,102027,True,122
object,2,pick up the salad dressing and place it in the basket,gaussian_blur,3,28,102028,False,280
object,2,pick up the salad dressing and place it in the basket,gaussian_blur,3,29,102029,False,280
object,2,pick up the salad dressing and place it in the basket,gaussian_blur,3,30,102030,False,280
object,2,pick up the salad dressing and place it in the basket,gaussian_blur,3,31,102031,False,280
object,2,pick up the salad dressing and place it in the basket,gaussian_blur,3,32,102032,False,280
object,2,pick up the salad dressing and place it in the basket,gaussian_blur,3,33,102033,False,280
object,2,pick up the salad dressing and place it in the basket,gaussian_blur,3,34,102034,False,280
object,2,pick up the salad dressing and place it in the basket,gaussian_blur,3,35,102035,False,280
object,2,pick up the salad dressing and place it in the basket,gaussian_blur,3,36,102036,False,280
object,2,pick up the salad dressing and place it in the basket,gaussian_blur,3,37,102037,False,280
object,2,pick up the salad dressing and place it in the basket,gaussian_blur,3,38,102038,True,134
object,2,pick up the salad dressing and place it in the basket,gaussian_blur,3,39,102039,False,280
object,2,pick up the salad dressing and place it in the basket,gaussian_blur,3,40,102040,False,280
object,2,pick up the salad dressing and place it in the basket,gaussian_blur,3,41,102041,False,280
object,2,pick up the salad dressing and place it in the basket,gaussian_blur,3,42,102042,False,280
object,2,pick up the salad dressing and place it in the basket,gaussian_blur,3,43,102043,False,280
object,2,pick up the salad dressing and place it in the basket,gaussian_blur,3,44,102044,False,280
object,2,pick up the salad dressing and place it in the basket,gaussian_blur,3,45,102045,False,280
object,2,pick up the salad dressing and place it in the basket,gaussian_blur,3,46,102046,False,280
object,2,pick up the salad dressing and place it in the basket,gaussian_blur,3,47,102047,True,136
object,2,pick up the salad dressing and place it in the basket,gaussian_blur,3,48,102048,False,280
object,2,pick up the salad dressing and place it in the basket,gaussian_blur,3,49,102049,True,134
object,2,pick up the salad dressing and place it in the basket,zoom_blur,3,0,102000,False,280
object,2,pick up the salad dressing and place it in the basket,zoom_blur,3,1,102001,False,280
object,2,pick up the salad dressing and place it in the basket,zoom_blur,3,2,102002,False,280
object,2,pick up the salad dressing and place it in the basket,zoom_blur,3,3,102003,False,280
object,2,pick up the salad dressing and place it in the basket,zoom_blur,3,4,102004,False,280
object,2,pick up the salad dressing and place it in the basket,zoom_blur,3,5,102005,False,280
object,2,pick up the salad dressing and place it in the basket,zoom_blur,3,6,102006,False,280
object,2,pick up the salad dressing and place it in the basket,zoom_blur,3,7,102007,False,280
object,2,pick up the salad dressing and place it in the basket,zoom_blur,3,8,102008,False,280
object,2,pick up the salad dressing and place it in the basket,zoom_blur,3,9,102009,False,280
object,2,pick up the salad dressing and place it in the basket,zoom_blur,3,10,102010,False,280
object,2,pick up the salad dressing and place it in the basket,zoom_blur,3,11,102011,False,280
object,2,pick up the salad dressing and place it in the basket,zoom_blur,3,12,102012,False,280
object,2,pick up the salad dressing and place it in the basket,zoom_blur,3,13,102013,False,280
object,2,pick up the salad dressing and place it in the basket,zoom_blur,3,14,102014,False,280
object,2,pick up the salad dressing and place it in the basket,zoom_blur,3,15,102015,False,280
object,2,pick up the salad dressing and place it in the basket,zoom_blur,3,16,102016,False,280
object,2,pick up the salad dressing and place it in the basket,zoom_blur,3,17,102017,False,280
object,2,pick up the salad dressing and place it in the basket,zoom_blur,3,18,102018,False,280
object,2,pick up the salad dressing and place it in the basket,zoom_blur,3,19,102019,False,280
object,2,pick up the salad dressing and place it in the basket,zoom_blur,3,20,102020,False,280
object,2,pick up the salad dressing and place it in the basket,zoom_blur,3,21,102021,False,280
object,2,pick up the salad dressing and place it in the basket,zoom_blur,3,22,102022,False,280
object,2,pick up the salad dressing and place it in the basket,zoom_blur,3,23,102023,False,280
object,2,pick up the salad dressing and place it in the basket,zoom_blur,3,24,102024,False,280
object,2,pick up the salad dressing and place it in the basket,zoom_blur,3,25,102025,False,280
object,2,pick up the salad dressing and place it in the basket,zoom_blur,3,26,102026,False,280
object,2,pick up the salad dressing and place it in the basket,zoom_blur,3,27,102027,False,280
object,2,pick up the salad dressing and place it in the basket,zoom_blur,3,28,102028,False,280
object,2,pick up the salad dressing and place it in the basket,zoom_blur,3,29,102029,False,280
object,2,pick up the salad dressing and place it in the basket,zoom_blur,3,30,102030,False,280
object,2,pick up the salad dressing and place it in the basket,zoom_blur,3,31,102031,False,280
object,2,pick up the salad dressing and place it in the basket,zoom_blur,3,32,102032,False,280
object,2,pick up the salad dressing and place it in the basket,zoom_blur,3,33,102033,False,280
object,2,pick up the salad dressing and place it in the basket,zoom_blur,3,34,102034,False,280
object,2,pick up the salad dressing and place it in the basket,zoom_blur,3,35,102035,False,280
object,2,pick up the salad dressing and place it in the basket,zoom_blur,3,36,102036,False,280
object,2,pick up the salad dressing and place it in the basket,zoom_blur,3,37,102037,False,280
object,2,pick up the salad dressing and place it in the basket,zoom_blur,3,38,102038,False,280
object,2,pick up the salad dressing and place it in the basket,zoom_blur,3,39,102039,False,280
object,2,pick up the salad dressing and place it in the basket,zoom_blur,3,40,102040,False,280
object,2,pick up the salad dressing and place it in the basket,zoom_blur,3,41,102041,False,280
object,2,pick up the salad dressing and place it in the basket,zoom_blur,3,42,102042,False,280
object,2,pick up the salad dressing and place it in the basket,zoom_blur,3,43,102043,False,280
object,2,pick up the salad dressing and place it in the basket,zoom_blur,3,44,102044,False,280
object,2,pick up the salad dressing and place it in the basket,zoom_blur,3,45,102045,False,280
object,2,pick up the salad dressing and place it in the basket,zoom_blur,3,46,102046,False,280
object,2,pick up the salad dressing and place it in the basket,zoom_blur,3,47,102047,False,280
object,2,pick up the salad dressing and place it in the basket,zoom_blur,3,48,102048,False,280
object,2,pick up the salad dressing and place it in the basket,zoom_blur,3,49,102049,False,280
object,2,pick up the salad dressing and place it in the basket,fog,3,0,102000,False,280
object,2,pick up the salad dressing and place it in the basket,fog,3,1,102001,False,280
object,2,pick up the salad dressing and place it in the basket,fog,3,2,102002,False,280
object,2,pick up the salad dressing and place it in the basket,fog,3,3,102003,False,280
object,2,pick up the salad dressing and place it in the basket,fog,3,4,102004,False,280
object,2,pick up the salad dressing and place it in the basket,fog,3,5,102005,False,280
object,2,pick up the salad dressing and place it in the basket,fog,3,6,102006,False,280
object,2,pick up the salad dressing and place it in the basket,fog,3,7,102007,False,280
object,2,pick up the salad dressing and place it in the basket,fog,3,8,102008,False,280
object,2,pick up the salad dressing and place it in the basket,fog,3,9,102009,False,280
object,2,pick up the salad dressing and place it in the basket,fog,3,10,102010,False,280
object,2,pick up the salad dressing and place it in the basket,fog,3,11,102011,False,280
object,2,pick up the salad dressing and place it in the basket,fog,3,12,102012,False,280
object,2,pick up the salad dressing and place it in the basket,fog,3,13,102013,False,280
object,2,pick up the salad dressing and place it in the basket,fog,3,14,102014,False,280
object,2,pick up the salad dressing and place it in the basket,fog,3,15,102015,False,280
object,2,pick up the salad dressing and place it in the basket,fog,3,16,102016,False,280
object,2,pick up the salad dressing and place it in the basket,fog,3,17,102017,False,280
object,2,pick up the salad dressing and place it in the basket,fog,3,18,102018,False,280
object,2,pick up the salad dressing and place it in the basket,fog,3,19,102019,False,280
object,2,pick up the salad dressing and place it in the basket,fog,3,20,102020,False,280
object,2,pick up the salad dressing and place it in the basket,fog,3,21,102021,False,280
object,2,pick up the salad dressing and place it in the basket,fog,3,22,102022,False,280
object,2,pick up the salad dressing and place it in the basket,fog,3,23,102023,False,280
object,2,pick up the salad dressing and place it in the basket,fog,3,24,102024,False,280
object,2,pick up the salad dressing and place it in the basket,fog,3,25,102025,False,280
object,2,pick up the salad dressing and place it in the basket,fog,3,26,102026,False,280
object,2,pick up the salad dressing and place it in the basket,fog,3,27,102027,False,280
object,2,pick up the salad dressing and place it in the basket,fog,3,28,102028,False,280
object,2,pick up the salad dressing and place it in the basket,fog,3,29,102029,False,280
object,2,pick up the salad dressing and place it in the basket,fog,3,30,102030,False,280
object,2,pick up the salad dressing and place it in the basket,fog,3,31,102031,False,280
object,2,pick up the salad dressing and place it in the basket,fog,3,32,102032,False,280
object,2,pick up the salad dressing and place it in the basket,fog,3,33,102033,False,280
object,2,pick up the salad dressing and place it in the basket,fog,3,34,102034,False,280
object,2,pick up the salad dressing and place it in the basket,fog,3,35,102035,False,280
object,2,pick up the salad dressing and place it in the basket,fog,3,36,102036,False,280
object,2,pick up the salad dressing and place it in the basket,fog,3,37,102037,False,280
object,2,pick up the salad dressing and place it in the basket,fog,3,38,102038,False,280
object,2,pick up the salad dressing and place it in the basket,fog,3,39,102039,False,280
object,2,pick up the salad dressing and place it in the basket,fog,3,40,102040,False,280
object,2,pick up the salad dressing and place it in the basket,fog,3,41,102041,False,280
object,2,pick up the salad dressing and place it in the basket,fog,3,42,102042,False,280
object,2,pick up the salad dressing and place it in the basket,fog,3,43,102043,False,280
object,2,pick up the salad dressing and place it in the basket,fog,3,44,102044,False,280
object,2,pick up the salad dressing and place it in the basket,fog,3,45,102045,False,280
object,2,pick up the salad dressing and place it in the basket,fog,3,46,102046,False,280
object,2,pick up the salad dressing and place it in the basket,fog,3,47,102047,False,280
object,2,pick up the salad dressing and place it in the basket,fog,3,48,102048,False,280
object,2,pick up the salad dressing and place it in the basket,fog,3,49,102049,False,280
object,2,pick up the salad dressing and place it in the basket,glass_blur,3,0,102000,False,280
object,2,pick up the salad dressing and place it in the basket,glass_blur,3,1,102001,False,280
object,2,pick up the salad dressing and place it in the basket,glass_blur,3,2,102002,False,280
object,2,pick up the salad dressing and place it in the basket,glass_blur,3,3,102003,False,280
object,2,pick up the salad dressing and place it in the basket,glass_blur,3,4,102004,False,280
object,2,pick up the salad dressing and place it in the basket,glass_blur,3,5,102005,False,280
object,2,pick up the salad dressing and place it in the basket,glass_blur,3,6,102006,False,280
object,2,pick up the salad dressing and place it in the basket,glass_blur,3,7,102007,False,280
object,2,pick up the salad dressing and place it in the basket,glass_blur,3,8,102008,False,280
object,2,pick up the salad dressing and place it in the basket,glass_blur,3,9,102009,False,280
object,2,pick up the salad dressing and place it in the basket,glass_blur,3,10,102010,False,280
object,2,pick up the salad dressing and place it in the basket,glass_blur,3,11,102011,False,280
object,2,pick up the salad dressing and place it in the basket,glass_blur,3,12,102012,False,280
object,2,pick up the salad dressing and place it in the basket,glass_blur,3,13,102013,False,280
object,2,pick up the salad dressing and place it in the basket,glass_blur,3,14,102014,False,280
object,2,pick up the salad dressing and place it in the basket,glass_blur,3,15,102015,False,280
object,2,pick up the salad dressing and place it in the basket,glass_blur,3,16,102016,False,280
object,2,pick up the salad dressing and place it in the basket,glass_blur,3,17,102017,False,280
object,2,pick up the salad dressing and place it in the basket,glass_blur,3,18,102018,False,280
object,2,pick up the salad dressing and place it in the basket,glass_blur,3,19,102019,False,280
object,2,pick up the salad dressing and place it in the basket,glass_blur,3,20,102020,False,280
object,2,pick up the salad dressing and place it in the basket,glass_blur,3,21,102021,False,280
object,2,pick up the salad dressing and place it in the basket,glass_blur,3,22,102022,False,280
object,2,pick up the salad dressing and place it in the basket,glass_blur,3,23,102023,False,280
object,2,pick up the salad dressing and place it in the basket,glass_blur,3,24,102024,False,280
object,2,pick up the salad dressing and place it in the basket,glass_blur,3,25,102025,False,280
object,2,pick up the salad dressing and place it in the basket,glass_blur,3,26,102026,False,280
object,2,pick up the salad dressing and place it in the basket,glass_blur,3,27,102027,False,280
object,2,pick up the salad dressing and place it in the basket,glass_blur,3,28,102028,False,280
object,2,pick up the salad dressing and place it in the basket,glass_blur,3,29,102029,False,280
object,2,pick up the salad dressing and place it in the basket,glass_blur,3,30,102030,False,280
object,2,pick up the salad dressing and place it in the basket,glass_blur,3,31,102031,False,280
object,2,pick up the salad dressing and place it in the basket,glass_blur,3,32,102032,False,280
object,2,pick up the salad dressing and place it in the basket,glass_blur,3,33,102033,False,280
object,2,pick up the salad dressing and place it in the basket,glass_blur,3,34,102034,False,280
object,2,pick up the salad dressing and place it in the basket,glass_blur,3,35,102035,False,280
object,2,pick up the salad dressing and place it in the basket,glass_blur,3,36,102036,False,280
object,2,pick up the salad dressing and place it in the basket,glass_blur,3,37,102037,False,280
object,2,pick up the salad dressing and place it in the basket,glass_blur,3,38,102038,False,280
object,2,pick up the salad dressing and place it in the basket,glass_blur,3,39,102039,False,280
object,2,pick up the salad dressing and place it in the basket,glass_blur,3,40,102040,False,280
object,2,pick up the salad dressing and place it in the basket,glass_blur,3,41,102041,False,280
object,2,pick up the salad dressing and place it in the basket,glass_blur,3,42,102042,False,280
object,2,pick up the salad dressing and place it in the basket,glass_blur,3,43,102043,False,280
object,2,pick up the salad dressing and place it in the basket,glass_blur,3,44,102044,False,280
object,2,pick up the salad dressing and place it in the basket,glass_blur,3,45,102045,False,280
object,2,pick up the salad dressing and place it in the basket,glass_blur,3,46,102046,False,280
object,2,pick up the salad dressing and place it in the basket,glass_blur,3,47,102047,False,280
object,2,pick up the salad dressing and place it in the basket,glass_blur,3,48,102048,False,280
object,2,pick up the salad dressing and place it in the basket,glass_blur,3,49,102049,False,280
object,3,pick up the bbq sauce and place it in the basket,clean,0,0,103000,True,150
object,3,pick up the bbq sauce and place it in the basket,clean,0,1,103001,True,134
object,3,pick up the bbq sauce and place it in the basket,clean,0,2,103002,True,140
object,3,pick up the bbq sauce and place it in the basket,clean,0,3,103003,True,139
object,3,pick up the bbq sauce and place it in the basket,clean,0,4,103004,True,141
object,3,pick up the bbq sauce and place it in the basket,clean,0,5,103005,True,144
object,3,pick up the bbq sauce and place it in the basket,clean,0,6,103006,True,123
object,3,pick up the bbq sauce and place it in the basket,clean,0,7,103007,True,130
object,3,pick up the bbq sauce and place it in the basket,clean,0,8,103008,True,138
object,3,pick up the bbq sauce and place it in the basket,clean,0,9,103009,False,280
object,3,pick up the bbq sauce and place it in the basket,clean,0,10,103010,True,135
object,3,pick up the bbq sauce and place it in the basket,clean,0,11,103011,True,144
object,3,pick up the bbq sauce and place it in the basket,clean,0,12,103012,True,126
object,3,pick up the bbq sauce and place it in the basket,clean,0,13,103013,True,122
object,3,pick up the bbq sauce and place it in the basket,clean,0,14,103014,True,127
object,3,pick up the bbq sauce and place it in the basket,clean,0,15,103015,True,134
object,3,pick up the bbq sauce and place it in the basket,clean,0,16,103016,True,134
object,3,pick up the bbq sauce and place it in the basket,clean,0,17,103017,True,144
object,3,pick up the bbq sauce and place it in the basket,clean,0,18,103018,True,133
object,3,pick up the bbq sauce and place it in the basket,clean,0,19,103019,True,132
object,3,pick up the bbq sauce and place it in the basket,clean,0,20,103020,True,134
object,3,pick up the bbq sauce and place it in the basket,clean,0,21,103021,True,122
object,3,pick up the bbq sauce and place it in the basket,clean,0,22,103022,True,131
object,3,pick up the bbq sauce and place it in the basket,clean,0,23,103023,True,133
object,3,pick up the bbq sauce and place it in the basket,clean,0,24,103024,True,133
object,3,pick up the bbq sauce and place it in the basket,clean,0,25,103025,True,127
object,3,pick up the bbq sauce and place it in the basket,clean,0,26,103026,True,113
object,3,pick up the bbq sauce and place it in the basket,clean,0,27,103027,True,129
object,3,pick up the bbq sauce and place it in the basket,clean,0,28,103028,True,139
object,3,pick up the bbq sauce and place it in the basket,clean,0,29,103029,True,134
object,3,pick up the bbq sauce and place it in the basket,clean,0,30,103030,True,138
object,3,pick up the bbq sauce and place it in the basket,clean,0,31,103031,True,128
object,3,pick up the bbq sauce and place it in the basket,clean,0,32,103032,True,129
object,3,pick up the bbq sauce and place it in the basket,clean,0,33,103033,True,129
object,3,pick up the bbq sauce and place it in the basket,clean,0,34,103034,True,126
object,3,pick up the bbq sauce and place it in the basket,clean,0,35,103035,True,144
object,3,pick up the bbq sauce and place it in the basket,clean,0,36,103036,True,127
object,3,pick up the bbq sauce and place it in the basket,clean,0,37,103037,True,131
object,3,pick up the bbq sauce and place it in the basket,clean,0,38,103038,True,131
object,3,pick up the bbq sauce and place it in the basket,clean,0,39,103039,True,117
object,3,pick up the bbq sauce and place it in the basket,clean,0,40,103040,True,129
object,3,pick up the bbq sauce and place it in the basket,clean,0,41,103041,True,114
object,3,pick up the bbq sauce and place it in the basket,clean,0,42,103042,True,136
object,3,pick up the bbq sauce and place it in the basket,clean,0,43,103043,True,126
object,3,pick up the bbq sauce and place it in the basket,clean,0,44,103044,True,127
object,3,pick up the bbq sauce and place it in the basket,clean,0,45,103045,True,135
object,3,pick up the bbq sauce and place it in the basket,clean,0,46,103046,True,122
object,3,pick up the bbq sauce and place it in the basket,clean,0,47,103047,True,133
object,3,pick up the bbq sauce and place it in the basket,clean,0,48,103048,True,134
object,3,pick up the bbq sauce and place it in the basket,clean,0,49,103049,True,142
object,3,pick up the bbq sauce and place it in the basket,motion_blur,3,0,103000,False,280
object,3,pick up the bbq sauce and place it in the basket,motion_blur,3,1,103001,False,280
object,3,pick up the bbq sauce and place it in the basket,motion_blur,3,2,103002,False,280
object,3,pick up the bbq sauce and place it in the basket,motion_blur,3,3,103003,False,280
object,3,pick up the bbq sauce and place it in the basket,motion_blur,3,4,103004,False,280
object,3,pick up the bbq sauce and place it in the basket,motion_blur,3,5,103005,False,280
object,3,pick up the bbq sauce and place it in the basket,motion_blur,3,6,103006,False,280
object,3,pick up the bbq sauce and place it in the basket,motion_blur,3,7,103007,False,280
object,3,pick up the bbq sauce and place it in the basket,motion_blur,3,8,103008,False,280
object,3,pick up the bbq sauce and place it in the basket,motion_blur,3,9,103009,False,280
object,3,pick up the bbq sauce and place it in the basket,motion_blur,3,10,103010,False,280
object,3,pick up the bbq sauce and place it in the basket,motion_blur,3,11,103011,False,280
object,3,pick up the bbq sauce and place it in the basket,motion_blur,3,12,103012,False,280
object,3,pick up the bbq sauce and place it in the basket,motion_blur,3,13,103013,False,280
object,3,pick up the bbq sauce and place it in the basket,motion_blur,3,14,103014,False,280
object,3,pick up the bbq sauce and place it in the basket,motion_blur,3,15,103015,False,280
object,3,pick up the bbq sauce and place it in the basket,motion_blur,3,16,103016,False,280
object,3,pick up the bbq sauce and place it in the basket,motion_blur,3,17,103017,False,280
object,3,pick up the bbq sauce and place it in the basket,motion_blur,3,18,103018,False,280
object,3,pick up the bbq sauce and place it in the basket,motion_blur,3,19,103019,False,280
object,3,pick up the bbq sauce and place it in the basket,motion_blur,3,20,103020,False,280
object,3,pick up the bbq sauce and place it in the basket,motion_blur,3,21,103021,False,280
object,3,pick up the bbq sauce and place it in the basket,motion_blur,3,22,103022,False,280
object,3,pick up the bbq sauce and place it in the basket,motion_blur,3,23,103023,False,280
object,3,pick up the bbq sauce and place it in the basket,motion_blur,3,24,103024,False,280
object,3,pick up the bbq sauce and place it in the basket,motion_blur,3,25,103025,False,280
object,3,pick up the bbq sauce and place it in the basket,motion_blur,3,26,103026,False,280
object,3,pick up the bbq sauce and place it in the basket,motion_blur,3,27,103027,False,280
object,3,pick up the bbq sauce and place it in the basket,motion_blur,3,28,103028,False,280
object,3,pick up the bbq sauce and place it in the basket,motion_blur,3,29,103029,False,280
object,3,pick up the bbq sauce and place it in the basket,motion_blur,3,30,103030,False,280
object,3,pick up the bbq sauce and place it in the basket,motion_blur,3,31,103031,False,280
object,3,pick up the bbq sauce and place it in the basket,motion_blur,3,32,103032,False,280
object,3,pick up the bbq sauce and place it in the basket,motion_blur,3,33,103033,False,280
object,3,pick up the bbq sauce and place it in the basket,motion_blur,3,34,103034,False,280
object,3,pick up the bbq sauce and place it in the basket,motion_blur,3,35,103035,False,280
object,3,pick up the bbq sauce and place it in the basket,motion_blur,3,36,103036,False,280
object,3,pick up the bbq sauce and place it in the basket,motion_blur,3,37,103037,False,280
object,3,pick up the bbq sauce and place it in the basket,motion_blur,3,38,103038,False,280
object,3,pick up the bbq sauce and place it in the basket,motion_blur,3,39,103039,False,280
object,3,pick up the bbq sauce and place it in the basket,motion_blur,3,40,103040,False,280
object,3,pick up the bbq sauce and place it in the basket,motion_blur,3,41,103041,False,280
object,3,pick up the bbq sauce and place it in the basket,motion_blur,3,42,103042,False,280
object,3,pick up the bbq sauce and place it in the basket,motion_blur,3,43,103043,False,280
object,3,pick up the bbq sauce and place it in the basket,motion_blur,3,44,103044,False,280
object,3,pick up the bbq sauce and place it in the basket,motion_blur,3,45,103045,False,280
object,3,pick up the bbq sauce and place it in the basket,motion_blur,3,46,103046,False,280
object,3,pick up the bbq sauce and place it in the basket,motion_blur,3,47,103047,False,280
object,3,pick up the bbq sauce and place it in the basket,motion_blur,3,48,103048,False,280
object,3,pick up the bbq sauce and place it in the basket,motion_blur,3,49,103049,False,280
object,3,pick up the bbq sauce and place it in the basket,gaussian_blur,3,0,103000,False,280
object,3,pick up the bbq sauce and place it in the basket,gaussian_blur,3,1,103001,False,280
object,3,pick up the bbq sauce and place it in the basket,gaussian_blur,3,2,103002,False,280
object,3,pick up the bbq sauce and place it in the basket,gaussian_blur,3,3,103003,False,280
object,3,pick up the bbq sauce and place it in the basket,gaussian_blur,3,4,103004,False,280
object,3,pick up the bbq sauce and place it in the basket,gaussian_blur,3,5,103005,False,280
object,3,pick up the bbq sauce and place it in the basket,gaussian_blur,3,6,103006,False,280
object,3,pick up the bbq sauce and place it in the basket,gaussian_blur,3,7,103007,False,280
object,3,pick up the bbq sauce and place it in the basket,gaussian_blur,3,8,103008,False,280
object,3,pick up the bbq sauce and place it in the basket,gaussian_blur,3,9,103009,False,280
object,3,pick up the bbq sauce and place it in the basket,gaussian_blur,3,10,103010,False,280
object,3,pick up the bbq sauce and place it in the basket,gaussian_blur,3,11,103011,False,280
object,3,pick up the bbq sauce and place it in the basket,gaussian_blur,3,12,103012,False,280
object,3,pick up the bbq sauce and place it in the basket,gaussian_blur,3,13,103013,False,280
object,3,pick up the bbq sauce and place it in the basket,gaussian_blur,3,14,103014,False,280
object,3,pick up the bbq sauce and place it in the basket,gaussian_blur,3,15,103015,False,280
object,3,pick up the bbq sauce and place it in the basket,gaussian_blur,3,16,103016,False,280
object,3,pick up the bbq sauce and place it in the basket,gaussian_blur,3,17,103017,False,280
object,3,pick up the bbq sauce and place it in the basket,gaussian_blur,3,18,103018,False,280
object,3,pick up the bbq sauce and place it in the basket,gaussian_blur,3,19,103019,False,280
object,3,pick up the bbq sauce and place it in the basket,gaussian_blur,3,20,103020,False,280
object,3,pick up the bbq sauce and place it in the basket,gaussian_blur,3,21,103021,False,280
object,3,pick up the bbq sauce and place it in the basket,gaussian_blur,3,22,103022,False,280
object,3,pick up the bbq sauce and place it in the basket,gaussian_blur,3,23,103023,False,280
object,3,pick up the bbq sauce and place it in the basket,gaussian_blur,3,24,103024,False,280
object,3,pick up the bbq sauce and place it in the basket,gaussian_blur,3,25,103025,False,280
object,3,pick up the bbq sauce and place it in the basket,gaussian_blur,3,26,103026,False,280
object,3,pick up the bbq sauce and place it in the basket,gaussian_blur,3,27,103027,False,280
object,3,pick up the bbq sauce and place it in the basket,gaussian_blur,3,28,103028,False,280
object,3,pick up the bbq sauce and place it in the basket,gaussian_blur,3,29,103029,False,280
object,3,pick up the bbq sauce and place it in the basket,gaussian_blur,3,30,103030,False,280
object,3,pick up the bbq sauce and place it in the basket,gaussian_blur,3,31,103031,False,280
object,3,pick up the bbq sauce and place it in the basket,gaussian_blur,3,32,103032,False,280
object,3,pick up the bbq sauce and place it in the basket,gaussian_blur,3,33,103033,False,280
object,3,pick up the bbq sauce and place it in the basket,gaussian_blur,3,34,103034,False,280
object,3,pick up the bbq sauce and place it in the basket,gaussian_blur,3,35,103035,False,280
object,3,pick up the bbq sauce and place it in the basket,gaussian_blur,3,36,103036,False,280
object,3,pick up the bbq sauce and place it in the basket,gaussian_blur,3,37,103037,False,280
object,3,pick up the bbq sauce and place it in the basket,gaussian_blur,3,38,103038,False,280
object,3,pick up the bbq sauce and place it in the basket,gaussian_blur,3,39,103039,False,280
object,3,pick up the bbq sauce and place it in the basket,gaussian_blur,3,40,103040,False,280
object,3,pick up the bbq sauce and place it in the basket,gaussian_blur,3,41,103041,False,280
object,3,pick up the bbq sauce and place it in the basket,gaussian_blur,3,42,103042,False,280
object,3,pick up the bbq sauce and place it in the basket,gaussian_blur,3,43,103043,False,280
object,3,pick up the bbq sauce and place it in the basket,gaussian_blur,3,44,103044,False,280
object,3,pick up the bbq sauce and place it in the basket,gaussian_blur,3,45,103045,False,280
object,3,pick up the bbq sauce and place it in the basket,gaussian_blur,3,46,103046,False,280
object,3,pick up the bbq sauce and place it in the basket,gaussian_blur,3,47,103047,False,280
object,3,pick up the bbq sauce and place it in the basket,gaussian_blur,3,48,103048,False,280
object,3,pick up the bbq sauce and place it in the basket,gaussian_blur,3,49,103049,False,280
object,3,pick up the bbq sauce and place it in the basket,zoom_blur,3,0,103000,False,280
object,3,pick up the bbq sauce and place it in the basket,zoom_blur,3,1,103001,False,280
object,3,pick up the bbq sauce and place it in the basket,zoom_blur,3,2,103002,False,280
object,3,pick up the bbq sauce and place it in the basket,zoom_blur,3,3,103003,False,280
object,3,pick up the bbq sauce and place it in the basket,zoom_blur,3,4,103004,False,280
object,3,pick up the bbq sauce and place it in the basket,zoom_blur,3,5,103005,False,280
object,3,pick up the bbq sauce and place it in the basket,zoom_blur,3,6,103006,False,280
object,3,pick up the bbq sauce and place it in the basket,zoom_blur,3,7,103007,False,280
object,3,pick up the bbq sauce and place it in the basket,zoom_blur,3,8,103008,False,280
object,3,pick up the bbq sauce and place it in the basket,zoom_blur,3,9,103009,False,280
object,3,pick up the bbq sauce and place it in the basket,zoom_blur,3,10,103010,True,131
object,3,pick up the bbq sauce and place it in the basket,zoom_blur,3,11,103011,False,280
object,3,pick up the bbq sauce and place it in the basket,zoom_blur,3,12,103012,False,280
object,3,pick up the bbq sauce and place it in the basket,zoom_blur,3,13,103013,False,280
object,3,pick up the bbq sauce and place it in the basket,zoom_blur,3,14,103014,False,280
object,3,pick up the bbq sauce and place it in the basket,zoom_blur,3,15,103015,False,280
object,3,pick up the bbq sauce and place it in the basket,zoom_blur,3,16,103016,False,280
object,3,pick up the bbq sauce and place it in the basket,zoom_blur,3,17,103017,False,280
object,3,pick up the bbq sauce and place it in the basket,zoom_blur,3,18,103018,False,280
object,3,pick up the bbq sauce and place it in the basket,zoom_blur,3,19,103019,False,280
object,3,pick up the bbq sauce and place it in the basket,zoom_blur,3,20,103020,False,280
object,3,pick up the bbq sauce and place it in the basket,zoom_blur,3,21,103021,False,280
object,3,pick up the bbq sauce and place it in the basket,zoom_blur,3,22,103022,False,280
object,3,pick up the bbq sauce and place it in the basket,zoom_blur,3,23,103023,True,145
object,3,pick up the bbq sauce and place it in the basket,zoom_blur,3,24,103024,False,280
object,3,pick up the bbq sauce and place it in the basket,zoom_blur,3,25,103025,True,144
object,3,pick up the bbq sauce and place it in the basket,zoom_blur,3,26,103026,False,280
object,3,pick up the bbq sauce and place it in the basket,zoom_blur,3,27,103027,False,280
object,3,pick up the bbq sauce and place it in the basket,zoom_blur,3,28,103028,False,280
object,3,pick up the bbq sauce and place it in the basket,zoom_blur,3,29,103029,False,280
object,3,pick up the bbq sauce and place it in the basket,zoom_blur,3,30,103030,False,280
object,3,pick up the bbq sauce and place it in the basket,zoom_blur,3,31,103031,False,280
object,3,pick up the bbq sauce and place it in the basket,zoom_blur,3,32,103032,False,280
object,3,pick up the bbq sauce and place it in the basket,zoom_blur,3,33,103033,False,280
object,3,pick up the bbq sauce and place it in the basket,zoom_blur,3,34,103034,False,280
object,3,pick up the bbq sauce and place it in the basket,zoom_blur,3,35,103035,False,280
object,3,pick up the bbq sauce and place it in the basket,zoom_blur,3,36,103036,False,280
object,3,pick up the bbq sauce and place it in the basket,zoom_blur,3,37,103037,False,280
object,3,pick up the bbq sauce and place it in the basket,zoom_blur,3,38,103038,False,280
object,3,pick up the bbq sauce and place it in the basket,zoom_blur,3,39,103039,False,280
object,3,pick up the bbq sauce and place it in the basket,zoom_blur,3,40,103040,False,280
object,3,pick up the bbq sauce and place it in the basket,zoom_blur,3,41,103041,True,151
object,3,pick up the bbq sauce and place it in the basket,zoom_blur,3,42,103042,False,280
object,3,pick up the bbq sauce and place it in the basket,zoom_blur,3,43,103043,False,280
object,3,pick up the bbq sauce and place it in the basket,zoom_blur,3,44,103044,False,280
object,3,pick up the bbq sauce and place it in the basket,zoom_blur,3,45,103045,False,280
object,3,pick up the bbq sauce and place it in the basket,zoom_blur,3,46,103046,False,280
object,3,pick up the bbq sauce and place it in the basket,zoom_blur,3,47,103047,False,280
object,3,pick up the bbq sauce and place it in the basket,zoom_blur,3,48,103048,False,280
object,3,pick up the bbq sauce and place it in the basket,zoom_blur,3,49,103049,False,280
object,3,pick up the bbq sauce and place it in the basket,fog,3,0,103000,False,280
object,3,pick up the bbq sauce and place it in the basket,fog,3,1,103001,False,280
object,3,pick up the bbq sauce and place it in the basket,fog,3,2,103002,False,280
object,3,pick up the bbq sauce and place it in the basket,fog,3,3,103003,False,280
object,3,pick up the bbq sauce and place it in the basket,fog,3,4,103004,False,280
object,3,pick up the bbq sauce and place it in the basket,fog,3,5,103005,False,280
object,3,pick up the bbq sauce and place it in the basket,fog,3,6,103006,False,280
object,3,pick up the bbq sauce and place it in the basket,fog,3,7,103007,False,280
object,3,pick up the bbq sauce and place it in the basket,fog,3,8,103008,False,280
object,3,pick up the bbq sauce and place it in the basket,fog,3,9,103009,False,280
object,3,pick up the bbq sauce and place it in the basket,fog,3,10,103010,False,280
object,3,pick up the bbq sauce and place it in the basket,fog,3,11,103011,False,280
object,3,pick up the bbq sauce and place it in the basket,fog,3,12,103012,False,280
object,3,pick up the bbq sauce and place it in the basket,fog,3,13,103013,False,280
object,3,pick up the bbq sauce and place it in the basket,fog,3,14,103014,False,280
object,3,pick up the bbq sauce and place it in the basket,fog,3,15,103015,False,280
object,3,pick up the bbq sauce and place it in the basket,fog,3,16,103016,False,280
object,3,pick up the bbq sauce and place it in the basket,fog,3,17,103017,False,280
object,3,pick up the bbq sauce and place it in the basket,fog,3,18,103018,False,280
object,3,pick up the bbq sauce and place it in the basket,fog,3,19,103019,False,280
object,3,pick up the bbq sauce and place it in the basket,fog,3,20,103020,False,280
object,3,pick up the bbq sauce and place it in the basket,fog,3,21,103021,False,280
object,3,pick up the bbq sauce and place it in the basket,fog,3,22,103022,False,280
object,3,pick up the bbq sauce and place it in the basket,fog,3,23,103023,False,280
object,3,pick up the bbq sauce and place it in the basket,fog,3,24,103024,False,280
object,3,pick up the bbq sauce and place it in the basket,fog,3,25,103025,False,280
object,3,pick up the bbq sauce and place it in the basket,fog,3,26,103026,False,280
object,3,pick up the bbq sauce and place it in the basket,fog,3,27,103027,False,280
object,3,pick up the bbq sauce and place it in the basket,fog,3,28,103028,False,280
object,3,pick up the bbq sauce and place it in the basket,fog,3,29,103029,False,280
object,3,pick up the bbq sauce and place it in the basket,fog,3,30,103030,False,280
object,3,pick up the bbq sauce and place it in the basket,fog,3,31,103031,False,280
object,3,pick up the bbq sauce and place it in the basket,fog,3,32,103032,False,280
object,3,pick up the bbq sauce and place it in the basket,fog,3,33,103033,False,280
object,3,pick up the bbq sauce and place it in the basket,fog,3,34,103034,False,280
object,3,pick up the bbq sauce and place it in the basket,fog,3,35,103035,False,280
object,3,pick up the bbq sauce and place it in the basket,fog,3,36,103036,False,280
object,3,pick up the bbq sauce and place it in the basket,fog,3,37,103037,False,280
object,3,pick up the bbq sauce and place it in the basket,fog,3,38,103038,False,280
object,3,pick up the bbq sauce and place it in the basket,fog,3,39,103039,False,280
object,3,pick up the bbq sauce and place it in the basket,fog,3,40,103040,False,280
object,3,pick up the bbq sauce and place it in the basket,fog,3,41,103041,False,280
object,3,pick up the bbq sauce and place it in the basket,fog,3,42,103042,False,280
object,3,pick up the bbq sauce and place it in the basket,fog,3,43,103043,False,280
object,3,pick up the bbq sauce and place it in the basket,fog,3,44,103044,True,134
object,3,pick up the bbq sauce and place it in the basket,fog,3,45,103045,False,280
object,3,pick up the bbq sauce and place it in the basket,fog,3,46,103046,False,280
object,3,pick up the bbq sauce and place it in the basket,fog,3,47,103047,False,280
object,3,pick up the bbq sauce and place it in the basket,fog,3,48,103048,False,280
object,3,pick up the bbq sauce and place it in the basket,fog,3,49,103049,False,280
object,3,pick up the bbq sauce and place it in the basket,glass_blur,3,0,103000,False,280
object,3,pick up the bbq sauce and place it in the basket,glass_blur,3,1,103001,False,280
object,3,pick up the bbq sauce and place it in the basket,glass_blur,3,2,103002,False,280
object,3,pick up the bbq sauce and place it in the basket,glass_blur,3,3,103003,False,280
object,3,pick up the bbq sauce and place it in the basket,glass_blur,3,4,103004,False,280
object,3,pick up the bbq sauce and place it in the basket,glass_blur,3,5,103005,False,280
object,3,pick up the bbq sauce and place it in the basket,glass_blur,3,6,103006,False,280
object,3,pick up the bbq sauce and place it in the basket,glass_blur,3,7,103007,False,280
object,3,pick up the bbq sauce and place it in the basket,glass_blur,3,8,103008,False,280
object,3,pick up the bbq sauce and place it in the basket,glass_blur,3,9,103009,False,280
object,3,pick up the bbq sauce and place it in the basket,glass_blur,3,10,103010,False,280
object,3,pick up the bbq sauce and place it in the basket,glass_blur,3,11,103011,False,280
object,3,pick up the bbq sauce and place it in the basket,glass_blur,3,12,103012,False,280
object,3,pick up the bbq sauce and place it in the basket,glass_blur,3,13,103013,False,280
object,3,pick up the bbq sauce and place it in the basket,glass_blur,3,14,103014,False,280
object,3,pick up the bbq sauce and place it in the basket,glass_blur,3,15,103015,False,280
object,3,pick up the bbq sauce and place it in the basket,glass_blur,3,16,103016,False,280
object,3,pick up the bbq sauce and place it in the basket,glass_blur,3,17,103017,False,280
object,3,pick up the bbq sauce and place it in the basket,glass_blur,3,18,103018,False,280
object,3,pick up the bbq sauce and place it in the basket,glass_blur,3,19,103019,False,280
object,3,pick up the bbq sauce and place it in the basket,glass_blur,3,20,103020,False,280
object,3,pick up the bbq sauce and place it in the basket,glass_blur,3,21,103021,False,280
object,3,pick up the bbq sauce and place it in the basket,glass_blur,3,22,103022,False,280
object,3,pick up the bbq sauce and place it in the basket,glass_blur,3,23,103023,False,280
object,3,pick up the bbq sauce and place it in the basket,glass_blur,3,24,103024,False,280
object,3,pick up the bbq sauce and place it in the basket,glass_blur,3,25,103025,False,280
object,3,pick up the bbq sauce and place it in the basket,glass_blur,3,26,103026,False,280
object,3,pick up the bbq sauce and place it in the basket,glass_blur,3,27,103027,False,280
object,3,pick up the bbq sauce and place it in the basket,glass_blur,3,28,103028,False,280
object,3,pick up the bbq sauce and place it in the basket,glass_blur,3,29,103029,False,280
object,3,pick up the bbq sauce and place it in the basket,glass_blur,3,30,103030,False,280
object,3,pick up the bbq sauce and place it in the basket,glass_blur,3,31,103031,False,280
object,3,pick up the bbq sauce and place it in the basket,glass_blur,3,32,103032,False,280
object,3,pick up the bbq sauce and place it in the basket,glass_blur,3,33,103033,False,280
object,3,pick up the bbq sauce and place it in the basket,glass_blur,3,34,103034,False,280
object,3,pick up the bbq sauce and place it in the basket,glass_blur,3,35,103035,False,280
object,3,pick up the bbq sauce and place it in the basket,glass_blur,3,36,103036,False,280
object,3,pick up the bbq sauce and place it in the basket,glass_blur,3,37,103037,False,280
object,3,pick up the bbq sauce and place it in the basket,glass_blur,3,38,103038,False,280
object,3,pick up the bbq sauce and place it in the basket,glass_blur,3,39,103039,False,280
object,3,pick up the bbq sauce and place it in the basket,glass_blur,3,40,103040,False,280
object,3,pick up the bbq sauce and place it in the basket,glass_blur,3,41,103041,False,280
object,3,pick up the bbq sauce and place it in the basket,glass_blur,3,42,103042,False,280
object,3,pick up the bbq sauce and place it in the basket,glass_blur,3,43,103043,False,280
object,3,pick up the bbq sauce and place it in the basket,glass_blur,3,44,103044,False,280
object,3,pick up the bbq sauce and place it in the basket,glass_blur,3,45,103045,False,280
object,3,pick up the bbq sauce and place it in the basket,glass_blur,3,46,103046,False,280
object,3,pick up the bbq sauce and place it in the basket,glass_blur,3,47,103047,False,280
object,3,pick up the bbq sauce and place it in the basket,glass_blur,3,48,103048,False,280
object,3,pick up the bbq sauce and place it in the basket,glass_blur,3,49,103049,False,280
object,4,pick up the ketchup and place it in the basket,clean,0,0,104000,True,147
object,4,pick up the ketchup and place it in the basket,clean,0,1,104001,True,160
object,4,pick up the ketchup and place it in the basket,clean,0,2,104002,True,260
object,4,pick up the ketchup and place it in the basket,clean,0,3,104003,False,280
object,4,pick up the ketchup and place it in the basket,clean,0,4,104004,True,157
object,4,pick up the ketchup and place it in the basket,clean,0,5,104005,True,256
object,4,pick up the ketchup and place it in the basket,clean,0,6,104006,True,140
object,4,pick up the ketchup and place it in the basket,clean,0,7,104007,True,201
object,4,pick up the ketchup and place it in the basket,clean,0,8,104008,True,166
object,4,pick up the ketchup and place it in the basket,clean,0,9,104009,True,164
object,4,pick up the ketchup and place it in the basket,clean,0,10,104010,True,166
object,4,pick up the ketchup and place it in the basket,clean,0,11,104011,False,280
object,4,pick up the ketchup and place it in the basket,clean,0,12,104012,True,171
object,4,pick up the ketchup and place it in the basket,clean,0,13,104013,True,178
object,4,pick up the ketchup and place it in the basket,clean,0,14,104014,True,137
object,4,pick up the ketchup and place it in the basket,clean,0,15,104015,True,174
object,4,pick up the ketchup and place it in the basket,clean,0,16,104016,True,157
object,4,pick up the ketchup and place it in the basket,clean,0,17,104017,True,145
object,4,pick up the ketchup and place it in the basket,clean,0,18,104018,False,280
object,4,pick up the ketchup and place it in the basket,clean,0,19,104019,True,160
object,4,pick up the ketchup and place it in the basket,clean,0,20,104020,False,280
object,4,pick up the ketchup and place it in the basket,clean,0,21,104021,True,153
object,4,pick up the ketchup and place it in the basket,clean,0,22,104022,False,280
object,4,pick up the ketchup and place it in the basket,clean,0,23,104023,True,194
object,4,pick up the ketchup and place it in the basket,clean,0,24,104024,True,158
object,4,pick up the ketchup and place it in the basket,clean,0,25,104025,True,156
object,4,pick up the ketchup and place it in the basket,clean,0,26,104026,True,184
object,4,pick up the ketchup and place it in the basket,clean,0,27,104027,True,153
object,4,pick up the ketchup and place it in the basket,clean,0,28,104028,True,161
object,4,pick up the ketchup and place it in the basket,clean,0,29,104029,True,142
object,4,pick up the ketchup and place it in the basket,clean,0,30,104030,True,149
object,4,pick up the ketchup and place it in the basket,clean,0,31,104031,True,172
object,4,pick up the ketchup and place it in the basket,clean,0,32,104032,True,155
object,4,pick up the ketchup and place it in the basket,clean,0,33,104033,True,141
object,4,pick up the ketchup and place it in the basket,clean,0,34,104034,True,149
object,4,pick up the ketchup and place it in the basket,clean,0,35,104035,True,181
object,4,pick up the ketchup and place it in the basket,clean,0,36,104036,True,143
object,4,pick up the ketchup and place it in the basket,clean,0,37,104037,True,156
object,4,pick up the ketchup and place it in the basket,clean,0,38,104038,True,184
object,4,pick up the ketchup and place it in the basket,clean,0,39,104039,True,178
object,4,pick up the ketchup and place it in the basket,clean,0,40,104040,True,185
object,4,pick up the ketchup and place it in the basket,clean,0,41,104041,True,194
object,4,pick up the ketchup and place it in the basket,clean,0,42,104042,True,165
object,4,pick up the ketchup and place it in the basket,clean,0,43,104043,True,165
object,4,pick up the ketchup and place it in the basket,clean,0,44,104044,False,280
object,4,pick up the ketchup and place it in the basket,clean,0,45,104045,True,193
object,4,pick up the ketchup and place it in the basket,clean,0,46,104046,False,280
object,4,pick up the ketchup and place it in the basket,clean,0,47,104047,False,280
object,4,pick up the ketchup and place it in the basket,clean,0,48,104048,True,157
object,4,pick up the ketchup and place it in the basket,clean,0,49,104049,True,160
object,4,pick up the ketchup and place it in the basket,motion_blur,3,0,104000,False,280
object,4,pick up the ketchup and place it in the basket,motion_blur,3,1,104001,False,280
object,4,pick up the ketchup and place it in the basket,motion_blur,3,2,104002,False,280
object,4,pick up the ketchup and place it in the basket,motion_blur,3,3,104003,False,280
object,4,pick up the ketchup and place it in the basket,motion_blur,3,4,104004,False,280
object,4,pick up the ketchup and place it in the basket,motion_blur,3,5,104005,False,280
object,4,pick up the ketchup and place it in the basket,motion_blur,3,6,104006,False,280
object,4,pick up the ketchup and place it in the basket,motion_blur,3,7,104007,False,280
object,4,pick up the ketchup and place it in the basket,motion_blur,3,8,104008,False,280
object,4,pick up the ketchup and place it in the basket,motion_blur,3,9,104009,False,280
object,4,pick up the ketchup and place it in the basket,motion_blur,3,10,104010,False,280
object,4,pick up the ketchup and place it in the basket,motion_blur,3,11,104011,False,280
object,4,pick up the ketchup and place it in the basket,motion_blur,3,12,104012,False,280
object,4,pick up the ketchup and place it in the basket,motion_blur,3,13,104013,False,280
object,4,pick up the ketchup and place it in the basket,motion_blur,3,14,104014,False,280
object,4,pick up the ketchup and place it in the basket,motion_blur,3,15,104015,False,280
object,4,pick up the ketchup and place it in the basket,motion_blur,3,16,104016,False,280
object,4,pick up the ketchup and place it in the basket,motion_blur,3,17,104017,False,280
object,4,pick up the ketchup and place it in the basket,motion_blur,3,18,104018,False,280
object,4,pick up the ketchup and place it in the basket,motion_blur,3,19,104019,False,280
object,4,pick up the ketchup and place it in the basket,motion_blur,3,20,104020,False,280
object,4,pick up the ketchup and place it in the basket,motion_blur,3,21,104021,False,280
object,4,pick up the ketchup and place it in the basket,motion_blur,3,22,104022,False,280
object,4,pick up the ketchup and place it in the basket,motion_blur,3,23,104023,False,280
object,4,pick up the ketchup and place it in the basket,motion_blur,3,24,104024,False,280
object,4,pick up the ketchup and place it in the basket,motion_blur,3,25,104025,False,280
object,4,pick up the ketchup and place it in the basket,motion_blur,3,26,104026,False,280
object,4,pick up the ketchup and place it in the basket,motion_blur,3,27,104027,False,280
object,4,pick up the ketchup and place it in the basket,motion_blur,3,28,104028,False,280
object,4,pick up the ketchup and place it in the basket,motion_blur,3,29,104029,False,280
object,4,pick up the ketchup and place it in the basket,motion_blur,3,30,104030,False,280
object,4,pick up the ketchup and place it in the basket,motion_blur,3,31,104031,False,280
object,4,pick up the ketchup and place it in the basket,motion_blur,3,32,104032,False,280
object,4,pick up the ketchup and place it in the basket,motion_blur,3,33,104033,False,280
object,4,pick up the ketchup and place it in the basket,motion_blur,3,34,104034,False,280
object,4,pick up the ketchup and place it in the basket,motion_blur,3,35,104035,False,280
object,4,pick up the ketchup and place it in the basket,motion_blur,3,36,104036,False,280
object,4,pick up the ketchup and place it in the basket,motion_blur,3,37,104037,False,280
object,4,pick up the ketchup and place it in the basket,motion_blur,3,38,104038,False,280
object,4,pick up the ketchup and place it in the basket,motion_blur,3,39,104039,False,280
object,4,pick up the ketchup and place it in the basket,motion_blur,3,40,104040,False,280
object,4,pick up the ketchup and place it in the basket,motion_blur,3,41,104041,False,280
object,4,pick up the ketchup and place it in the basket,motion_blur,3,42,104042,False,280
object,4,pick up the ketchup and place it in the basket,motion_blur,3,43,104043,False,280
object,4,pick up the ketchup and place it in the basket,motion_blur,3,44,104044,False,280
object,4,pick up the ketchup and place it in the basket,motion_blur,3,45,104045,False,280
object,4,pick up the ketchup and place it in the basket,motion_blur,3,46,104046,False,280
object,4,pick up the ketchup and place it in the basket,motion_blur,3,47,104047,False,280
object,4,pick up the ketchup and place it in the basket,motion_blur,3,48,104048,False,280
object,4,pick up the ketchup and place it in the basket,motion_blur,3,49,104049,False,280
object,4,pick up the ketchup and place it in the basket,gaussian_blur,3,0,104000,False,280
object,4,pick up the ketchup and place it in the basket,gaussian_blur,3,1,104001,False,280
object,4,pick up the ketchup and place it in the basket,gaussian_blur,3,2,104002,False,280
object,4,pick up the ketchup and place it in the basket,gaussian_blur,3,3,104003,False,280
object,4,pick up the ketchup and place it in the basket,gaussian_blur,3,4,104004,False,280
object,4,pick up the ketchup and place it in the basket,gaussian_blur,3,5,104005,False,280
object,4,pick up the ketchup and place it in the basket,gaussian_blur,3,6,104006,False,280
object,4,pick up the ketchup and place it in the basket,gaussian_blur,3,7,104007,False,280
object,4,pick up the ketchup and place it in the basket,gaussian_blur,3,8,104008,False,280
object,4,pick up the ketchup and place it in the basket,gaussian_blur,3,9,104009,False,280
object,4,pick up the ketchup and place it in the basket,gaussian_blur,3,10,104010,False,280
object,4,pick up the ketchup and place it in the basket,gaussian_blur,3,11,104011,False,280
object,4,pick up the ketchup and place it in the basket,gaussian_blur,3,12,104012,False,280
object,4,pick up the ketchup and place it in the basket,gaussian_blur,3,13,104013,False,280
object,4,pick up the ketchup and place it in the basket,gaussian_blur,3,14,104014,False,280
object,4,pick up the ketchup and place it in the basket,gaussian_blur,3,15,104015,False,280
object,4,pick up the ketchup and place it in the basket,gaussian_blur,3,16,104016,False,280
object,4,pick up the ketchup and place it in the basket,gaussian_blur,3,17,104017,False,280
object,4,pick up the ketchup and place it in the basket,gaussian_blur,3,18,104018,False,280
object,4,pick up the ketchup and place it in the basket,gaussian_blur,3,19,104019,False,280
object,4,pick up the ketchup and place it in the basket,gaussian_blur,3,20,104020,False,280
object,4,pick up the ketchup and place it in the basket,gaussian_blur,3,21,104021,False,280
object,4,pick up the ketchup and place it in the basket,gaussian_blur,3,22,104022,False,280
object,4,pick up the ketchup and place it in the basket,gaussian_blur,3,23,104023,False,280
object,4,pick up the ketchup and place it in the basket,gaussian_blur,3,24,104024,False,280
object,4,pick up the ketchup and place it in the basket,gaussian_blur,3,25,104025,False,280
object,4,pick up the ketchup and place it in the basket,gaussian_blur,3,26,104026,False,280
object,4,pick up the ketchup and place it in the basket,gaussian_blur,3,27,104027,False,280
object,4,pick up the ketchup and place it in the basket,gaussian_blur,3,28,104028,False,280
object,4,pick up the ketchup and place it in the basket,gaussian_blur,3,29,104029,False,280
object,4,pick up the ketchup and place it in the basket,gaussian_blur,3,30,104030,False,280
object,4,pick up the ketchup and place it in the basket,gaussian_blur,3,31,104031,False,280
object,4,pick up the ketchup and place it in the basket,gaussian_blur,3,32,104032,False,280
object,4,pick up the ketchup and place it in the basket,gaussian_blur,3,33,104033,False,280
object,4,pick up the ketchup and place it in the basket,gaussian_blur,3,34,104034,False,280
object,4,pick up the ketchup and place it in the basket,gaussian_blur,3,35,104035,False,280
object,4,pick up the ketchup and place it in the basket,gaussian_blur,3,36,104036,False,280
object,4,pick up the ketchup and place it in the basket,gaussian_blur,3,37,104037,False,280
object,4,pick up the ketchup and place it in the basket,gaussian_blur,3,38,104038,False,280
object,4,pick up the ketchup and place it in the basket,gaussian_blur,3,39,104039,False,280
object,4,pick up the ketchup and place it in the basket,gaussian_blur,3,40,104040,False,280
object,4,pick up the ketchup and place it in the basket,gaussian_blur,3,41,104041,False,280
object,4,pick up the ketchup and place it in the basket,gaussian_blur,3,42,104042,False,280
object,4,pick up the ketchup and place it in the basket,gaussian_blur,3,43,104043,False,280
object,4,pick up the ketchup and place it in the basket,gaussian_blur,3,44,104044,False,280
object,4,pick up the ketchup and place it in the basket,gaussian_blur,3,45,104045,False,280
object,4,pick up the ketchup and place it in the basket,gaussian_blur,3,46,104046,False,280
object,4,pick up the ketchup and place it in the basket,gaussian_blur,3,47,104047,False,280
object,4,pick up the ketchup and place it in the basket,gaussian_blur,3,48,104048,False,280
object,4,pick up the ketchup and place it in the basket,gaussian_blur,3,49,104049,False,280
object,4,pick up the ketchup and place it in the basket,zoom_blur,3,0,104000,False,280
object,4,pick up the ketchup and place it in the basket,zoom_blur,3,1,104001,False,280
object,4,pick up the ketchup and place it in the basket,zoom_blur,3,2,104002,False,280
object,4,pick up the ketchup and place it in the basket,zoom_blur,3,3,104003,False,280
object,4,pick up the ketchup and place it in the basket,zoom_blur,3,4,104004,False,280
object,4,pick up the ketchup and place it in the basket,zoom_blur,3,5,104005,False,280
object,4,pick up the ketchup and place it in the basket,zoom_blur,3,6,104006,False,280
object,4,pick up the ketchup and place it in the basket,zoom_blur,3,7,104007,False,280
object,4,pick up the ketchup and place it in the basket,zoom_blur,3,8,104008,False,280
object,4,pick up the ketchup and place it in the basket,zoom_blur,3,9,104009,False,280
object,4,pick up the ketchup and place it in the basket,zoom_blur,3,10,104010,False,280
object,4,pick up the ketchup and place it in the basket,zoom_blur,3,11,104011,False,280
object,4,pick up the ketchup and place it in the basket,zoom_blur,3,12,104012,False,280
object,4,pick up the ketchup and place it in the basket,zoom_blur,3,13,104013,False,280
object,4,pick up the ketchup and place it in the basket,zoom_blur,3,14,104014,False,280
object,4,pick up the ketchup and place it in the basket,zoom_blur,3,15,104015,False,280
object,4,pick up the ketchup and place it in the basket,zoom_blur,3,16,104016,False,280
object,4,pick up the ketchup and place it in the basket,zoom_blur,3,17,104017,False,280
object,4,pick up the ketchup and place it in the basket,zoom_blur,3,18,104018,False,280
object,4,pick up the ketchup and place it in the basket,zoom_blur,3,19,104019,False,280
object,4,pick up the ketchup and place it in the basket,zoom_blur,3,20,104020,False,280
object,4,pick up the ketchup and place it in the basket,zoom_blur,3,21,104021,False,280
object,4,pick up the ketchup and place it in the basket,zoom_blur,3,22,104022,False,280
object,4,pick up the ketchup and place it in the basket,zoom_blur,3,23,104023,False,280
object,4,pick up the ketchup and place it in the basket,zoom_blur,3,24,104024,False,280
object,4,pick up the ketchup and place it in the basket,zoom_blur,3,25,104025,False,280
object,4,pick up the ketchup and place it in the basket,zoom_blur,3,26,104026,False,280
object,4,pick up the ketchup and place it in the basket,zoom_blur,3,27,104027,False,280
object,4,pick up the ketchup and place it in the basket,zoom_blur,3,28,104028,False,280
object,4,pick up the ketchup and place it in the basket,zoom_blur,3,29,104029,False,280
object,4,pick up the ketchup and place it in the basket,zoom_blur,3,30,104030,False,280
object,4,pick up the ketchup and place it in the basket,zoom_blur,3,31,104031,False,280
object,4,pick up the ketchup and place it in the basket,zoom_blur,3,32,104032,False,280
object,4,pick up the ketchup and place it in the basket,zoom_blur,3,33,104033,False,280
object,4,pick up the ketchup and place it in the basket,zoom_blur,3,34,104034,False,280
object,4,pick up the ketchup and place it in the basket,zoom_blur,3,35,104035,False,280
object,4,pick up the ketchup and place it in the basket,zoom_blur,3,36,104036,False,280
object,4,pick up the ketchup and place it in the basket,zoom_blur,3,37,104037,False,280
object,4,pick up the ketchup and place it in the basket,zoom_blur,3,38,104038,False,280
object,4,pick up the ketchup and place it in the basket,zoom_blur,3,39,104039,False,280
object,4,pick up the ketchup and place it in the basket,zoom_blur,3,40,104040,False,280
object,4,pick up the ketchup and place it in the basket,zoom_blur,3,41,104041,False,280
object,4,pick up the ketchup and place it in the basket,zoom_blur,3,42,104042,False,280
object,4,pick up the ketchup and place it in the basket,zoom_blur,3,43,104043,False,280
object,4,pick up the ketchup and place it in the basket,zoom_blur,3,44,104044,False,280
object,4,pick up the ketchup and place it in the basket,zoom_blur,3,45,104045,False,280
object,4,pick up the ketchup and place it in the basket,zoom_blur,3,46,104046,False,280
object,4,pick up the ketchup and place it in the basket,zoom_blur,3,47,104047,False,280
object,4,pick up the ketchup and place it in the basket,zoom_blur,3,48,104048,False,280
object,4,pick up the ketchup and place it in the basket,zoom_blur,3,49,104049,False,280
object,4,pick up the ketchup and place it in the basket,fog,3,0,104000,False,280
object,4,pick up the ketchup and place it in the basket,fog,3,1,104001,False,280
object,4,pick up the ketchup and place it in the basket,fog,3,2,104002,False,280
object,4,pick up the ketchup and place it in the basket,fog,3,3,104003,False,280
object,4,pick up the ketchup and place it in the basket,fog,3,4,104004,False,280
object,4,pick up the ketchup and place it in the basket,fog,3,5,104005,False,280
object,4,pick up the ketchup and place it in the basket,fog,3,6,104006,False,280
object,4,pick up the ketchup and place it in the basket,fog,3,7,104007,False,280
object,4,pick up the ketchup and place it in the basket,fog,3,8,104008,False,280
object,4,pick up the ketchup and place it in the basket,fog,3,9,104009,False,280
object,4,pick up the ketchup and place it in the basket,fog,3,10,104010,True,176
object,4,pick up the ketchup and place it in the basket,fog,3,11,104011,False,280
object,4,pick up the ketchup and place it in the basket,fog,3,12,104012,False,280
object,4,pick up the ketchup and place it in the basket,fog,3,13,104013,False,280
object,4,pick up the ketchup and place it in the basket,fog,3,14,104014,False,280
object,4,pick up the ketchup and place it in the basket,fog,3,15,104015,False,280
object,4,pick up the ketchup and place it in the basket,fog,3,16,104016,False,280
object,4,pick up the ketchup and place it in the basket,fog,3,17,104017,False,280
object,4,pick up the ketchup and place it in the basket,fog,3,18,104018,False,280
object,4,pick up the ketchup and place it in the basket,fog,3,19,104019,False,280
object,4,pick up the ketchup and place it in the basket,fog,3,20,104020,False,280
object,4,pick up the ketchup and place it in the basket,fog,3,21,104021,False,280
object,4,pick up the ketchup and place it in the basket,fog,3,22,104022,False,280
object,4,pick up the ketchup and place it in the basket,fog,3,23,104023,False,280
object,4,pick up the ketchup and place it in the basket,fog,3,24,104024,False,280
object,4,pick up the ketchup and place it in the basket,fog,3,25,104025,False,280
object,4,pick up the ketchup and place it in the basket,fog,3,26,104026,False,280
object,4,pick up the ketchup and place it in the basket,fog,3,27,104027,False,280
object,4,pick up the ketchup and place it in the basket,fog,3,28,104028,False,280
object,4,pick up the ketchup and place it in the basket,fog,3,29,104029,False,280
object,4,pick up the ketchup and place it in the basket,fog,3,30,104030,False,280
object,4,pick up the ketchup and place it in the basket,fog,3,31,104031,False,280
object,4,pick up the ketchup and place it in the basket,fog,3,32,104032,False,280
object,4,pick up the ketchup and place it in the basket,fog,3,33,104033,False,280
object,4,pick up the ketchup and place it in the basket,fog,3,34,104034,False,280
object,4,pick up the ketchup and place it in the basket,fog,3,35,104035,False,280
object,4,pick up the ketchup and place it in the basket,fog,3,36,104036,False,280
object,4,pick up the ketchup and place it in the basket,fog,3,37,104037,False,280
object,4,pick up the ketchup and place it in the basket,fog,3,38,104038,False,280
object,4,pick up the ketchup and place it in the basket,fog,3,39,104039,True,174
object,4,pick up the ketchup and place it in the basket,fog,3,40,104040,False,280
object,4,pick up the ketchup and place it in the basket,fog,3,41,104041,False,280
object,4,pick up the ketchup and place it in the basket,fog,3,42,104042,True,194
object,4,pick up the ketchup and place it in the basket,fog,3,43,104043,False,280
object,4,pick up the ketchup and place it in the basket,fog,3,44,104044,False,280
object,4,pick up the ketchup and place it in the basket,fog,3,45,104045,True,187
object,4,pick up the ketchup and place it in the basket,fog,3,46,104046,False,280
object,4,pick up the ketchup and place it in the basket,fog,3,47,104047,False,280
object,4,pick up the ketchup and place it in the basket,fog,3,48,104048,True,180
object,4,pick up the ketchup and place it in the basket,fog,3,49,104049,False,280
object,4,pick up the ketchup and place it in the basket,glass_blur,3,0,104000,False,280
object,4,pick up the ketchup and place it in the basket,glass_blur,3,1,104001,False,280
object,4,pick up the ketchup and place it in the basket,glass_blur,3,2,104002,False,280
object,4,pick up the ketchup and place it in the basket,glass_blur,3,3,104003,False,280
object,4,pick up the ketchup and place it in the basket,glass_blur,3,4,104004,False,280
object,4,pick up the ketchup and place it in the basket,glass_blur,3,5,104005,False,280
object,4,pick up the ketchup and place it in the basket,glass_blur,3,6,104006,False,280
object,4,pick up the ketchup and place it in the basket,glass_blur,3,7,104007,False,280
object,4,pick up the ketchup and place it in the basket,glass_blur,3,8,104008,False,280
object,4,pick up the ketchup and place it in the basket,glass_blur,3,9,104009,False,280
object,4,pick up the ketchup and place it in the basket,glass_blur,3,10,104010,False,280
object,4,pick up the ketchup and place it in the basket,glass_blur,3,11,104011,False,280
object,4,pick up the ketchup and place it in the basket,glass_blur,3,12,104012,False,280
object,4,pick up the ketchup and place it in the basket,glass_blur,3,13,104013,False,280
object,4,pick up the ketchup and place it in the basket,glass_blur,3,14,104014,False,280
object,4,pick up the ketchup and place it in the basket,glass_blur,3,15,104015,False,280
object,4,pick up the ketchup and place it in the basket,glass_blur,3,16,104016,False,280
object,4,pick up the ketchup and place it in the basket,glass_blur,3,17,104017,False,280
object,4,pick up the ketchup and place it in the basket,glass_blur,3,18,104018,False,280
object,4,pick up the ketchup and place it in the basket,glass_blur,3,19,104019,False,280
object,4,pick up the ketchup and place it in the basket,glass_blur,3,20,104020,False,280
object,4,pick up the ketchup and place it in the basket,glass_blur,3,21,104021,False,280
object,4,pick up the ketchup and place it in the basket,glass_blur,3,22,104022,False,280
object,4,pick up the ketchup and place it in the basket,glass_blur,3,23,104023,False,280
object,4,pick up the ketchup and place it in the basket,glass_blur,3,24,104024,False,280
object,4,pick up the ketchup and place it in the basket,glass_blur,3,25,104025,False,280
object,4,pick up the ketchup and place it in the basket,glass_blur,3,26,104026,False,280
object,4,pick up the ketchup and place it in the basket,glass_blur,3,27,104027,False,280
object,4,pick up the ketchup and place it in the basket,glass_blur,3,28,104028,False,280
object,4,pick up the ketchup and place it in the basket,glass_blur,3,29,104029,False,280
object,4,pick up the ketchup and place it in the basket,glass_blur,3,30,104030,False,280
object,4,pick up the ketchup and place it in the basket,glass_blur,3,31,104031,False,280
object,4,pick up the ketchup and place it in the basket,glass_blur,3,32,104032,False,280
object,4,pick up the ketchup and place it in the basket,glass_blur,3,33,104033,False,280
object,4,pick up the ketchup and place it in the basket,glass_blur,3,34,104034,False,280
object,4,pick up the ketchup and place it in the basket,glass_blur,3,35,104035,False,280
object,4,pick up the ketchup and place it in the basket,glass_blur,3,36,104036,False,280
object,4,pick up the ketchup and place it in the basket,glass_blur,3,37,104037,False,280
object,4,pick up the ketchup and place it in the basket,glass_blur,3,38,104038,False,280
object,4,pick up the ketchup and place it in the basket,glass_blur,3,39,104039,False,280
object,4,pick up the ketchup and place it in the basket,glass_blur,3,40,104040,False,280
object,4,pick up the ketchup and place it in the basket,glass_blur,3,41,104041,False,280
object,4,pick up the ketchup and place it in the basket,glass_blur,3,42,104042,False,280
object,4,pick up the ketchup and place it in the basket,glass_blur,3,43,104043,False,280
object,4,pick up the ketchup and place it in the basket,glass_blur,3,44,104044,False,280
object,4,pick up the ketchup and place it in the basket,glass_blur,3,45,104045,False,280
object,4,pick up the ketchup and place it in the basket,glass_blur,3,46,104046,False,280
object,4,pick up the ketchup and place it in the basket,glass_blur,3,47,104047,False,280
object,4,pick up the ketchup and place it in the basket,glass_blur,3,48,104048,False,280
object,4,pick up the ketchup and place it in the basket,glass_blur,3,49,104049,False,280
goal,0,open the middle drawer of the cabinet,clean,0,0,200000,True,128
goal,0,open the middle drawer of the cabinet,clean,0,1,200001,True,135
goal,0,open the middle drawer of the cabinet,clean,0,2,200002,True,139
goal,0,open the middle drawer of the cabinet,clean,0,3,200003,False,280
goal,0,open the middle drawer of the cabinet,clean,0,4,200004,True,158
goal,0,open the middle drawer of the cabinet,clean,0,5,200005,True,239
goal,0,open the middle drawer of the cabinet,clean,0,6,200006,False,280
goal,0,open the middle drawer of the cabinet,clean,0,7,200007,False,280
goal,0,open the middle drawer of the cabinet,clean,0,8,200008,True,241
goal,0,open the middle drawer of the cabinet,clean,0,9,200009,True,124
goal,0,open the middle drawer of the cabinet,clean,0,10,200010,True,149
goal,0,open the middle drawer of the cabinet,clean,0,11,200011,False,280
goal,0,open the middle drawer of the cabinet,clean,0,12,200012,True,129
goal,0,open the middle drawer of the cabinet,clean,0,13,200013,False,280
goal,0,open the middle drawer of the cabinet,clean,0,14,200014,True,125
goal,0,open the middle drawer of the cabinet,clean,0,15,200015,True,142
goal,0,open the middle drawer of the cabinet,clean,0,16,200016,False,280
goal,0,open the middle drawer of the cabinet,clean,0,17,200017,True,132
goal,0,open the middle drawer of the cabinet,clean,0,18,200018,False,280
goal,0,open the middle drawer of the cabinet,clean,0,19,200019,True,125
goal,0,open the middle drawer of the cabinet,clean,0,20,200020,True,195
goal,0,open the middle drawer of the cabinet,clean,0,21,200021,True,133
goal,0,open the middle drawer of the cabinet,clean,0,22,200022,True,121
goal,0,open the middle drawer of the cabinet,clean,0,23,200023,True,139
goal,0,open the middle drawer of the cabinet,clean,0,24,200024,False,280
goal,0,open the middle drawer of the cabinet,clean,0,25,200025,True,132
goal,0,open the middle drawer of the cabinet,clean,0,26,200026,True,144
goal,0,open the middle drawer of the cabinet,clean,0,27,200027,False,280
goal,0,open the middle drawer of the cabinet,clean,0,28,200028,False,280
goal,0,open the middle drawer of the cabinet,clean,0,29,200029,False,280
goal,0,open the middle drawer of the cabinet,clean,0,30,200030,True,159
goal,0,open the middle drawer of the cabinet,clean,0,31,200031,True,121
goal,0,open the middle drawer of the cabinet,clean,0,32,200032,True,150
goal,0,open the middle drawer of the cabinet,clean,0,33,200033,True,147
goal,0,open the middle drawer of the cabinet,clean,0,34,200034,False,280
goal,0,open the middle drawer of the cabinet,clean,0,35,200035,False,280
goal,0,open the middle drawer of the cabinet,clean,0,36,200036,True,124
goal,0,open the middle drawer of the cabinet,clean,0,37,200037,False,280
goal,0,open the middle drawer of the cabinet,clean,0,38,200038,False,280
goal,0,open the middle drawer of the cabinet,clean,0,39,200039,False,280
goal,0,open the middle drawer of the cabinet,clean,0,40,200040,True,147
goal,0,open the middle drawer of the cabinet,clean,0,41,200041,False,280
goal,0,open the middle drawer of the cabinet,clean,0,42,200042,False,280
goal,0,open the middle drawer of the cabinet,clean,0,43,200043,False,280
goal,0,open the middle drawer of the cabinet,clean,0,44,200044,True,130
goal,0,open the middle drawer of the cabinet,clean,0,45,200045,True,137
goal,0,open the middle drawer of the cabinet,clean,0,46,200046,False,280
goal,0,open the middle drawer of the cabinet,clean,0,47,200047,False,280
goal,0,open the middle drawer of the cabinet,clean,0,48,200048,False,280
goal,0,open the middle drawer of the cabinet,clean,0,49,200049,True,133
goal,0,open the middle drawer of the cabinet,motion_blur,3,0,200000,False,280
goal,0,open the middle drawer of the cabinet,motion_blur,3,1,200001,False,280
goal,0,open the middle drawer of the cabinet,motion_blur,3,2,200002,False,280
goal,0,open the middle drawer of the cabinet,motion_blur,3,3,200003,False,280
goal,0,open the middle drawer of the cabinet,motion_blur,3,4,200004,False,280
goal,0,open the middle drawer of the cabinet,motion_blur,3,5,200005,False,280
goal,0,open the middle drawer of the cabinet,motion_blur,3,6,200006,False,280
goal,0,open the middle drawer of the cabinet,motion_blur,3,7,200007,False,280
goal,0,open the middle drawer of the cabinet,motion_blur,3,8,200008,False,280
goal,0,open the middle drawer of the cabinet,motion_blur,3,9,200009,False,280
goal,0,open the middle drawer of the cabinet,motion_blur,3,10,200010,False,280
goal,0,open the middle drawer of the cabinet,motion_blur,3,11,200011,False,280
goal,0,open the middle drawer of the cabinet,motion_blur,3,12,200012,False,280
goal,0,open the middle drawer of the cabinet,motion_blur,3,13,200013,False,280
goal,0,open the middle drawer of the cabinet,motion_blur,3,14,200014,False,280
goal,0,open the middle drawer of the cabinet,motion_blur,3,15,200015,False,280
goal,0,open the middle drawer of the cabinet,motion_blur,3,16,200016,False,280
goal,0,open the middle drawer of the cabinet,motion_blur,3,17,200017,False,280
goal,0,open the middle drawer of the cabinet,motion_blur,3,18,200018,False,280
goal,0,open the middle drawer of the cabinet,motion_blur,3,19,200019,False,280
goal,0,open the middle drawer of the cabinet,motion_blur,3,20,200020,False,280
goal,0,open the middle drawer of the cabinet,motion_blur,3,21,200021,False,280
goal,0,open the middle drawer of the cabinet,motion_blur,3,22,200022,False,280
goal,0,open the middle drawer of the cabinet,motion_blur,3,23,200023,False,280
goal,0,open the middle drawer of the cabinet,motion_blur,3,24,200024,False,280
goal,0,open the middle drawer of the cabinet,motion_blur,3,25,200025,False,280
goal,0,open the middle drawer of the cabinet,motion_blur,3,26,200026,False,280
goal,0,open the middle drawer of the cabinet,motion_blur,3,27,200027,False,280
goal,0,open the middle drawer of the cabinet,motion_blur,3,28,200028,False,280
goal,0,open the middle drawer of the cabinet,motion_blur,3,29,200029,False,280
goal,0,open the middle drawer of the cabinet,motion_blur,3,30,200030,False,280
goal,0,open the middle drawer of the cabinet,motion_blur,3,31,200031,False,280
goal,0,open the middle drawer of the cabinet,motion_blur,3,32,200032,False,280
goal,0,open the middle drawer of the cabinet,motion_blur,3,33,200033,False,280
goal,0,open the middle drawer of the cabinet,motion_blur,3,34,200034,False,280
goal,0,open the middle drawer of the cabinet,motion_blur,3,35,200035,False,280
goal,0,open the middle drawer of the cabinet,motion_blur,3,36,200036,False,280
goal,0,open the middle drawer of the cabinet,motion_blur,3,37,200037,False,280
goal,0,open the middle drawer of the cabinet,motion_blur,3,38,200038,False,280
goal,0,open the middle drawer of the cabinet,motion_blur,3,39,200039,False,280
goal,0,open the middle drawer of the cabinet,motion_blur,3,40,200040,False,280
goal,0,open the middle drawer of the cabinet,motion_blur,3,41,200041,False,280
goal,0,open the middle drawer of the cabinet,motion_blur,3,42,200042,False,280
goal,0,open the middle drawer of the cabinet,motion_blur,3,43,200043,False,280
goal,0,open the middle drawer of the cabinet,motion_blur,3,44,200044,False,280
goal,0,open the middle drawer of the cabinet,motion_blur,3,45,200045,False,280
goal,0,open the middle drawer of the cabinet,motion_blur,3,46,200046,False,280
goal,0,open the middle drawer of the cabinet,motion_blur,3,47,200047,False,280
goal,0,open the middle drawer of the cabinet,motion_blur,3,48,200048,False,280
goal,0,open the middle drawer of the cabinet,motion_blur,3,49,200049,False,280
goal,0,open the middle drawer of the cabinet,gaussian_blur,3,0,200000,False,280
goal,0,open the middle drawer of the cabinet,gaussian_blur,3,1,200001,False,280
goal,0,open the middle drawer of the cabinet,gaussian_blur,3,2,200002,False,280
goal,0,open the middle drawer of the cabinet,gaussian_blur,3,3,200003,False,280
goal,0,open the middle drawer of the cabinet,gaussian_blur,3,4,200004,False,280
goal,0,open the middle drawer of the cabinet,gaussian_blur,3,5,200005,False,280
goal,0,open the middle drawer of the cabinet,gaussian_blur,3,6,200006,False,280
goal,0,open the middle drawer of the cabinet,gaussian_blur,3,7,200007,False,280
goal,0,open the middle drawer of the cabinet,gaussian_blur,3,8,200008,False,280
goal,0,open the middle drawer of the cabinet,gaussian_blur,3,9,200009,False,280
goal,0,open the middle drawer of the cabinet,gaussian_blur,3,10,200010,False,280
goal,0,open the middle drawer of the cabinet,gaussian_blur,3,11,200011,False,280
goal,0,open the middle drawer of the cabinet,gaussian_blur,3,12,200012,False,280
goal,0,open the middle drawer of the cabinet,gaussian_blur,3,13,200013,False,280
goal,0,open the middle drawer of the cabinet,gaussian_blur,3,14,200014,False,280
goal,0,open the middle drawer of the cabinet,gaussian_blur,3,15,200015,False,280
goal,0,open the middle drawer of the cabinet,gaussian_blur,3,16,200016,False,280
goal,0,open the middle drawer of the cabinet,gaussian_blur,3,17,200017,False,280
goal,0,open the middle drawer of the cabinet,gaussian_blur,3,18,200018,False,280
goal,0,open the middle drawer of the cabinet,gaussian_blur,3,19,200019,False,280
goal,0,open the middle drawer of the cabinet,gaussian_blur,3,20,200020,False,280
goal,0,open the middle drawer of the cabinet,gaussian_blur,3,21,200021,False,280
goal,0,open the middle drawer of the cabinet,gaussian_blur,3,22,200022,False,280
goal,0,open the middle drawer of the cabinet,gaussian_blur,3,23,200023,False,280
goal,0,open the middle drawer of the cabinet,gaussian_blur,3,24,200024,False,280
goal,0,open the middle drawer of the cabinet,gaussian_blur,3,25,200025,False,280
goal,0,open the middle drawer of the cabinet,gaussian_blur,3,26,200026,False,280
goal,0,open the middle drawer of the cabinet,gaussian_blur,3,27,200027,False,280
goal,0,open the middle drawer of the cabinet,gaussian_blur,3,28,200028,False,280
goal,0,open the middle drawer of the cabinet,gaussian_blur,3,29,200029,False,280
goal,0,open the middle drawer of the cabinet,gaussian_blur,3,30,200030,False,280
goal,0,open the middle drawer of the cabinet,gaussian_blur,3,31,200031,False,280
goal,0,open the middle drawer of the cabinet,gaussian_blur,3,32,200032,False,280
goal,0,open the middle drawer of the cabinet,gaussian_blur,3,33,200033,False,280
goal,0,open the middle drawer of the cabinet,gaussian_blur,3,34,200034,False,280
goal,0,open the middle drawer of the cabinet,gaussian_blur,3,35,200035,False,280
goal,0,open the middle drawer of the cabinet,gaussian_blur,3,36,200036,False,280
goal,0,open the middle drawer of the cabinet,gaussian_blur,3,37,200037,False,280
goal,0,open the middle drawer of the cabinet,gaussian_blur,3,38,200038,False,280
goal,0,open the middle drawer of the cabinet,gaussian_blur,3,39,200039,False,280
goal,0,open the middle drawer of the cabinet,gaussian_blur,3,40,200040,False,280
goal,0,open the middle drawer of the cabinet,gaussian_blur,3,41,200041,False,280
goal,0,open the middle drawer of the cabinet,gaussian_blur,3,42,200042,False,280
goal,0,open the middle drawer of the cabinet,gaussian_blur,3,43,200043,False,280
goal,0,open the middle drawer of the cabinet,gaussian_blur,3,44,200044,False,280
goal,0,open the middle drawer of the cabinet,gaussian_blur,3,45,200045,False,280
goal,0,open the middle drawer of the cabinet,gaussian_blur,3,46,200046,False,280
goal,0,open the middle drawer of the cabinet,gaussian_blur,3,47,200047,False,280
goal,0,open the middle drawer of the cabinet,gaussian_blur,3,48,200048,False,280
goal,0,open the middle drawer of the cabinet,gaussian_blur,3,49,200049,False,280
goal,0,open the middle drawer of the cabinet,zoom_blur,3,0,200000,False,280
goal,0,open the middle drawer of the cabinet,zoom_blur,3,1,200001,False,280
goal,0,open the middle drawer of the cabinet,zoom_blur,3,2,200002,False,280
goal,0,open the middle drawer of the cabinet,zoom_blur,3,3,200003,False,280
goal,0,open the middle drawer of the cabinet,zoom_blur,3,4,200004,False,280
goal,0,open the middle drawer of the cabinet,zoom_blur,3,5,200005,False,280
goal,0,open the middle drawer of the cabinet,zoom_blur,3,6,200006,False,280
goal,0,open the middle drawer of the cabinet,zoom_blur,3,7,200007,False,280
goal,0,open the middle drawer of the cabinet,zoom_blur,3,8,200008,False,280
goal,0,open the middle drawer of the cabinet,zoom_blur,3,9,200009,False,280
goal,0,open the middle drawer of the cabinet,zoom_blur,3,10,200010,False,280
goal,0,open the middle drawer of the cabinet,zoom_blur,3,11,200011,False,280
goal,0,open the middle drawer of the cabinet,zoom_blur,3,12,200012,False,280
goal,0,open the middle drawer of the cabinet,zoom_blur,3,13,200013,False,280
goal,0,open the middle drawer of the cabinet,zoom_blur,3,14,200014,False,280
goal,0,open the middle drawer of the cabinet,zoom_blur,3,15,200015,False,280
goal,0,open the middle drawer of the cabinet,zoom_blur,3,16,200016,False,280
goal,0,open the middle drawer of the cabinet,zoom_blur,3,17,200017,False,280
goal,0,open the middle drawer of the cabinet,zoom_blur,3,18,200018,False,280
goal,0,open the middle drawer of the cabinet,zoom_blur,3,19,200019,False,280
goal,0,open the middle drawer of the cabinet,zoom_blur,3,20,200020,False,280
goal,0,open the middle drawer of the cabinet,zoom_blur,3,21,200021,False,280
goal,0,open the middle drawer of the cabinet,zoom_blur,3,22,200022,False,280
goal,0,open the middle drawer of the cabinet,zoom_blur,3,23,200023,False,280
goal,0,open the middle drawer of the cabinet,zoom_blur,3,24,200024,False,280
goal,0,open the middle drawer of the cabinet,zoom_blur,3,25,200025,False,280
goal,0,open the middle drawer of the cabinet,zoom_blur,3,26,200026,False,280
goal,0,open the middle drawer of the cabinet,zoom_blur,3,27,200027,False,280
goal,0,open the middle drawer of the cabinet,zoom_blur,3,28,200028,False,280
goal,0,open the middle drawer of the cabinet,zoom_blur,3,29,200029,False,280
goal,0,open the middle drawer of the cabinet,zoom_blur,3,30,200030,False,280
goal,0,open the middle drawer of the cabinet,zoom_blur,3,31,200031,False,280
goal,0,open the middle drawer of the cabinet,zoom_blur,3,32,200032,False,280
goal,0,open the middle drawer of the cabinet,zoom_blur,3,33,200033,False,280
goal,0,open the middle drawer of the cabinet,zoom_blur,3,34,200034,False,280
goal,0,open the middle drawer of the cabinet,zoom_blur,3,35,200035,False,280
goal,0,open the middle drawer of the cabinet,zoom_blur,3,36,200036,False,280
goal,0,open the middle drawer of the cabinet,zoom_blur,3,37,200037,False,280
goal,0,open the middle drawer of the cabinet,zoom_blur,3,38,200038,False,280
goal,0,open the middle drawer of the cabinet,zoom_blur,3,39,200039,False,280
goal,0,open the middle drawer of the cabinet,zoom_blur,3,40,200040,False,280
goal,0,open the middle drawer of the cabinet,zoom_blur,3,41,200041,False,280
goal,0,open the middle drawer of the cabinet,zoom_blur,3,42,200042,False,280
goal,0,open the middle drawer of the cabinet,zoom_blur,3,43,200043,False,280
goal,0,open the middle drawer of the cabinet,zoom_blur,3,44,200044,False,280
goal,0,open the middle drawer of the cabinet,zoom_blur,3,45,200045,False,280
goal,0,open the middle drawer of the cabinet,zoom_blur,3,46,200046,False,280
goal,0,open the middle drawer of the cabinet,zoom_blur,3,47,200047,False,280
goal,0,open the middle drawer of the cabinet,zoom_blur,3,48,200048,False,280
goal,0,open the middle drawer of the cabinet,zoom_blur,3,49,200049,False,280
goal,0,open the middle drawer of the cabinet,fog,3,0,200000,False,280
goal,0,open the middle drawer of the cabinet,fog,3,1,200001,False,280
goal,0,open the middle drawer of the cabinet,fog,3,2,200002,False,280
goal,0,open the middle drawer of the cabinet,fog,3,3,200003,False,280
goal,0,open the middle drawer of the cabinet,fog,3,4,200004,False,280
goal,0,open the middle drawer of the cabinet,fog,3,5,200005,False,280
goal,0,open the middle drawer of the cabinet,fog,3,6,200006,False,280
goal,0,open the middle drawer of the cabinet,fog,3,7,200007,False,280
goal,0,open the middle drawer of the cabinet,fog,3,8,200008,False,280
goal,0,open the middle drawer of the cabinet,fog,3,9,200009,False,280
goal,0,open the middle drawer of the cabinet,fog,3,10,200010,False,280
goal,0,open the middle drawer of the cabinet,fog,3,11,200011,False,280
goal,0,open the middle drawer of the cabinet,fog,3,12,200012,False,280
goal,0,open the middle drawer of the cabinet,fog,3,13,200013,False,280
goal,0,open the middle drawer of the cabinet,fog,3,14,200014,False,280
goal,0,open the middle drawer of the cabinet,fog,3,15,200015,False,280
goal,0,open the middle drawer of the cabinet,fog,3,16,200016,False,280
goal,0,open the middle drawer of the cabinet,fog,3,17,200017,False,280
goal,0,open the middle drawer of the cabinet,fog,3,18,200018,False,280
goal,0,open the middle drawer of the cabinet,fog,3,19,200019,False,280
goal,0,open the middle drawer of the cabinet,fog,3,20,200020,False,280
goal,0,open the middle drawer of the cabinet,fog,3,21,200021,False,280
goal,0,open the middle drawer of the cabinet,fog,3,22,200022,False,280
goal,0,open the middle drawer of the cabinet,fog,3,23,200023,False,280
goal,0,open the middle drawer of the cabinet,fog,3,24,200024,False,280
goal,0,open the middle drawer of the cabinet,fog,3,25,200025,False,280
goal,0,open the middle drawer of the cabinet,fog,3,26,200026,False,280
goal,0,open the middle drawer of the cabinet,fog,3,27,200027,False,280
goal,0,open the middle drawer of the cabinet,fog,3,28,200028,False,280
goal,0,open the middle drawer of the cabinet,fog,3,29,200029,False,280
goal,0,open the middle drawer of the cabinet,fog,3,30,200030,False,280
goal,0,open the middle drawer of the cabinet,fog,3,31,200031,False,280
goal,0,open the middle drawer of the cabinet,fog,3,32,200032,False,280
goal,0,open the middle drawer of the cabinet,fog,3,33,200033,False,280
goal,0,open the middle drawer of the cabinet,fog,3,34,200034,False,280
goal,0,open the middle drawer of the cabinet,fog,3,35,200035,False,280
goal,0,open the middle drawer of the cabinet,fog,3,36,200036,False,280
goal,0,open the middle drawer of the cabinet,fog,3,37,200037,False,280
goal,0,open the middle drawer of the cabinet,fog,3,38,200038,False,280
goal,0,open the middle drawer of the cabinet,fog,3,39,200039,False,280
goal,0,open the middle drawer of the cabinet,fog,3,40,200040,False,280
goal,0,open the middle drawer of the cabinet,fog,3,41,200041,False,280
goal,0,open the middle drawer of the cabinet,fog,3,42,200042,False,280
goal,0,open the middle drawer of the cabinet,fog,3,43,200043,False,280
goal,0,open the middle drawer of the cabinet,fog,3,44,200044,False,280
goal,0,open the middle drawer of the cabinet,fog,3,45,200045,False,280
goal,0,open the middle drawer of the cabinet,fog,3,46,200046,False,280
goal,0,open the middle drawer of the cabinet,fog,3,47,200047,False,280
goal,0,open the middle drawer of the cabinet,fog,3,48,200048,False,280
goal,0,open the middle drawer of the cabinet,fog,3,49,200049,False,280
goal,0,open the middle drawer of the cabinet,glass_blur,3,0,200000,False,280
goal,0,open the middle drawer of the cabinet,glass_blur,3,1,200001,False,280
goal,0,open the middle drawer of the cabinet,glass_blur,3,2,200002,False,280
goal,0,open the middle drawer of the cabinet,glass_blur,3,3,200003,False,280
goal,0,open the middle drawer of the cabinet,glass_blur,3,4,200004,False,280
goal,0,open the middle drawer of the cabinet,glass_blur,3,5,200005,False,280
goal,0,open the middle drawer of the cabinet,glass_blur,3,6,200006,False,280
goal,0,open the middle drawer of the cabinet,glass_blur,3,7,200007,False,280
goal,0,open the middle drawer of the cabinet,glass_blur,3,8,200008,False,280
goal,0,open the middle drawer of the cabinet,glass_blur,3,9,200009,False,280
goal,0,open the middle drawer of the cabinet,glass_blur,3,10,200010,False,280
goal,0,open the middle drawer of the cabinet,glass_blur,3,11,200011,False,280
goal,0,open the middle drawer of the cabinet,glass_blur,3,12,200012,False,280
goal,0,open the middle drawer of the cabinet,glass_blur,3,13,200013,False,280
goal,0,open the middle drawer of the cabinet,glass_blur,3,14,200014,False,280
goal,0,open the middle drawer of the cabinet,glass_blur,3,15,200015,False,280
goal,0,open the middle drawer of the cabinet,glass_blur,3,16,200016,False,280
goal,0,open the middle drawer of the cabinet,glass_blur,3,17,200017,False,280
goal,0,open the middle drawer of the cabinet,glass_blur,3,18,200018,False,280
goal,0,open the middle drawer of the cabinet,glass_blur,3,19,200019,False,280
goal,0,open the middle drawer of the cabinet,glass_blur,3,20,200020,False,280
goal,0,open the middle drawer of the cabinet,glass_blur,3,21,200021,False,280
goal,0,open the middle drawer of the cabinet,glass_blur,3,22,200022,False,280
goal,0,open the middle drawer of the cabinet,glass_blur,3,23,200023,False,280
goal,0,open the middle drawer of the cabinet,glass_blur,3,24,200024,False,280
goal,0,open the middle drawer of the cabinet,glass_blur,3,25,200025,False,280
goal,0,open the middle drawer of the cabinet,glass_blur,3,26,200026,False,280
goal,0,open the middle drawer of the cabinet,glass_blur,3,27,200027,False,280
goal,0,open the middle drawer of the cabinet,glass_blur,3,28,200028,False,280
goal,0,open the middle drawer of the cabinet,glass_blur,3,29,200029,False,280
goal,0,open the middle drawer of the cabinet,glass_blur,3,30,200030,False,280
goal,0,open the middle drawer of the cabinet,glass_blur,3,31,200031,False,280
goal,0,open the middle drawer of the cabinet,glass_blur,3,32,200032,False,280
goal,0,open the middle drawer of the cabinet,glass_blur,3,33,200033,False,280
goal,0,open the middle drawer of the cabinet,glass_blur,3,34,200034,False,280
goal,0,open the middle drawer of the cabinet,glass_blur,3,35,200035,False,280
goal,0,open the middle drawer of the cabinet,glass_blur,3,36,200036,False,280
goal,0,open the middle drawer of the cabinet,glass_blur,3,37,200037,False,280
goal,0,open the middle drawer of the cabinet,glass_blur,3,38,200038,False,280
goal,0,open the middle drawer of the cabinet,glass_blur,3,39,200039,False,280
goal,0,open the middle drawer of the cabinet,glass_blur,3,40,200040,False,280
goal,0,open the middle drawer of the cabinet,glass_blur,3,41,200041,False,280
goal,0,open the middle drawer of the cabinet,glass_blur,3,42,200042,False,280
goal,0,open the middle drawer of the cabinet,glass_blur,3,43,200043,False,280
goal,0,open the middle drawer of the cabinet,glass_blur,3,44,200044,False,280
goal,0,open the middle drawer of the cabinet,glass_blur,3,45,200045,False,280
goal,0,open the middle drawer of the cabinet,glass_blur,3,46,200046,False,280
goal,0,open the middle drawer of the cabinet,glass_blur,3,47,200047,False,280
goal,0,open the middle drawer of the cabinet,glass_blur,3,48,200048,False,280
goal,0,open the middle drawer of the cabinet,glass_blur,3,49,200049,False,280
goal,1,put the bowl on the stove,clean,0,0,201000,True,96
goal,1,put the bowl on the stove,clean,0,1,201001,True,100
goal,1,put the bowl on the stove,clean,0,2,201002,True,96
goal,1,put the bowl on the stove,clean,0,3,201003,True,96
goal,1,put the bowl on the stove,clean,0,4,201004,True,90
goal,1,put the bowl on the stove,clean,0,5,201005,True,86
goal,1,put the bowl on the stove,clean,0,6,201006,True,97
goal,1,put the bowl on the stove,clean,0,7,201007,True,87
goal,1,put the bowl on the stove,clean,0,8,201008,False,280
goal,1,put the bowl on the stove,clean,0,9,201009,True,96
goal,1,put the bowl on the stove,clean,0,10,201010,True,105
goal,1,put the bowl on the stove,clean,0,11,201011,True,92
goal,1,put the bowl on the stove,clean,0,12,201012,True,93
goal,1,put the bowl on the stove,clean,0,13,201013,True,93
goal,1,put the bowl on the stove,clean,0,14,201014,True,115
goal,1,put the bowl on the stove,clean,0,15,201015,True,97
goal,1,put the bowl on the stove,clean,0,16,201016,True,87
goal,1,put the bowl on the stove,clean,0,17,201017,True,96
goal,1,put the bowl on the stove,clean,0,18,201018,True,92
goal,1,put the bowl on the stove,clean,0,19,201019,True,97
goal,1,put the bowl on the stove,clean,0,20,201020,True,93
goal,1,put the bowl on the stove,clean,0,21,201021,True,87
goal,1,put the bowl on the stove,clean,0,22,201022,True,89
goal,1,put the bowl on the stove,clean,0,23,201023,True,99
goal,1,put the bowl on the stove,clean,0,24,201024,False,280
goal,1,put the bowl on the stove,clean,0,25,201025,True,91
goal,1,put the bowl on the stove,clean,0,26,201026,True,96
goal,1,put the bowl on the stove,clean,0,27,201027,True,95
goal,1,put the bowl on the stove,clean,0,28,201028,True,101
goal,1,put the bowl on the stove,clean,0,29,201029,True,98
goal,1,put the bowl on the stove,clean,0,30,201030,False,280
goal,1,put the bowl on the stove,clean,0,31,201031,True,96
goal,1,put the bowl on the stove,clean,0,32,201032,True,88
goal,1,put the bowl on the stove,clean,0,33,201033,True,95
goal,1,put the bowl on the stove,clean,0,34,201034,True,93
goal,1,put the bowl on the stove,clean,0,35,201035,True,85
goal,1,put the bowl on the stove,clean,0,36,201036,True,94
goal,1,put the bowl on the stove,clean,0,37,201037,True,98
goal,1,put the bowl on the stove,clean,0,38,201038,True,91
goal,1,put the bowl on the stove,clean,0,39,201039,False,280
goal,1,put the bowl on the stove,clean,0,40,201040,True,86
goal,1,put the bowl on the stove,clean,0,41,201041,True,96
goal,1,put the bowl on the stove,clean,0,42,201042,True,102
goal,1,put the bowl on the stove,clean,0,43,201043,False,280
goal,1,put the bowl on the stove,clean,0,44,201044,True,91
goal,1,put the bowl on the stove,clean,0,45,201045,True,106
goal,1,put the bowl on the stove,clean,0,46,201046,True,93
goal,1,put the bowl on the stove,clean,0,47,201047,True,95
goal,1,put the bowl on the stove,clean,0,48,201048,True,99
goal,1,put the bowl on the stove,clean,0,49,201049,True,87
goal,1,put the bowl on the stove,motion_blur,3,0,201000,False,280
goal,1,put the bowl on the stove,motion_blur,3,1,201001,False,280
goal,1,put the bowl on the stove,motion_blur,3,2,201002,False,280
goal,1,put the bowl on the stove,motion_blur,3,3,201003,False,280
goal,1,put the bowl on the stove,motion_blur,3,4,201004,False,280
goal,1,put the bowl on the stove,motion_blur,3,5,201005,False,280
goal,1,put the bowl on the stove,motion_blur,3,6,201006,False,280
goal,1,put the bowl on the stove,motion_blur,3,7,201007,False,280
goal,1,put the bowl on the stove,motion_blur,3,8,201008,False,280
goal,1,put the bowl on the stove,motion_blur,3,9,201009,False,280
goal,1,put the bowl on the stove,motion_blur,3,10,201010,False,280
goal,1,put the bowl on the stove,motion_blur,3,11,201011,False,280
goal,1,put the bowl on the stove,motion_blur,3,12,201012,False,280
goal,1,put the bowl on the stove,motion_blur,3,13,201013,False,280
goal,1,put the bowl on the stove,motion_blur,3,14,201014,False,280
goal,1,put the bowl on the stove,motion_blur,3,15,201015,False,280
goal,1,put the bowl on the stove,motion_blur,3,16,201016,False,280
goal,1,put the bowl on the stove,motion_blur,3,17,201017,False,280
goal,1,put the bowl on the stove,motion_blur,3,18,201018,False,280
goal,1,put the bowl on the stove,motion_blur,3,19,201019,False,280
goal,1,put the bowl on the stove,motion_blur,3,20,201020,False,280
goal,1,put the bowl on the stove,motion_blur,3,21,201021,False,280
goal,1,put the bowl on the stove,motion_blur,3,22,201022,False,280
goal,1,put the bowl on the stove,motion_blur,3,23,201023,False,280
goal,1,put the bowl on the stove,motion_blur,3,24,201024,False,280
goal,1,put the bowl on the stove,motion_blur,3,25,201025,False,280
goal,1,put the bowl on the stove,motion_blur,3,26,201026,False,280
goal,1,put the bowl on the stove,motion_blur,3,27,201027,False,280
goal,1,put the bowl on the stove,motion_blur,3,28,201028,False,280
goal,1,put the bowl on the stove,motion_blur,3,29,201029,False,280
goal,1,put the bowl on the stove,motion_blur,3,30,201030,False,280
goal,1,put the bowl on the stove,motion_blur,3,31,201031,False,280
goal,1,put the bowl on the stove,motion_blur,3,32,201032,False,280
goal,1,put the bowl on the stove,motion_blur,3,33,201033,False,280
goal,1,put the bowl on the stove,motion_blur,3,34,201034,False,280
goal,1,put the bowl on the stove,motion_blur,3,35,201035,False,280
goal,1,put the bowl on the stove,motion_blur,3,36,201036,False,280
goal,1,put the bowl on the stove,motion_blur,3,37,201037,False,280
goal,1,put the bowl on the stove,motion_blur,3,38,201038,False,280
goal,1,put the bowl on the stove,motion_blur,3,39,201039,False,280
goal,1,put the bowl on the stove,motion_blur,3,40,201040,False,280
goal,1,put the bowl on the stove,motion_blur,3,41,201041,False,280
goal,1,put the bowl on the stove,motion_blur,3,42,201042,False,280
goal,1,put the bowl on the stove,motion_blur,3,43,201043,False,280
goal,1,put the bowl on the stove,motion_blur,3,44,201044,False,280
goal,1,put the bowl on the stove,motion_blur,3,45,201045,False,280
goal,1,put the bowl on the stove,motion_blur,3,46,201046,False,280
goal,1,put the bowl on the stove,motion_blur,3,47,201047,False,280
goal,1,put the bowl on the stove,motion_blur,3,48,201048,False,280
goal,1,put the bowl on the stove,motion_blur,3,49,201049,False,280
goal,1,put the bowl on the stove,gaussian_blur,3,0,201000,False,280
goal,1,put the bowl on the stove,gaussian_blur,3,1,201001,False,280
goal,1,put the bowl on the stove,gaussian_blur,3,2,201002,False,280
goal,1,put the bowl on the stove,gaussian_blur,3,3,201003,False,280
goal,1,put the bowl on the stove,gaussian_blur,3,4,201004,False,280
goal,1,put the bowl on the stove,gaussian_blur,3,5,201005,False,280
goal,1,put the bowl on the stove,gaussian_blur,3,6,201006,False,280
goal,1,put the bowl on the stove,gaussian_blur,3,7,201007,False,280
goal,1,put the bowl on the stove,gaussian_blur,3,8,201008,False,280
goal,1,put the bowl on the stove,gaussian_blur,3,9,201009,False,280
goal,1,put the bowl on the stove,gaussian_blur,3,10,201010,False,280
goal,1,put the bowl on the stove,gaussian_blur,3,11,201011,False,280
goal,1,put the bowl on the stove,gaussian_blur,3,12,201012,False,280
goal,1,put the bowl on the stove,gaussian_blur,3,13,201013,False,280
goal,1,put the bowl on the stove,gaussian_blur,3,14,201014,False,280
goal,1,put the bowl on the stove,gaussian_blur,3,15,201015,False,280
goal,1,put the bowl on the stove,gaussian_blur,3,16,201016,False,280
goal,1,put the bowl on the stove,gaussian_blur,3,17,201017,False,280
goal,1,put the bowl on the stove,gaussian_blur,3,18,201018,False,280
goal,1,put the bowl on the stove,gaussian_blur,3,19,201019,False,280
goal,1,put the bowl on the stove,gaussian_blur,3,20,201020,False,280
goal,1,put the bowl on the stove,gaussian_blur,3,21,201021,False,280
goal,1,put the bowl on the stove,gaussian_blur,3,22,201022,False,280
goal,1,put the bowl on the stove,gaussian_blur,3,23,201023,False,280
goal,1,put the bowl on the stove,gaussian_blur,3,24,201024,False,280
goal,1,put the bowl on the stove,gaussian_blur,3,25,201025,False,280
goal,1,put the bowl on the stove,gaussian_blur,3,26,201026,False,280
goal,1,put the bowl on the stove,gaussian_blur,3,27,201027,False,280
goal,1,put the bowl on the stove,gaussian_blur,3,28,201028,False,280
goal,1,put the bowl on the stove,gaussian_blur,3,29,201029,False,280
goal,1,put the bowl on the stove,gaussian_blur,3,30,201030,False,280
goal,1,put the bowl on the stove,gaussian_blur,3,31,201031,False,280
goal,1,put the bowl on the stove,gaussian_blur,3,32,201032,False,280
goal,1,put the bowl on the stove,gaussian_blur,3,33,201033,False,280
goal,1,put the bowl on the stove,gaussian_blur,3,34,201034,False,280
goal,1,put the bowl on the stove,gaussian_blur,3,35,201035,False,280
goal,1,put the bowl on the stove,gaussian_blur,3,36,201036,False,280
goal,1,put the bowl on the stove,gaussian_blur,3,37,201037,False,280
goal,1,put the bowl on the stove,gaussian_blur,3,38,201038,False,280
goal,1,put the bowl on the stove,gaussian_blur,3,39,201039,False,280
goal,1,put the bowl on the stove,gaussian_blur,3,40,201040,False,280
goal,1,put the bowl on the stove,gaussian_blur,3,41,201041,False,280
goal,1,put the bowl on the stove,gaussian_blur,3,42,201042,False,280
goal,1,put the bowl on the stove,gaussian_blur,3,43,201043,False,280
goal,1,put the bowl on the stove,gaussian_blur,3,44,201044,False,280
goal,1,put the bowl on the stove,gaussian_blur,3,45,201045,False,280
goal,1,put the bowl on the stove,gaussian_blur,3,46,201046,False,280
goal,1,put the bowl on the stove,gaussian_blur,3,47,201047,False,280
goal,1,put the bowl on the stove,gaussian_blur,3,48,201048,False,280
goal,1,put the bowl on the stove,gaussian_blur,3,49,201049,False,280
goal,1,put the bowl on the stove,zoom_blur,3,0,201000,False,280
goal,1,put the bowl on the stove,zoom_blur,3,1,201001,False,280
goal,1,put the bowl on the stove,zoom_blur,3,2,201002,False,280
goal,1,put the bowl on the stove,zoom_blur,3,3,201003,False,280
goal,1,put the bowl on the stove,zoom_blur,3,4,201004,False,280
goal,1,put the bowl on the stove,zoom_blur,3,5,201005,False,280
goal,1,put the bowl on the stove,zoom_blur,3,6,201006,False,280
goal,1,put the bowl on the stove,zoom_blur,3,7,201007,False,280
goal,1,put the bowl on the stove,zoom_blur,3,8,201008,False,280
goal,1,put the bowl on the stove,zoom_blur,3,9,201009,False,280
goal,1,put the bowl on the stove,zoom_blur,3,10,201010,False,280
goal,1,put the bowl on the stove,zoom_blur,3,11,201011,False,280
goal,1,put the bowl on the stove,zoom_blur,3,12,201012,False,280
goal,1,put the bowl on the stove,zoom_blur,3,13,201013,False,280
goal,1,put the bowl on the stove,zoom_blur,3,14,201014,False,280
goal,1,put the bowl on the stove,zoom_blur,3,15,201015,False,280
goal,1,put the bowl on the stove,zoom_blur,3,16,201016,False,280
goal,1,put the bowl on the stove,zoom_blur,3,17,201017,False,280
goal,1,put the bowl on the stove,zoom_blur,3,18,201018,False,280
goal,1,put the bowl on the stove,zoom_blur,3,19,201019,False,280
goal,1,put the bowl on the stove,zoom_blur,3,20,201020,False,280
goal,1,put the bowl on the stove,zoom_blur,3,21,201021,False,280
goal,1,put the bowl on the stove,zoom_blur,3,22,201022,False,280
goal,1,put the bowl on the stove,zoom_blur,3,23,201023,False,280
goal,1,put the bowl on the stove,zoom_blur,3,24,201024,False,280
goal,1,put the bowl on the stove,zoom_blur,3,25,201025,False,280
goal,1,put the bowl on the stove,zoom_blur,3,26,201026,False,280
goal,1,put the bowl on the stove,zoom_blur,3,27,201027,False,280
goal,1,put the bowl on the stove,zoom_blur,3,28,201028,False,280
goal,1,put the bowl on the stove,zoom_blur,3,29,201029,False,280
goal,1,put the bowl on the stove,zoom_blur,3,30,201030,False,280
goal,1,put the bowl on the stove,zoom_blur,3,31,201031,False,280
goal,1,put the bowl on the stove,zoom_blur,3,32,201032,False,280
goal,1,put the bowl on the stove,zoom_blur,3,33,201033,True,114
goal,1,put the bowl on the stove,zoom_blur,3,34,201034,False,280
goal,1,put the bowl on the stove,zoom_blur,3,35,201035,False,280
goal,1,put the bowl on the stove,zoom_blur,3,36,201036,False,280
goal,1,put the bowl on the stove,zoom_blur,3,37,201037,False,280
goal,1,put the bowl on the stove,zoom_blur,3,38,201038,False,280
goal,1,put the bowl on the stove,zoom_blur,3,39,201039,False,280
goal,1,put the bowl on the stove,zoom_blur,3,40,201040,True,106
goal,1,put the bowl on the stove,zoom_blur,3,41,201041,False,280
goal,1,put the bowl on the stove,zoom_blur,3,42,201042,False,280
goal,1,put the bowl on the stove,zoom_blur,3,43,201043,False,280
goal,1,put the bowl on the stove,zoom_blur,3,44,201044,False,280
goal,1,put the bowl on the stove,zoom_blur,3,45,201045,False,280
goal,1,put the bowl on the stove,zoom_blur,3,46,201046,False,280
goal,1,put the bowl on the stove,zoom_blur,3,47,201047,False,280
goal,1,put the bowl on the stove,zoom_blur,3,48,201048,False,280
goal,1,put the bowl on the stove,zoom_blur,3,49,201049,False,280
goal,1,put the bowl on the stove,fog,3,0,201000,True,100
goal,1,put the bowl on the stove,fog,3,1,201001,True,131
goal,1,put the bowl on the stove,fog,3,2,201002,True,96
goal,1,put the bowl on the stove,fog,3,3,201003,True,130
goal,1,put the bowl on the stove,fog,3,4,201004,True,108
goal,1,put the bowl on the stove,fog,3,5,201005,True,108
goal,1,put the bowl on the stove,fog,3,6,201006,True,105
goal,1,put the bowl on the stove,fog,3,7,201007,True,103
goal,1,put the bowl on the stove,fog,3,8,201008,False,280
goal,1,put the bowl on the stove,fog,3,9,201009,True,132
goal,1,put the bowl on the stove,fog,3,10,201010,True,100
goal,1,put the bowl on the stove,fog,3,11,201011,True,106
goal,1,put the bowl on the stove,fog,3,12,201012,True,101
goal,1,put the bowl on the stove,fog,3,13,201013,True,102
goal,1,put the bowl on the stove,fog,3,14,201014,False,280
goal,1,put the bowl on the stove,fog,3,15,201015,True,112
goal,1,put the bowl on the stove,fog,3,16,201016,True,108
goal,1,put the bowl on the stove,fog,3,17,201017,True,109
goal,1,put the bowl on the stove,fog,3,18,201018,True,101
goal,1,put the bowl on the stove,fog,3,19,201019,True,108
goal,1,put the bowl on the stove,fog,3,20,201020,True,100
goal,1,put the bowl on the stove,fog,3,21,201021,True,103
goal,1,put the bowl on the stove,fog,3,22,201022,True,108
goal,1,put the bowl on the stove,fog,3,23,201023,True,140
goal,1,put the bowl on the stove,fog,3,24,201024,True,114
goal,1,put the bowl on the stove,fog,3,25,201025,True,104
goal,1,put the bowl on the stove,fog,3,26,201026,False,280
goal,1,put the bowl on the stove,fog,3,27,201027,True,111
goal,1,put the bowl on the stove,fog,3,28,201028,True,111
goal,1,put the bowl on the stove,fog,3,29,201029,True,97
goal,1,put the bowl on the stove,fog,3,30,201030,True,146
goal,1,put the bowl on the stove,fog,3,31,201031,True,104
goal,1,put the bowl on the stove,fog,3,32,201032,True,100
goal,1,put the bowl on the stove,fog,3,33,201033,True,112
goal,1,put the bowl on the stove,fog,3,34,201034,False,280
goal,1,put the bowl on the stove,fog,3,35,201035,True,102
goal,1,put the bowl on the stove,fog,3,36,201036,True,117
goal,1,put the bowl on the stove,fog,3,37,201037,True,110
goal,1,put the bowl on the stove,fog,3,38,201038,True,130
goal,1,put the bowl on the stove,fog,3,39,201039,True,105
goal,1,put the bowl on the stove,fog,3,40,201040,True,124
goal,1,put the bowl on the stove,fog,3,41,201041,True,102
goal,1,put the bowl on the stove,fog,3,42,201042,False,280
goal,1,put the bowl on the stove,fog,3,43,201043,True,93
goal,1,put the bowl on the stove,fog,3,44,201044,True,102
goal,1,put the bowl on the stove,fog,3,45,201045,True,113
goal,1,put the bowl on the stove,fog,3,46,201046,True,113
goal,1,put the bowl on the stove,fog,3,47,201047,True,112
goal,1,put the bowl on the stove,fog,3,48,201048,True,120
goal,1,put the bowl on the stove,fog,3,49,201049,True,102
goal,1,put the bowl on the stove,glass_blur,3,0,201000,False,280
goal,1,put the bowl on the stove,glass_blur,3,1,201001,False,280
goal,1,put the bowl on the stove,glass_blur,3,2,201002,False,280
goal,1,put the bowl on the stove,glass_blur,3,3,201003,False,280
goal,1,put the bowl on the stove,glass_blur,3,4,201004,False,280
goal,1,put the bowl on the stove,glass_blur,3,5,201005,False,280
goal,1,put the bowl on the stove,glass_blur,3,6,201006,False,280
goal,1,put the bowl on the stove,glass_blur,3,7,201007,False,280
goal,1,put the bowl on the stove,glass_blur,3,8,201008,False,280
goal,1,put the bowl on the stove,glass_blur,3,9,201009,False,280
goal,1,put the bowl on the stove,glass_blur,3,10,201010,False,280
goal,1,put the bowl on the stove,glass_blur,3,11,201011,False,280
goal,1,put the bowl on the stove,glass_blur,3,12,201012,False,280
goal,1,put the bowl on the stove,glass_blur,3,13,201013,False,280
goal,1,put the bowl on the stove,glass_blur,3,14,201014,False,280
goal,1,put the bowl on the stove,glass_blur,3,15,201015,False,280
goal,1,put the bowl on the stove,glass_blur,3,16,201016,False,280
goal,1,put the bowl on the stove,glass_blur,3,17,201017,False,280
goal,1,put the bowl on the stove,glass_blur,3,18,201018,False,280
goal,1,put the bowl on the stove,glass_blur,3,19,201019,False,280
goal,1,put the bowl on the stove,glass_blur,3,20,201020,False,280
goal,1,put the bowl on the stove,glass_blur,3,21,201021,False,280
goal,1,put the bowl on the stove,glass_blur,3,22,201022,False,280
goal,1,put the bowl on the stove,glass_blur,3,23,201023,False,280
goal,1,put the bowl on the stove,glass_blur,3,24,201024,False,280
goal,1,put the bowl on the stove,glass_blur,3,25,201025,False,280
goal,1,put the bowl on the stove,glass_blur,3,26,201026,False,280
goal,1,put the bowl on the stove,glass_blur,3,27,201027,False,280
goal,1,put the bowl on the stove,glass_blur,3,28,201028,False,280
goal,1,put the bowl on the stove,glass_blur,3,29,201029,False,280
goal,1,put the bowl on the stove,glass_blur,3,30,201030,False,280
goal,1,put the bowl on the stove,glass_blur,3,31,201031,False,280
goal,1,put the bowl on the stove,glass_blur,3,32,201032,False,280
goal,1,put the bowl on the stove,glass_blur,3,33,201033,False,280
goal,1,put the bowl on the stove,glass_blur,3,34,201034,False,280
goal,1,put the bowl on the stove,glass_blur,3,35,201035,False,280
goal,1,put the bowl on the stove,glass_blur,3,36,201036,False,280
goal,1,put the bowl on the stove,glass_blur,3,37,201037,False,280
goal,1,put the bowl on the stove,glass_blur,3,38,201038,False,280
goal,1,put the bowl on the stove,glass_blur,3,39,201039,False,280
goal,1,put the bowl on the stove,glass_blur,3,40,201040,False,280
goal,1,put the bowl on the stove,glass_blur,3,41,201041,False,280
goal,1,put the bowl on the stove,glass_blur,3,42,201042,False,280
goal,1,put the bowl on the stove,glass_blur,3,43,201043,False,280
goal,1,put the bowl on the stove,glass_blur,3,44,201044,False,280
goal,1,put the bowl on the stove,glass_blur,3,45,201045,False,280
goal,1,put the bowl on the stove,glass_blur,3,46,201046,False,280
goal,1,put the bowl on the stove,glass_blur,3,47,201047,False,280
goal,1,put the bowl on the stove,glass_blur,3,48,201048,False,280
goal,1,put the bowl on the stove,glass_blur,3,49,201049,False,280
goal,2,put the wine bottle on top of the cabinet,clean,0,0,202000,True,93
goal,2,put the wine bottle on top of the cabinet,clean,0,1,202001,True,83
goal,2,put the wine bottle on top of the cabinet,clean,0,2,202002,True,100
goal,2,put the wine bottle on top of the cabinet,clean,0,3,202003,True,89
goal,2,put the wine bottle on top of the cabinet,clean,0,4,202004,True,86
goal,2,put the wine bottle on top of the cabinet,clean,0,5,202005,True,100
goal,2,put the wine bottle on top of the cabinet,clean,0,6,202006,True,91
goal,2,put the wine bottle on top of the cabinet,clean,0,7,202007,True,100
goal,2,put the wine bottle on top of the cabinet,clean,0,8,202008,True,96
goal,2,put the wine bottle on top of the cabinet,clean,0,9,202009,True,87
goal,2,put the wine bottle on top of the cabinet,clean,0,10,202010,True,93
goal,2,put the wine bottle on top of the cabinet,clean,0,11,202011,True,95
goal,2,put the wine bottle on top of the cabinet,clean,0,12,202012,True,92
goal,2,put the wine bottle on top of the cabinet,clean,0,13,202013,True,93
goal,2,put the wine bottle on top of the cabinet,clean,0,14,202014,True,89
goal,2,put the wine bottle on top of the cabinet,clean,0,15,202015,True,87
goal,2,put the wine bottle on top of the cabinet,clean,0,16,202016,True,86
goal,2,put the wine bottle on top of the cabinet,clean,0,17,202017,True,89
goal,2,put the wine bottle on top of the cabinet,clean,0,18,202018,False,280
goal,2,put the wine bottle on top of the cabinet,clean,0,19,202019,True,80
goal,2,put the wine bottle on top of the cabinet,clean,0,20,202020,True,99
goal,2,put the wine bottle on top of the cabinet,clean,0,21,202021,True,92
goal,2,put the wine bottle on top of the cabinet,clean,0,22,202022,True,109
goal,2,put the wine bottle on top of the cabinet,clean,0,23,202023,True,96
goal,2,put the wine bottle on top of the cabinet,clean,0,24,202024,True,87
goal,2,put the wine bottle on top of the cabinet,clean,0,25,202025,True,99
goal,2,put the wine bottle on top of the cabinet,clean,0,26,202026,True,102
goal,2,put the wine bottle on top of the cabinet,clean,0,27,202027,True,86
goal,2,put the wine bottle on top of the cabinet,clean,0,28,202028,True,89
goal,2,put the wine bottle on top of the cabinet,clean,0,29,202029,False,280
goal,2,put the wine bottle on top of the cabinet,clean,0,30,202030,True,93
goal,2,put the wine bottle on top of the cabinet,clean,0,31,202031,True,99
goal,2,put the wine bottle on top of the cabinet,clean,0,32,202032,True,84
goal,2,put the wine bottle on top of the cabinet,clean,0,33,202033,True,92
goal,2,put the wine bottle on top of the cabinet,clean,0,34,202034,True,90
goal,2,put the wine bottle on top of the cabinet,clean,0,35,202035,True,95
goal,2,put the wine bottle on top of the cabinet,clean,0,36,202036,True,93
goal,2,put the wine bottle on top of the cabinet,clean,0,37,202037,True,88
goal,2,put the wine bottle on top of the cabinet,clean,0,38,202038,True,90
goal,2,put the wine bottle on top of the cabinet,clean,0,39,202039,True,109
goal,2,put the wine bottle on top of the cabinet,clean,0,40,202040,True,93
goal,2,put the wine bottle on top of the cabinet,clean,0,41,202041,True,102
goal,2,put the wine bottle on top of the cabinet,clean,0,42,202042,True,90
goal,2,put the wine bottle on top of the cabinet,clean,0,43,202043,True,98
goal,2,put the wine bottle on top of the cabinet,clean,0,44,202044,True,96
goal,2,put the wine bottle on top of the cabinet,clean,0,45,202045,True,96
goal,2,put the wine bottle on top of the cabinet,clean,0,46,202046,True,103
goal,2,put the wine bottle on top of the cabinet,clean,0,47,202047,True,106
goal,2,put the wine bottle on top of the cabinet,clean,0,48,202048,True,89
goal,2,put the wine bottle on top of the cabinet,clean,0,49,202049,True,104
goal,2,put the wine bottle on top of the cabinet,motion_blur,3,0,202000,False,280
goal,2,put the wine bottle on top of the cabinet,motion_blur,3,1,202001,False,280
goal,2,put the wine bottle on top of the cabinet,motion_blur,3,2,202002,False,280
goal,2,put the wine bottle on top of the cabinet,motion_blur,3,3,202003,False,280
goal,2,put the wine bottle on top of the cabinet,motion_blur,3,4,202004,False,280
goal,2,put the wine bottle on top of the cabinet,motion_blur,3,5,202005,False,280
goal,2,put the wine bottle on top of the cabinet,motion_blur,3,6,202006,False,280
goal,2,put the wine bottle on top of the cabinet,motion_blur,3,7,202007,False,280
goal,2,put the wine bottle on top of the cabinet,motion_blur,3,8,202008,False,280
goal,2,put the wine bottle on top of the cabinet,motion_blur,3,9,202009,False,280
goal,2,put the wine bottle on top of the cabinet,motion_blur,3,10,202010,False,280
goal,2,put the wine bottle on top of the cabinet,motion_blur,3,11,202011,False,280
goal,2,put the wine bottle on top of the cabinet,motion_blur,3,12,202012,False,280
goal,2,put the wine bottle on top of the cabinet,motion_blur,3,13,202013,False,280
goal,2,put the wine bottle on top of the cabinet,motion_blur,3,14,202014,False,280
goal,2,put the wine bottle on top of the cabinet,motion_blur,3,15,202015,False,280
goal,2,put the wine bottle on top of the cabinet,motion_blur,3,16,202016,False,280
goal,2,put the wine bottle on top of the cabinet,motion_blur,3,17,202017,False,280
goal,2,put the wine bottle on top of the cabinet,motion_blur,3,18,202018,False,280
goal,2,put the wine bottle on top of the cabinet,motion_blur,3,19,202019,False,280
goal,2,put the wine bottle on top of the cabinet,motion_blur,3,20,202020,False,280
goal,2,put the wine bottle on top of the cabinet,motion_blur,3,21,202021,False,280
goal,2,put the wine bottle on top of the cabinet,motion_blur,3,22,202022,False,280
goal,2,put the wine bottle on top of the cabinet,motion_blur,3,23,202023,False,280
goal,2,put the wine bottle on top of the cabinet,motion_blur,3,24,202024,False,280
goal,2,put the wine bottle on top of the cabinet,motion_blur,3,25,202025,False,280
goal,2,put the wine bottle on top of the cabinet,motion_blur,3,26,202026,False,280
goal,2,put the wine bottle on top of the cabinet,motion_blur,3,27,202027,False,280
goal,2,put the wine bottle on top of the cabinet,motion_blur,3,28,202028,False,280
goal,2,put the wine bottle on top of the cabinet,motion_blur,3,29,202029,False,280
goal,2,put the wine bottle on top of the cabinet,motion_blur,3,30,202030,False,280
goal,2,put the wine bottle on top of the cabinet,motion_blur,3,31,202031,False,280
goal,2,put the wine bottle on top of the cabinet,motion_blur,3,32,202032,False,280
goal,2,put the wine bottle on top of the cabinet,motion_blur,3,33,202033,False,280
goal,2,put the wine bottle on top of the cabinet,motion_blur,3,34,202034,False,280
goal,2,put the wine bottle on top of the cabinet,motion_blur,3,35,202035,False,280
goal,2,put the wine bottle on top of the cabinet,motion_blur,3,36,202036,False,280
goal,2,put the wine bottle on top of the cabinet,motion_blur,3,37,202037,False,280
goal,2,put the wine bottle on top of the cabinet,motion_blur,3,38,202038,False,280
goal,2,put the wine bottle on top of the cabinet,motion_blur,3,39,202039,False,280
goal,2,put the wine bottle on top of the cabinet,motion_blur,3,40,202040,False,280
goal,2,put the wine bottle on top of the cabinet,motion_blur,3,41,202041,False,280
goal,2,put the wine bottle on top of the cabinet,motion_blur,3,42,202042,False,280
goal,2,put the wine bottle on top of the cabinet,motion_blur,3,43,202043,False,280
goal,2,put the wine bottle on top of the cabinet,motion_blur,3,44,202044,False,280
goal,2,put the wine bottle on top of the cabinet,motion_blur,3,45,202045,False,280
goal,2,put the wine bottle on top of the cabinet,motion_blur,3,46,202046,False,280
goal,2,put the wine bottle on top of the cabinet,motion_blur,3,47,202047,False,280
goal,2,put the wine bottle on top of the cabinet,motion_blur,3,48,202048,False,280
goal,2,put the wine bottle on top of the cabinet,motion_blur,3,49,202049,False,280
goal,2,put the wine bottle on top of the cabinet,gaussian_blur,3,0,202000,False,280
goal,2,put the wine bottle on top of the cabinet,gaussian_blur,3,1,202001,False,280
goal,2,put the wine bottle on top of the cabinet,gaussian_blur,3,2,202002,False,280
goal,2,put the wine bottle on top of the cabinet,gaussian_blur,3,3,202003,False,280
goal,2,put the wine bottle on top of the cabinet,gaussian_blur,3,4,202004,False,280
goal,2,put the wine bottle on top of the cabinet,gaussian_blur,3,5,202005,False,280
goal,2,put the wine bottle on top of the cabinet,gaussian_blur,3,6,202006,False,280
goal,2,put the wine bottle on top of the cabinet,gaussian_blur,3,7,202007,False,280
goal,2,put the wine bottle on top of the cabinet,gaussian_blur,3,8,202008,False,280
goal,2,put the wine bottle on top of the cabinet,gaussian_blur,3,9,202009,False,280
goal,2,put the wine bottle on top of the cabinet,gaussian_blur,3,10,202010,False,280
goal,2,put the wine bottle on top of the cabinet,gaussian_blur,3,11,202011,False,280
goal,2,put the wine bottle on top of the cabinet,gaussian_blur,3,12,202012,False,280
goal,2,put the wine bottle on top of the cabinet,gaussian_blur,3,13,202013,False,280
goal,2,put the wine bottle on top of the cabinet,gaussian_blur,3,14,202014,False,280
goal,2,put the wine bottle on top of the cabinet,gaussian_blur,3,15,202015,False,280
goal,2,put the wine bottle on top of the cabinet,gaussian_blur,3,16,202016,False,280
goal,2,put the wine bottle on top of the cabinet,gaussian_blur,3,17,202017,False,280
goal,2,put the wine bottle on top of the cabinet,gaussian_blur,3,18,202018,False,280
goal,2,put the wine bottle on top of the cabinet,gaussian_blur,3,19,202019,False,280
goal,2,put the wine bottle on top of the cabinet,gaussian_blur,3,20,202020,False,280
goal,2,put the wine bottle on top of the cabinet,gaussian_blur,3,21,202021,False,280
goal,2,put the wine bottle on top of the cabinet,gaussian_blur,3,22,202022,False,280
goal,2,put the wine bottle on top of the cabinet,gaussian_blur,3,23,202023,False,280
goal,2,put the wine bottle on top of the cabinet,gaussian_blur,3,24,202024,False,280
goal,2,put the wine bottle on top of the cabinet,gaussian_blur,3,25,202025,False,280
goal,2,put the wine bottle on top of the cabinet,gaussian_blur,3,26,202026,False,280
goal,2,put the wine bottle on top of the cabinet,gaussian_blur,3,27,202027,False,280
goal,2,put the wine bottle on top of the cabinet,gaussian_blur,3,28,202028,False,280
goal,2,put the wine bottle on top of the cabinet,gaussian_blur,3,29,202029,False,280
goal,2,put the wine bottle on top of the cabinet,gaussian_blur,3,30,202030,False,280
goal,2,put the wine bottle on top of the cabinet,gaussian_blur,3,31,202031,False,280
goal,2,put the wine bottle on top of the cabinet,gaussian_blur,3,32,202032,False,280
goal,2,put the wine bottle on top of the cabinet,gaussian_blur,3,33,202033,False,280
goal,2,put the wine bottle on top of the cabinet,gaussian_blur,3,34,202034,False,280
goal,2,put the wine bottle on top of the cabinet,gaussian_blur,3,35,202035,False,280
goal,2,put the wine bottle on top of the cabinet,gaussian_blur,3,36,202036,False,280
goal,2,put the wine bottle on top of the cabinet,gaussian_blur,3,37,202037,False,280
goal,2,put the wine bottle on top of the cabinet,gaussian_blur,3,38,202038,False,280
goal,2,put the wine bottle on top of the cabinet,gaussian_blur,3,39,202039,False,280
goal,2,put the wine bottle on top of the cabinet,gaussian_blur,3,40,202040,False,280
goal,2,put the wine bottle on top of the cabinet,gaussian_blur,3,41,202041,False,280
goal,2,put the wine bottle on top of the cabinet,gaussian_blur,3,42,202042,False,280
goal,2,put the wine bottle on top of the cabinet,gaussian_blur,3,43,202043,False,280
goal,2,put the wine bottle on top of the cabinet,gaussian_blur,3,44,202044,False,280
goal,2,put the wine bottle on top of the cabinet,gaussian_blur,3,45,202045,False,280
goal,2,put the wine bottle on top of the cabinet,gaussian_blur,3,46,202046,False,280
goal,2,put the wine bottle on top of the cabinet,gaussian_blur,3,47,202047,False,280
goal,2,put the wine bottle on top of the cabinet,gaussian_blur,3,48,202048,False,280
goal,2,put the wine bottle on top of the cabinet,gaussian_blur,3,49,202049,False,280
goal,2,put the wine bottle on top of the cabinet,zoom_blur,3,0,202000,False,280
goal,2,put the wine bottle on top of the cabinet,zoom_blur,3,1,202001,False,280
goal,2,put the wine bottle on top of the cabinet,zoom_blur,3,2,202002,False,280
goal,2,put the wine bottle on top of the cabinet,zoom_blur,3,3,202003,False,280
goal,2,put the wine bottle on top of the cabinet,zoom_blur,3,4,202004,False,280
goal,2,put the wine bottle on top of the cabinet,zoom_blur,3,5,202005,False,280
goal,2,put the wine bottle on top of the cabinet,zoom_blur,3,6,202006,False,280
goal,2,put the wine bottle on top of the cabinet,zoom_blur,3,7,202007,False,280
goal,2,put the wine bottle on top of the cabinet,zoom_blur,3,8,202008,False,280
goal,2,put the wine bottle on top of the cabinet,zoom_blur,3,9,202009,False,280
goal,2,put the wine bottle on top of the cabinet,zoom_blur,3,10,202010,False,280
goal,2,put the wine bottle on top of the cabinet,zoom_blur,3,11,202011,False,280
goal,2,put the wine bottle on top of the cabinet,zoom_blur,3,12,202012,False,280
goal,2,put the wine bottle on top of the cabinet,zoom_blur,3,13,202013,False,280
goal,2,put the wine bottle on top of the cabinet,zoom_blur,3,14,202014,False,280
goal,2,put the wine bottle on top of the cabinet,zoom_blur,3,15,202015,False,280
goal,2,put the wine bottle on top of the cabinet,zoom_blur,3,16,202016,False,280
goal,2,put the wine bottle on top of the cabinet,zoom_blur,3,17,202017,False,280
goal,2,put the wine bottle on top of the cabinet,zoom_blur,3,18,202018,False,280
goal,2,put the wine bottle on top of the cabinet,zoom_blur,3,19,202019,False,280
goal,2,put the wine bottle on top of the cabinet,zoom_blur,3,20,202020,False,280
goal,2,put the wine bottle on top of the cabinet,zoom_blur,3,21,202021,False,280
goal,2,put the wine bottle on top of the cabinet,zoom_blur,3,22,202022,False,280
goal,2,put the wine bottle on top of the cabinet,zoom_blur,3,23,202023,False,280
goal,2,put the wine bottle on top of the cabinet,zoom_blur,3,24,202024,False,280
goal,2,put the wine bottle on top of the cabinet,zoom_blur,3,25,202025,False,280
goal,2,put the wine bottle on top of the cabinet,zoom_blur,3,26,202026,False,280
goal,2,put the wine bottle on top of the cabinet,zoom_blur,3,27,202027,False,280
goal,2,put the wine bottle on top of the cabinet,zoom_blur,3,28,202028,False,280
goal,2,put the wine bottle on top of the cabinet,zoom_blur,3,29,202029,False,280
goal,2,put the wine bottle on top of the cabinet,zoom_blur,3,30,202030,False,280
goal,2,put the wine bottle on top of the cabinet,zoom_blur,3,31,202031,False,280
goal,2,put the wine bottle on top of the cabinet,zoom_blur,3,32,202032,False,280
goal,2,put the wine bottle on top of the cabinet,zoom_blur,3,33,202033,False,280
goal,2,put the wine bottle on top of the cabinet,zoom_blur,3,34,202034,False,280
goal,2,put the wine bottle on top of the cabinet,zoom_blur,3,35,202035,False,280
goal,2,put the wine bottle on top of the cabinet,zoom_blur,3,36,202036,False,280
goal,2,put the wine bottle on top of the cabinet,zoom_blur,3,37,202037,False,280
goal,2,put the wine bottle on top of the cabinet,zoom_blur,3,38,202038,False,280
goal,2,put the wine bottle on top of the cabinet,zoom_blur,3,39,202039,False,280
goal,2,put the wine bottle on top of the cabinet,zoom_blur,3,40,202040,False,280
goal,2,put the wine bottle on top of the cabinet,zoom_blur,3,41,202041,False,280
goal,2,put the wine bottle on top of the cabinet,zoom_blur,3,42,202042,False,280
goal,2,put the wine bottle on top of the cabinet,zoom_blur,3,43,202043,False,280
goal,2,put the wine bottle on top of the cabinet,zoom_blur,3,44,202044,False,280
goal,2,put the wine bottle on top of the cabinet,zoom_blur,3,45,202045,False,280
goal,2,put the wine bottle on top of the cabinet,zoom_blur,3,46,202046,False,280
goal,2,put the wine bottle on top of the cabinet,zoom_blur,3,47,202047,False,280
goal,2,put the wine bottle on top of the cabinet,zoom_blur,3,48,202048,False,280
goal,2,put the wine bottle on top of the cabinet,zoom_blur,3,49,202049,False,280
goal,2,put the wine bottle on top of the cabinet,fog,3,0,202000,False,280
goal,2,put the wine bottle on top of the cabinet,fog,3,1,202001,False,280
goal,2,put the wine bottle on top of the cabinet,fog,3,2,202002,True,108
goal,2,put the wine bottle on top of the cabinet,fog,3,3,202003,False,280
goal,2,put the wine bottle on top of the cabinet,fog,3,4,202004,False,280
goal,2,put the wine bottle on top of the cabinet,fog,3,5,202005,True,113
goal,2,put the wine bottle on top of the cabinet,fog,3,6,202006,False,280
goal,2,put the wine bottle on top of the cabinet,fog,3,7,202007,False,280
goal,2,put the wine bottle on top of the cabinet,fog,3,8,202008,False,280
goal,2,put the wine bottle on top of the cabinet,fog,3,9,202009,True,111
goal,2,put the wine bottle on top of the cabinet,fog,3,10,202010,False,280
goal,2,put the wine bottle on top of the cabinet,fog,3,11,202011,False,280
goal,2,put the wine bottle on top of the cabinet,fog,3,12,202012,True,104
goal,2,put the wine bottle on top of the cabinet,fog,3,13,202013,False,280
goal,2,put the wine bottle on top of the cabinet,fog,3,14,202014,True,112
goal,2,put the wine bottle on top of the cabinet,fog,3,15,202015,True,91
goal,2,put the wine bottle on top of the cabinet,fog,3,16,202016,False,280
goal,2,put the wine bottle on top of the cabinet,fog,3,17,202017,False,280
goal,2,put the wine bottle on top of the cabinet,fog,3,18,202018,False,280
goal,2,put the wine bottle on top of the cabinet,fog,3,19,202019,False,280
goal,2,put the wine bottle on top of the cabinet,fog,3,20,202020,False,280
goal,2,put the wine bottle on top of the cabinet,fog,3,21,202021,True,88
goal,2,put the wine bottle on top of the cabinet,fog,3,22,202022,False,280
goal,2,put the wine bottle on top of the cabinet,fog,3,23,202023,False,280
goal,2,put the wine bottle on top of the cabinet,fog,3,24,202024,False,280
goal,2,put the wine bottle on top of the cabinet,fog,3,25,202025,True,105
goal,2,put the wine bottle on top of the cabinet,fog,3,26,202026,False,280
goal,2,put the wine bottle on top of the cabinet,fog,3,27,202027,True,105
goal,2,put the wine bottle on top of the cabinet,fog,3,28,202028,False,280
goal,2,put the wine bottle on top of the cabinet,fog,3,29,202029,False,280
goal,2,put the wine bottle on top of the cabinet,fog,3,30,202030,False,280
goal,2,put the wine bottle on top of the cabinet,fog,3,31,202031,False,280
goal,2,put the wine bottle on top of the cabinet,fog,3,32,202032,False,280
goal,2,put the wine bottle on top of the cabinet,fog,3,33,202033,True,99
goal,2,put the wine bottle on top of the cabinet,fog,3,34,202034,False,280
goal,2,put the wine bottle on top of the cabinet,fog,3,35,202035,True,97
goal,2,put the wine bottle on top of the cabinet,fog,3,36,202036,False,280
goal,2,put the wine bottle on top of the cabinet,fog,3,37,202037,False,280
goal,2,put the wine bottle on top of the cabinet,fog,3,38,202038,False,280
goal,2,put the wine bottle on top of the cabinet,fog,3,39,202039,False,280
goal,2,put the wine bottle on top of the cabinet,fog,3,40,202040,False,280
goal,2,put the wine bottle on top of the cabinet,fog,3,41,202041,True,105
goal,2,put the wine bottle on top of the cabinet,fog,3,42,202042,False,280
goal,2,put the wine bottle on top of the cabinet,fog,3,43,202043,False,280
goal,2,put the wine bottle on top of the cabinet,fog,3,44,202044,True,90
goal,2,put the wine bottle on top of the cabinet,fog,3,45,202045,False,280
goal,2,put the wine bottle on top of the cabinet,fog,3,46,202046,False,280
goal,2,put the wine bottle on top of the cabinet,fog,3,47,202047,True,110
goal,2,put the wine bottle on top of the cabinet,fog,3,48,202048,True,100
goal,2,put the wine bottle on top of the cabinet,fog,3,49,202049,True,94
goal,2,put the wine bottle on top of the cabinet,glass_blur,3,0,202000,False,280
goal,2,put the wine bottle on top of the cabinet,glass_blur,3,1,202001,False,280
goal,2,put the wine bottle on top of the cabinet,glass_blur,3,2,202002,False,280
goal,2,put the wine bottle on top of the cabinet,glass_blur,3,3,202003,False,280
goal,2,put the wine bottle on top of the cabinet,glass_blur,3,4,202004,False,280
goal,2,put the wine bottle on top of the cabinet,glass_blur,3,5,202005,False,280
goal,2,put the wine bottle on top of the cabinet,glass_blur,3,6,202006,False,280
goal,2,put the wine bottle on top of the cabinet,glass_blur,3,7,202007,False,280
goal,2,put the wine bottle on top of the cabinet,glass_blur,3,8,202008,False,280
goal,2,put the wine bottle on top of the cabinet,glass_blur,3,9,202009,False,280
goal,2,put the wine bottle on top of the cabinet,glass_blur,3,10,202010,False,280
goal,2,put the wine bottle on top of the cabinet,glass_blur,3,11,202011,False,280
goal,2,put the wine bottle on top of the cabinet,glass_blur,3,12,202012,False,280
goal,2,put the wine bottle on top of the cabinet,glass_blur,3,13,202013,False,280
goal,2,put the wine bottle on top of the cabinet,glass_blur,3,14,202014,False,280
goal,2,put the wine bottle on top of the cabinet,glass_blur,3,15,202015,False,280
goal,2,put the wine bottle on top of the cabinet,glass_blur,3,16,202016,False,280
goal,2,put the wine bottle on top of the cabinet,glass_blur,3,17,202017,False,280
goal,2,put the wine bottle on top of the cabinet,glass_blur,3,18,202018,False,280
goal,2,put the wine bottle on top of the cabinet,glass_blur,3,19,202019,False,280
goal,2,put the wine bottle on top of the cabinet,glass_blur,3,20,202020,False,280
goal,2,put the wine bottle on top of the cabinet,glass_blur,3,21,202021,False,280
goal,2,put the wine bottle on top of the cabinet,glass_blur,3,22,202022,False,280
goal,2,put the wine bottle on top of the cabinet,glass_blur,3,23,202023,False,280
goal,2,put the wine bottle on top of the cabinet,glass_blur,3,24,202024,False,280
goal,2,put the wine bottle on top of the cabinet,glass_blur,3,25,202025,False,280
goal,2,put the wine bottle on top of the cabinet,glass_blur,3,26,202026,False,280
goal,2,put the wine bottle on top of the cabinet,glass_blur,3,27,202027,False,280
goal,2,put the wine bottle on top of the cabinet,glass_blur,3,28,202028,False,280
goal,2,put the wine bottle on top of the cabinet,glass_blur,3,29,202029,False,280
goal,2,put the wine bottle on top of the cabinet,glass_blur,3,30,202030,False,280
goal,2,put the wine bottle on top of the cabinet,glass_blur,3,31,202031,False,280
goal,2,put the wine bottle on top of the cabinet,glass_blur,3,32,202032,False,280
goal,2,put the wine bottle on top of the cabinet,glass_blur,3,33,202033,False,280
goal,2,put the wine bottle on top of the cabinet,glass_blur,3,34,202034,False,280
goal,2,put the wine bottle on top of the cabinet,glass_blur,3,35,202035,False,280
goal,2,put the wine bottle on top of the cabinet,glass_blur,3,36,202036,False,280
goal,2,put the wine bottle on top of the cabinet,glass_blur,3,37,202037,False,280
goal,2,put the wine bottle on top of the cabinet,glass_blur,3,38,202038,False,280
goal,2,put the wine bottle on top of the cabinet,glass_blur,3,39,202039,False,280
goal,2,put the wine bottle on top of the cabinet,glass_blur,3,40,202040,False,280
goal,2,put the wine bottle on top of the cabinet,glass_blur,3,41,202041,False,280
goal,2,put the wine bottle on top of the cabinet,glass_blur,3,42,202042,False,280
goal,2,put the wine bottle on top of the cabinet,glass_blur,3,43,202043,False,280
goal,2,put the wine bottle on top of the cabinet,glass_blur,3,44,202044,False,280
goal,2,put the wine bottle on top of the cabinet,glass_blur,3,45,202045,False,280
goal,2,put the wine bottle on top of the cabinet,glass_blur,3,46,202046,False,280
goal,2,put the wine bottle on top of the cabinet,glass_blur,3,47,202047,False,280
goal,2,put the wine bottle on top of the cabinet,glass_blur,3,48,202048,False,280
goal,2,put the wine bottle on top of the cabinet,glass_blur,3,49,202049,False,280
goal,3,open the top drawer and put the bowl inside,clean,0,0,203000,False,280
goal,3,open the top drawer and put the bowl inside,clean,0,1,203001,False,280
goal,3,open the top drawer and put the bowl inside,clean,0,2,203002,False,280
goal,3,open the top drawer and put the bowl inside,clean,0,3,203003,False,280
goal,3,open the top drawer and put the bowl inside,clean,0,4,203004,False,280
goal,3,open the top drawer and put the bowl inside,clean,0,5,203005,True,208
goal,3,open the top drawer and put the bowl inside,clean,0,6,203006,False,280
goal,3,open the top drawer and put the bowl inside,clean,0,7,203007,True,191
goal,3,open the top drawer and put the bowl inside,clean,0,8,203008,False,280
goal,3,open the top drawer and put the bowl inside,clean,0,9,203009,False,280
goal,3,open the top drawer and put the bowl inside,clean,0,10,203010,False,280
goal,3,open the top drawer and put the bowl inside,clean,0,11,203011,False,280
goal,3,open the top drawer and put the bowl inside,clean,0,12,203012,False,280
goal,3,open the top drawer and put the bowl inside,clean,0,13,203013,False,280
goal,3,open the top drawer and put the bowl inside,clean,0,14,203014,False,280
goal,3,open the top drawer and put the bowl inside,clean,0,15,203015,False,280
goal,3,open the top drawer and put the bowl inside,clean,0,16,203016,False,280
goal,3,open the top drawer and put the bowl inside,clean,0,17,203017,False,280
goal,3,open the top drawer and put the bowl inside,clean,0,18,203018,False,280
goal,3,open the top drawer and put the bowl inside,clean,0,19,203019,False,280
goal,3,open the top drawer and put the bowl inside,clean,0,20,203020,True,186
goal,3,open the top drawer and put the bowl inside,clean,0,21,203021,True,174
goal,3,open the top drawer and put the bowl inside,clean,0,22,203022,False,280
goal,3,open the top drawer and put the bowl inside,clean,0,23,203023,False,280
goal,3,open the top drawer and put the bowl inside,clean,0,24,203024,False,280
goal,3,open the top drawer and put the bowl inside,clean,0,25,203025,False,280
goal,3,open the top drawer and put the bowl inside,clean,0,26,203026,True,210
goal,3,open the top drawer and put the bowl inside,clean,0,27,203027,True,173
goal,3,open the top drawer and put the bowl inside,clean,0,28,203028,False,280
goal,3,open the top drawer and put the bowl inside,clean,0,29,203029,False,280
goal,3,open the top drawer and put the bowl inside,clean,0,30,203030,False,280
goal,3,open the top drawer and put the bowl inside,clean,0,31,203031,True,187
goal,3,open the top drawer and put the bowl inside,clean,0,32,203032,False,280
goal,3,open the top drawer and put the bowl inside,clean,0,33,203033,True,192
goal,3,open the top drawer and put the bowl inside,clean,0,34,203034,False,280
goal,3,open the top drawer and put the bowl inside,clean,0,35,203035,False,280
goal,3,open the top drawer and put the bowl inside,clean,0,36,203036,False,280
goal,3,open the top drawer and put the bowl inside,clean,0,37,203037,False,280
goal,3,open the top drawer and put the bowl inside,clean,0,38,203038,False,280
goal,3,open the top drawer and put the bowl inside,clean,0,39,203039,True,175
goal,3,open the top drawer and put the bowl inside,clean,0,40,203040,False,280
goal,3,open the top drawer and put the bowl inside,clean,0,41,203041,True,220
goal,3,open the top drawer and put the bowl inside,clean,0,42,203042,True,179
goal,3,open the top drawer and put the bowl inside,clean,0,43,203043,False,280
goal,3,open the top drawer and put the bowl inside,clean,0,44,203044,True,187
goal,3,open the top drawer and put the bowl inside,clean,0,45,203045,False,280
goal,3,open the top drawer and put the bowl inside,clean,0,46,203046,False,280
goal,3,open the top drawer and put the bowl inside,clean,0,47,203047,False,280
goal,3,open the top drawer and put the bowl inside,clean,0,48,203048,False,280
goal,3,open the top drawer and put the bowl inside,clean,0,49,203049,True,175
goal,3,open the top drawer and put the bowl inside,motion_blur,3,0,203000,False,280
goal,3,open the top drawer and put the bowl inside,motion_blur,3,1,203001,False,280
goal,3,open the top drawer and put the bowl inside,motion_blur,3,2,203002,False,280
goal,3,open the top drawer and put the bowl inside,motion_blur,3,3,203003,False,280
goal,3,open the top drawer and put the bowl inside,motion_blur,3,4,203004,False,280
goal,3,open the top drawer and put the bowl inside,motion_blur,3,5,203005,False,280
goal,3,open the top drawer and put the bowl inside,motion_blur,3,6,203006,False,280
goal,3,open the top drawer and put the bowl inside,motion_blur,3,7,203007,False,280
goal,3,open the top drawer and put the bowl inside,motion_blur,3,8,203008,False,280
goal,3,open the top drawer and put the bowl inside,motion_blur,3,9,203009,False,280
goal,3,open the top drawer and put the bowl inside,motion_blur,3,10,203010,False,280
goal,3,open the top drawer and put the bowl inside,motion_blur,3,11,203011,False,280
goal,3,open the top drawer and put the bowl inside,motion_blur,3,12,203012,False,280
goal,3,open the top drawer and put the bowl inside,motion_blur,3,13,203013,False,280
goal,3,open the top drawer and put the bowl inside,motion_blur,3,14,203014,False,280
goal,3,open the top drawer and put the bowl inside,motion_blur,3,15,203015,False,280
goal,3,open the top drawer and put the bowl inside,motion_blur,3,16,203016,False,280
goal,3,open the top drawer and put the bowl inside,motion_blur,3,17,203017,False,280
goal,3,open the top drawer and put the bowl inside,motion_blur,3,18,203018,False,280
goal,3,open the top drawer and put the bowl inside,motion_blur,3,19,203019,False,280
goal,3,open the top drawer and put the bowl inside,motion_blur,3,20,203020,False,280
goal,3,open the top drawer and put the bowl inside,motion_blur,3,21,203021,False,280
goal,3,open the top drawer and put the bowl inside,motion_blur,3,22,203022,False,280
goal,3,open the top drawer and put the bowl inside,motion_blur,3,23,203023,False,280
goal,3,open the top drawer and put the bowl inside,motion_blur,3,24,203024,False,280
goal,3,open the top drawer and put the bowl inside,motion_blur,3,25,203025,False,280
goal,3,open the top drawer and put the bowl inside,motion_blur,3,26,203026,False,280
goal,3,open the top drawer and put the bowl inside,motion_blur,3,27,203027,False,280
goal,3,open the top drawer and put the bowl inside,motion_blur,3,28,203028,False,280
goal,3,open the top drawer and put the bowl inside,motion_blur,3,29,203029,False,280
goal,3,open the top drawer and put the bowl inside,motion_blur,3,30,203030,False,280
goal,3,open the top drawer and put the bowl inside,motion_blur,3,31,203031,False,280
goal,3,open the top drawer and put the bowl inside,motion_blur,3,32,203032,False,280
goal,3,open the top drawer and put the bowl inside,motion_blur,3,33,203033,False,280
goal,3,open the top drawer and put the bowl inside,motion_blur,3,34,203034,False,280
goal,3,open the top drawer and put the bowl inside,motion_blur,3,35,203035,False,280
goal,3,open the top drawer and put the bowl inside,motion_blur,3,36,203036,False,280
goal,3,open the top drawer and put the bowl inside,motion_blur,3,37,203037,False,280
goal,3,open the top drawer and put the bowl inside,motion_blur,3,38,203038,False,280
goal,3,open the top drawer and put the bowl inside,motion_blur,3,39,203039,False,280
goal,3,open the top drawer and put the bowl inside,motion_blur,3,40,203040,False,280
goal,3,open the top drawer and put the bowl inside,motion_blur,3,41,203041,False,280
goal,3,open the top drawer and put the bowl inside,motion_blur,3,42,203042,False,280
goal,3,open the top drawer and put the bowl inside,motion_blur,3,43,203043,False,280
goal,3,open the top drawer and put the bowl inside,motion_blur,3,44,203044,False,280
goal,3,open the top drawer and put the bowl inside,motion_blur,3,45,203045,False,280
goal,3,open the top drawer and put the bowl inside,motion_blur,3,46,203046,False,280
goal,3,open the top drawer and put the bowl inside,motion_blur,3,47,203047,False,280
goal,3,open the top drawer and put the bowl inside,motion_blur,3,48,203048,False,280
goal,3,open the top drawer and put the bowl inside,motion_blur,3,49,203049,False,280
goal,3,open the top drawer and put the bowl inside,gaussian_blur,3,0,203000,False,280
goal,3,open the top drawer and put the bowl inside,gaussian_blur,3,1,203001,False,280
goal,3,open the top drawer and put the bowl inside,gaussian_blur,3,2,203002,False,280
goal,3,open the top drawer and put the bowl inside,gaussian_blur,3,3,203003,False,280
goal,3,open the top drawer and put the bowl inside,gaussian_blur,3,4,203004,False,280
goal,3,open the top drawer and put the bowl inside,gaussian_blur,3,5,203005,False,280
goal,3,open the top drawer and put the bowl inside,gaussian_blur,3,6,203006,False,280
goal,3,open the top drawer and put the bowl inside,gaussian_blur,3,7,203007,False,280
goal,3,open the top drawer and put the bowl inside,gaussian_blur,3,8,203008,False,280
goal,3,open the top drawer and put the bowl inside,gaussian_blur,3,9,203009,False,280
goal,3,open the top drawer and put the bowl inside,gaussian_blur,3,10,203010,False,280
goal,3,open the top drawer and put the bowl inside,gaussian_blur,3,11,203011,False,280
goal,3,open the top drawer and put the bowl inside,gaussian_blur,3,12,203012,False,280
goal,3,open the top drawer and put the bowl inside,gaussian_blur,3,13,203013,False,280
goal,3,open the top drawer and put the bowl inside,gaussian_blur,3,14,203014,False,280
goal,3,open the top drawer and put the bowl inside,gaussian_blur,3,15,203015,False,280
goal,3,open the top drawer and put the bowl inside,gaussian_blur,3,16,203016,False,280
goal,3,open the top drawer and put the bowl inside,gaussian_blur,3,17,203017,False,280
goal,3,open the top drawer and put the bowl inside,gaussian_blur,3,18,203018,False,280
goal,3,open the top drawer and put the bowl inside,gaussian_blur,3,19,203019,False,280
goal,3,open the top drawer and put the bowl inside,gaussian_blur,3,20,203020,False,280
goal,3,open the top drawer and put the bowl inside,gaussian_blur,3,21,203021,False,280
goal,3,open the top drawer and put the bowl inside,gaussian_blur,3,22,203022,False,280
goal,3,open the top drawer and put the bowl inside,gaussian_blur,3,23,203023,False,280
goal,3,open the top drawer and put the bowl inside,gaussian_blur,3,24,203024,False,280
goal,3,open the top drawer and put the bowl inside,gaussian_blur,3,25,203025,False,280
goal,3,open the top drawer and put the bowl inside,gaussian_blur,3,26,203026,False,280
goal,3,open the top drawer and put the bowl inside,gaussian_blur,3,27,203027,False,280
goal,3,open the top drawer and put the bowl inside,gaussian_blur,3,28,203028,False,280
goal,3,open the top drawer and put the bowl inside,gaussian_blur,3,29,203029,False,280
goal,3,open the top drawer and put the bowl inside,gaussian_blur,3,30,203030,False,280
goal,3,open the top drawer and put the bowl inside,gaussian_blur,3,31,203031,False,280
goal,3,open the top drawer and put the bowl inside,gaussian_blur,3,32,203032,False,280
goal,3,open the top drawer and put the bowl inside,gaussian_blur,3,33,203033,False,280
goal,3,open the top drawer and put the bowl inside,gaussian_blur,3,34,203034,False,280
goal,3,open the top drawer and put the bowl inside,gaussian_blur,3,35,203035,False,280
goal,3,open the top drawer and put the bowl inside,gaussian_blur,3,36,203036,False,280
goal,3,open the top drawer and put the bowl inside,gaussian_blur,3,37,203037,False,280
goal,3,open the top drawer and put the bowl inside,gaussian_blur,3,38,203038,False,280
goal,3,open the top drawer and put the bowl inside,gaussian_blur,3,39,203039,False,280
goal,3,open the top drawer and put the bowl inside,gaussian_blur,3,40,203040,False,280
goal,3,open the top drawer and put the bowl inside,gaussian_blur,3,41,203041,False,280
goal,3,open the top drawer and put the bowl inside,gaussian_blur,3,42,203042,False,280
goal,3,open the top drawer and put the bowl inside,gaussian_blur,3,43,203043,False,280
goal,3,open the top drawer and put the bowl inside,gaussian_blur,3,44,203044,False,280
goal,3,open the top drawer and put the bowl inside,gaussian_blur,3,45,203045,False,280
goal,3,open the top drawer and put the bowl inside,gaussian_blur,3,46,203046,False,280
goal,3,open the top drawer and put the bowl inside,gaussian_blur,3,47,203047,False,280
goal,3,open the top drawer and put the bowl inside,gaussian_blur,3,48,203048,False,280
goal,3,open the top drawer and put the bowl inside,gaussian_blur,3,49,203049,False,280
goal,3,open the top drawer and put the bowl inside,zoom_blur,3,0,203000,False,280
goal,3,open the top drawer and put the bowl inside,zoom_blur,3,1,203001,False,280
goal,3,open the top drawer and put the bowl inside,zoom_blur,3,2,203002,False,280
goal,3,open the top drawer and put the bowl inside,zoom_blur,3,3,203003,False,280
goal,3,open the top drawer and put the bowl inside,zoom_blur,3,4,203004,False,280
goal,3,open the top drawer and put the bowl inside,zoom_blur,3,5,203005,False,280
goal,3,open the top drawer and put the bowl inside,zoom_blur,3,6,203006,False,280
goal,3,open the top drawer and put the bowl inside,zoom_blur,3,7,203007,False,280
goal,3,open the top drawer and put the bowl inside,zoom_blur,3,8,203008,False,280
goal,3,open the top drawer and put the bowl inside,zoom_blur,3,9,203009,False,280
goal,3,open the top drawer and put the bowl inside,zoom_blur,3,10,203010,False,280
goal,3,open the top drawer and put the bowl inside,zoom_blur,3,11,203011,False,280
goal,3,open the top drawer and put the bowl inside,zoom_blur,3,12,203012,False,280
goal,3,open the top drawer and put the bowl inside,zoom_blur,3,13,203013,False,280
goal,3,open the top drawer and put the bowl inside,zoom_blur,3,14,203014,False,280
goal,3,open the top drawer and put the bowl inside,zoom_blur,3,15,203015,False,280
goal,3,open the top drawer and put the bowl inside,zoom_blur,3,16,203016,False,280
goal,3,open the top drawer and put the bowl inside,zoom_blur,3,17,203017,False,280
goal,3,open the top drawer and put the bowl inside,zoom_blur,3,18,203018,False,280
goal,3,open the top drawer and put the bowl inside,zoom_blur,3,19,203019,False,280
goal,3,open the top drawer and put the bowl inside,zoom_blur,3,20,203020,False,280
goal,3,open the top drawer and put the bowl inside,zoom_blur,3,21,203021,False,280
goal,3,open the top drawer and put the bowl inside,zoom_blur,3,22,203022,False,280
goal,3,open the top drawer and put the bowl inside,zoom_blur,3,23,203023,False,280
goal,3,open the top drawer and put the bowl inside,zoom_blur,3,24,203024,False,280
goal,3,open the top drawer and put the bowl inside,zoom_blur,3,25,203025,False,280
goal,3,open the top drawer and put the bowl inside,zoom_blur,3,26,203026,False,280
goal,3,open the top drawer and put the bowl inside,zoom_blur,3,27,203027,False,280
goal,3,open the top drawer and put the bowl inside,zoom_blur,3,28,203028,False,280
goal,3,open the top drawer and put the bowl inside,zoom_blur,3,29,203029,False,280
goal,3,open the top drawer and put the bowl inside,zoom_blur,3,30,203030,False,280
goal,3,open the top drawer and put the bowl inside,zoom_blur,3,31,203031,False,280
goal,3,open the top drawer and put the bowl inside,zoom_blur,3,32,203032,False,280
goal,3,open the top drawer and put the bowl inside,zoom_blur,3,33,203033,False,280
goal,3,open the top drawer and put the bowl inside,zoom_blur,3,34,203034,False,280
goal,3,open the top drawer and put the bowl inside,zoom_blur,3,35,203035,False,280
goal,3,open the top drawer and put the bowl inside,zoom_blur,3,36,203036,False,280
goal,3,open the top drawer and put the bowl inside,zoom_blur,3,37,203037,False,280
goal,3,open the top drawer and put the bowl inside,zoom_blur,3,38,203038,False,280
goal,3,open the top drawer and put the bowl inside,zoom_blur,3,39,203039,False,280
goal,3,open the top drawer and put the bowl inside,zoom_blur,3,40,203040,False,280
goal,3,open the top drawer and put the bowl inside,zoom_blur,3,41,203041,False,280
goal,3,open the top drawer and put the bowl inside,zoom_blur,3,42,203042,False,280
goal,3,open the top drawer and put the bowl inside,zoom_blur,3,43,203043,False,280
goal,3,open the top drawer and put the bowl inside,zoom_blur,3,44,203044,False,280
goal,3,open the top drawer and put the bowl inside,zoom_blur,3,45,203045,False,280
goal,3,open the top drawer and put the bowl inside,zoom_blur,3,46,203046,False,280
goal,3,open the top drawer and put the bowl inside,zoom_blur,3,47,203047,False,280
goal,3,open the top drawer and put the bowl inside,zoom_blur,3,48,203048,False,280
goal,3,open the top drawer and put the bowl inside,zoom_blur,3,49,203049,False,280
goal,3,open the top drawer and put the bowl inside,fog,3,0,203000,False,280
goal,3,open the top drawer and put the bowl inside,fog,3,1,203001,False,280
goal,3,open the top drawer and put the bowl inside,fog,3,2,203002,False,280
goal,3,open the top drawer and put the bowl inside,fog,3,3,203003,False,280
goal,3,open the top drawer and put the bowl inside,fog,3,4,203004,False,280
goal,3,open the top drawer and put the bowl inside,fog,3,5,203005,False,280
goal,3,open the top drawer and put the bowl inside,fog,3,6,203006,False,280
goal,3,open the top drawer and put the bowl inside,fog,3,7,203007,False,280
goal,3,open the top drawer and put the bowl inside,fog,3,8,203008,False,280
goal,3,open the top drawer and put the bowl inside,fog,3,9,203009,False,280
goal,3,open the top drawer and put the bowl inside,fog,3,10,203010,False,280
goal,3,open the top drawer and put the bowl inside,fog,3,11,203011,False,280
goal,3,open the top drawer and put the bowl inside,fog,3,12,203012,False,280
goal,3,open the top drawer and put the bowl inside,fog,3,13,203013,False,280
goal,3,open the top drawer and put the bowl inside,fog,3,14,203014,False,280
goal,3,open the top drawer and put the bowl inside,fog,3,15,203015,False,280
goal,3,open the top drawer and put the bowl inside,fog,3,16,203016,False,280
goal,3,open the top drawer and put the bowl inside,fog,3,17,203017,False,280
goal,3,open the top drawer and put the bowl inside,fog,3,18,203018,False,280
goal,3,open the top drawer and put the bowl inside,fog,3,19,203019,True,233
goal,3,open the top drawer and put the bowl inside,fog,3,20,203020,False,280
goal,3,open the top drawer and put the bowl inside,fog,3,21,203021,False,280
goal,3,open the top drawer and put the bowl inside,fog,3,22,203022,False,280
goal,3,open the top drawer and put the bowl inside,fog,3,23,203023,False,280
goal,3,open the top drawer and put the bowl inside,fog,3,24,203024,False,280
goal,3,open the top drawer and put the bowl inside,fog,3,25,203025,False,280
goal,3,open the top drawer and put the bowl inside,fog,3,26,203026,False,280
goal,3,open the top drawer and put the bowl inside,fog,3,27,203027,False,280
goal,3,open the top drawer and put the bowl inside,fog,3,28,203028,False,280
goal,3,open the top drawer and put the bowl inside,fog,3,29,203029,False,280
goal,3,open the top drawer and put the bowl inside,fog,3,30,203030,False,280
goal,3,open the top drawer and put the bowl inside,fog,3,31,203031,False,280
goal,3,open the top drawer and put the bowl inside,fog,3,32,203032,False,280
goal,3,open the top drawer and put the bowl inside,fog,3,33,203033,False,280
goal,3,open the top drawer and put the bowl inside,fog,3,34,203034,False,280
goal,3,open the top drawer and put the bowl inside,fog,3,35,203035,False,280
goal,3,open the top drawer and put the bowl inside,fog,3,36,203036,False,280
goal,3,open the top drawer and put the bowl inside,fog,3,37,203037,False,280
goal,3,open the top drawer and put the bowl inside,fog,3,38,203038,False,280
goal,3,open the top drawer and put the bowl inside,fog,3,39,203039,False,280
goal,3,open the top drawer and put the bowl inside,fog,3,40,203040,False,280
goal,3,open the top drawer and put the bowl inside,fog,3,41,203041,False,280
goal,3,open the top drawer and put the bowl inside,fog,3,42,203042,False,280
goal,3,open the top drawer and put the bowl inside,fog,3,43,203043,False,280
goal,3,open the top drawer and put the bowl inside,fog,3,44,203044,False,280
goal,3,open the top drawer and put the bowl inside,fog,3,45,203045,True,177
goal,3,open the top drawer and put the bowl inside,fog,3,46,203046,False,280
goal,3,open the top drawer and put the bowl inside,fog,3,47,203047,False,280
goal,3,open the top drawer and put the bowl inside,fog,3,48,203048,False,280
goal,3,open the top drawer and put the bowl inside,fog,3,49,203049,False,280
goal,3,open the top drawer and put the bowl inside,glass_blur,3,0,203000,False,280
goal,3,open the top drawer and put the bowl inside,glass_blur,3,1,203001,False,280
goal,3,open the top drawer and put the bowl inside,glass_blur,3,2,203002,False,280
goal,3,open the top drawer and put the bowl inside,glass_blur,3,3,203003,False,280
goal,3,open the top drawer and put the bowl inside,glass_blur,3,4,203004,False,280
goal,3,open the top drawer and put the bowl inside,glass_blur,3,5,203005,False,280
goal,3,open the top drawer and put the bowl inside,glass_blur,3,6,203006,False,280
goal,3,open the top drawer and put the bowl inside,glass_blur,3,7,203007,False,280
goal,3,open the top drawer and put the bowl inside,glass_blur,3,8,203008,False,280
goal,3,open the top drawer and put the bowl inside,glass_blur,3,9,203009,False,280
goal,3,open the top drawer and put the bowl inside,glass_blur,3,10,203010,False,280
goal,3,open the top drawer and put the bowl inside,glass_blur,3,11,203011,False,280
goal,3,open the top drawer and put the bowl inside,glass_blur,3,12,203012,False,280
goal,3,open the top drawer and put the bowl inside,glass_blur,3,13,203013,False,280
goal,3,open the top drawer and put the bowl inside,glass_blur,3,14,203014,False,280
goal,3,open the top drawer and put the bowl inside,glass_blur,3,15,203015,False,280
goal,3,open the top drawer and put the bowl inside,glass_blur,3,16,203016,False,280
goal,3,open the top drawer and put the bowl inside,glass_blur,3,17,203017,False,280
goal,3,open the top drawer and put the bowl inside,glass_blur,3,18,203018,False,280
goal,3,open the top drawer and put the bowl inside,glass_blur,3,19,203019,False,280
goal,3,open the top drawer and put the bowl inside,glass_blur,3,20,203020,False,280
goal,3,open the top drawer and put the bowl inside,glass_blur,3,21,203021,False,280
goal,3,open the top drawer and put the bowl inside,glass_blur,3,22,203022,False,280
goal,3,open the top drawer and put the bowl inside,glass_blur,3,23,203023,False,280
goal,3,open the top drawer and put the bowl inside,glass_blur,3,24,203024,False,280
goal,3,open the top drawer and put the bowl inside,glass_blur,3,25,203025,False,280
goal,3,open the top drawer and put the bowl inside,glass_blur,3,26,203026,False,280
goal,3,open the top drawer and put the bowl inside,glass_blur,3,27,203027,False,280
goal,3,open the top drawer and put the bowl inside,glass_blur,3,28,203028,False,280
goal,3,open the top drawer and put the bowl inside,glass_blur,3,29,203029,False,280
goal,3,open the top drawer and put the bowl inside,glass_blur,3,30,203030,False,280
goal,3,open the top drawer and put the bowl inside,glass_blur,3,31,203031,False,280
goal,3,open the top drawer and put the bowl inside,glass_blur,3,32,203032,False,280
goal,3,open the top drawer and put the bowl inside,glass_blur,3,33,203033,False,280
goal,3,open the top drawer and put the bowl inside,glass_blur,3,34,203034,False,280
goal,3,open the top drawer and put the bowl inside,glass_blur,3,35,203035,False,280
goal,3,open the top drawer and put the bowl inside,glass_blur,3,36,203036,False,280
goal,3,open the top drawer and put the bowl inside,glass_blur,3,37,203037,False,280
goal,3,open the top drawer and put the bowl inside,glass_blur,3,38,203038,False,280
goal,3,open the top drawer and put the bowl inside,glass_blur,3,39,203039,False,280
goal,3,open the top drawer and put the bowl inside,glass_blur,3,40,203040,False,280
goal,3,open the top drawer and put the bowl inside,glass_blur,3,41,203041,False,280
goal,3,open the top drawer and put the bowl inside,glass_blur,3,42,203042,False,280
goal,3,open the top drawer and put the bowl inside,glass_blur,3,43,203043,False,280
goal,3,open the top drawer and put the bowl inside,glass_blur,3,44,203044,False,280
goal,3,open the top drawer and put the bowl inside,glass_blur,3,45,203045,False,280
goal,3,open the top drawer and put the bowl inside,glass_blur,3,46,203046,False,280
goal,3,open the top drawer and put the bowl inside,glass_blur,3,47,203047,False,280
goal,3,open the top drawer and put the bowl inside,glass_blur,3,48,203048,False,280
goal,3,open the top drawer and put the bowl inside,glass_blur,3,49,203049,False,280
goal,4,put the bowl on top of the cabinet,clean,0,0,204000,True,88
goal,4,put the bowl on top of the cabinet,clean,0,1,204001,True,94
goal,4,put the bowl on top of the cabinet,clean,0,2,204002,True,92
goal,4,put the bowl on top of the cabinet,clean,0,3,204003,False,280
goal,4,put the bowl on top of the cabinet,clean,0,4,204004,False,280
goal,4,put the bowl on top of the cabinet,clean,0,5,204005,True,85
goal,4,put the bowl on top of the cabinet,clean,0,6,204006,True,88
goal,4,put the bowl on top of the cabinet,clean,0,7,204007,True,99
goal,4,put the bowl on top of the cabinet,clean,0,8,204008,True,91
goal,4,put the bowl on top of the cabinet,clean,0,9,204009,False,280
goal,4,put the bowl on top of the cabinet,clean,0,10,204010,True,86
goal,4,put the bowl on top of the cabinet,clean,0,11,204011,False,280
goal,4,put the bowl on top of the cabinet,clean,0,12,204012,True,76
goal,4,put the bowl on top of the cabinet,clean,0,13,204013,False,280
goal,4,put the bowl on top of the cabinet,clean,0,14,204014,False,280
goal,4,put the bowl on top of the cabinet,clean,0,15,204015,False,280
goal,4,put the bowl on top of the cabinet,clean,0,16,204016,False,280
goal,4,put the bowl on top of the cabinet,clean,0,17,204017,True,92
goal,4,put the bowl on top of the cabinet,clean,0,18,204018,True,82
goal,4,put the bowl on top of the cabinet,clean,0,19,204019,True,83
goal,4,put the bowl on top of the cabinet,clean,0,20,204020,True,88
goal,4,put the bowl on top of the cabinet,clean,0,21,204021,False,280
goal,4,put the bowl on top of the cabinet,clean,0,22,204022,False,280
goal,4,put the bowl on top of the cabinet,clean,0,23,204023,False,280
goal,4,put the bowl on top of the cabinet,clean,0,24,204024,False,280
goal,4,put the bowl on top of the cabinet,clean,0,25,204025,True,79
goal,4,put the bowl on top of the cabinet,clean,0,26,204026,False,280
goal,4,put the bowl on top of the cabinet,clean,0,27,204027,True,91
goal,4,put the bowl on top of the cabinet,clean,0,28,204028,False,280
goal,4,put the bowl on top of the cabinet,clean,0,29,204029,False,280
goal,4,put the bowl on top of the cabinet,clean,0,30,204030,False,280
goal,4,put the bowl on top of the cabinet,clean,0,31,204031,False,280
goal,4,put the bowl on top of the cabinet,clean,0,32,204032,False,280
goal,4,put the bowl on top of the cabinet,clean,0,33,204033,False,280
goal,4,put the bowl on top of the cabinet,clean,0,34,204034,True,88
goal,4,put the bowl on top of the cabinet,clean,0,35,204035,True,89
goal,4,put the bowl on top of the cabinet,clean,0,36,204036,True,84
goal,4,put the bowl on top of the cabinet,clean,0,37,204037,True,83
goal,4,put the bowl on top of the cabinet,clean,0,38,204038,True,94
goal,4,put the bowl on top of the cabinet,clean,0,39,204039,False,280
goal,4,put the bowl on top of the cabinet,clean,0,40,204040,True,87
goal,4,put the bowl on top of the cabinet,clean,0,41,204041,True,92
goal,4,put the bowl on top of the cabinet,clean,0,42,204042,False,280
goal,4,put the bowl on top of the cabinet,clean,0,43,204043,False,280
goal,4,put the bowl on top of the cabinet,clean,0,44,204044,False,280
goal,4,put the bowl on top of the cabinet,clean,0,45,204045,True,88
goal,4,put the bowl on top of the cabinet,clean,0,46,204046,True,93
goal,4,put the bowl on top of the cabinet,clean,0,47,204047,False,280
goal,4,put the bowl on top of the cabinet,clean,0,48,204048,False,280
goal,4,put the bowl on top of the cabinet,clean,0,49,204049,True,91
goal,4,put the bowl on top of the cabinet,motion_blur,3,0,204000,False,280
goal,4,put the bowl on top of the cabinet,motion_blur,3,1,204001,False,280
goal,4,put the bowl on top of the cabinet,motion_blur,3,2,204002,False,280
goal,4,put the bowl on top of the cabinet,motion_blur,3,3,204003,False,280
goal,4,put the bowl on top of the cabinet,motion_blur,3,4,204004,False,280
goal,4,put the bowl on top of the cabinet,motion_blur,3,5,204005,False,280
goal,4,put the bowl on top of the cabinet,motion_blur,3,6,204006,False,280
goal,4,put the bowl on top of the cabinet,motion_blur,3,7,204007,False,280
goal,4,put the bowl on top of the cabinet,motion_blur,3,8,204008,False,280
goal,4,put the bowl on top of the cabinet,motion_blur,3,9,204009,False,280
goal,4,put the bowl on top of the cabinet,motion_blur,3,10,204010,False,280
goal,4,put the bowl on top of the cabinet,motion_blur,3,11,204011,False,280
goal,4,put the bowl on top of the cabinet,motion_blur,3,12,204012,False,280
goal,4,put the bowl on top of the cabinet,motion_blur,3,13,204013,False,280
goal,4,put the bowl on top of the cabinet,motion_blur,3,14,204014,False,280
goal,4,put the bowl on top of the cabinet,motion_blur,3,15,204015,False,280
goal,4,put the bowl on top of the cabinet,motion_blur,3,16,204016,False,280
goal,4,put the bowl on top of the cabinet,motion_blur,3,17,204017,False,280
goal,4,put the bowl on top of the cabinet,motion_blur,3,18,204018,False,280
goal,4,put the bowl on top of the cabinet,motion_blur,3,19,204019,False,280
goal,4,put the bowl on top of the cabinet,motion_blur,3,20,204020,False,280
goal,4,put the bowl on top of the cabinet,motion_blur,3,21,204021,False,280
goal,4,put the bowl on top of the cabinet,motion_blur,3,22,204022,False,280
goal,4,put the bowl on top of the cabinet,motion_blur,3,23,204023,False,280
goal,4,put the bowl on top of the cabinet,motion_blur,3,24,204024,False,280
goal,4,put the bowl on top of the cabinet,motion_blur,3,25,204025,False,280
goal,4,put the bowl on top of the cabinet,motion_blur,3,26,204026,False,280
goal,4,put the bowl on top of the cabinet,motion_blur,3,27,204027,False,280
goal,4,put the bowl on top of the cabinet,motion_blur,3,28,204028,False,280
goal,4,put the bowl on top of the cabinet,motion_blur,3,29,204029,False,280
goal,4,put the bowl on top of the cabinet,motion_blur,3,30,204030,False,280
goal,4,put the bowl on top of the cabinet,motion_blur,3,31,204031,False,280
goal,4,put the bowl on top of the cabinet,motion_blur,3,32,204032,False,280
goal,4,put the bowl on top of the cabinet,motion_blur,3,33,204033,False,280
goal,4,put the bowl on top of the cabinet,motion_blur,3,34,204034,False,280
goal,4,put the bowl on top of the cabinet,motion_blur,3,35,204035,False,280
goal,4,put the bowl on top of the cabinet,motion_blur,3,36,204036,False,280
goal,4,put the bowl on top of the cabinet,motion_blur,3,37,204037,False,280
goal,4,put the bowl on top of the cabinet,motion_blur,3,38,204038,False,280
goal,4,put the bowl on top of the cabinet,motion_blur,3,39,204039,False,280
goal,4,put the bowl on top of the cabinet,motion_blur,3,40,204040,False,280
goal,4,put the bowl on top of the cabinet,motion_blur,3,41,204041,False,280
goal,4,put the bowl on top of the cabinet,motion_blur,3,42,204042,False,280
goal,4,put the bowl on top of the cabinet,motion_blur,3,43,204043,False,280
goal,4,put the bowl on top of the cabinet,motion_blur,3,44,204044,False,280
goal,4,put the bowl on top of the cabinet,motion_blur,3,45,204045,False,280
goal,4,put the bowl on top of the cabinet,motion_blur,3,46,204046,False,280
goal,4,put the bowl on top of the cabinet,motion_blur,3,47,204047,False,280
goal,4,put the bowl on top of the cabinet,motion_blur,3,48,204048,False,280
goal,4,put the bowl on top of the cabinet,motion_blur,3,49,204049,False,280
goal,4,put the bowl on top of the cabinet,gaussian_blur,3,0,204000,False,280
goal,4,put the bowl on top of the cabinet,gaussian_blur,3,1,204001,False,280
goal,4,put the bowl on top of the cabinet,gaussian_blur,3,2,204002,False,280
goal,4,put the bowl on top of the cabinet,gaussian_blur,3,3,204003,False,280
goal,4,put the bowl on top of the cabinet,gaussian_blur,3,4,204004,True,97
goal,4,put the bowl on top of the cabinet,gaussian_blur,3,5,204005,False,280
goal,4,put the bowl on top of the cabinet,gaussian_blur,3,6,204006,False,280
goal,4,put the bowl on top of the cabinet,gaussian_blur,3,7,204007,False,280
goal,4,put the bowl on top of the cabinet,gaussian_blur,3,8,204008,True,103
goal,4,put the bowl on top of the cabinet,gaussian_blur,3,9,204009,False,280
goal,4,put the bowl on top of the cabinet,gaussian_blur,3,10,204010,False,280
goal,4,put the bowl on top of the cabinet,gaussian_blur,3,11,204011,True,100
goal,4,put the bowl on top of the cabinet,gaussian_blur,3,12,204012,False,280
goal,4,put the bowl on top of the cabinet,gaussian_blur,3,13,204013,False,280
goal,4,put the bowl on top of the cabinet,gaussian_blur,3,14,204014,False,280
goal,4,put the bowl on top of the cabinet,gaussian_blur,3,15,204015,False,280
goal,4,put the bowl on top of the cabinet,gaussian_blur,3,16,204016,True,87
goal,4,put the bowl on top of the cabinet,gaussian_blur,3,17,204017,False,280
goal,4,put the bowl on top of the cabinet,gaussian_blur,3,18,204018,False,280
goal,4,put the bowl on top of the cabinet,gaussian_blur,3,19,204019,False,280
goal,4,put the bowl on top of the cabinet,gaussian_blur,3,20,204020,False,280
goal,4,put the bowl on top of the cabinet,gaussian_blur,3,21,204021,False,280
goal,4,put the bowl on top of the cabinet,gaussian_blur,3,22,204022,False,280
goal,4,put the bowl on top of the cabinet,gaussian_blur,3,23,204023,False,280
goal,4,put the bowl on top of the cabinet,gaussian_blur,3,24,204024,False,280
goal,4,put the bowl on top of the cabinet,gaussian_blur,3,25,204025,False,280
goal,4,put the bowl on top of the cabinet,gaussian_blur,3,26,204026,False,280
goal,4,put the bowl on top of the cabinet,gaussian_blur,3,27,204027,False,280
goal,4,put the bowl on top of the cabinet,gaussian_blur,3,28,204028,False,280
goal,4,put the bowl on top of the cabinet,gaussian_blur,3,29,204029,False,280
goal,4,put the bowl on top of the cabinet,gaussian_blur,3,30,204030,False,280
goal,4,put the bowl on top of the cabinet,gaussian_blur,3,31,204031,False,280
goal,4,put the bowl on top of the cabinet,gaussian_blur,3,32,204032,False,280
goal,4,put the bowl on top of the cabinet,gaussian_blur,3,33,204033,False,280
goal,4,put the bowl on top of the cabinet,gaussian_blur,3,34,204034,False,280
goal,4,put the bowl on top of the cabinet,gaussian_blur,3,35,204035,False,280
goal,4,put the bowl on top of the cabinet,gaussian_blur,3,36,204036,True,103
goal,4,put the bowl on top of the cabinet,gaussian_blur,3,37,204037,False,280
goal,4,put the bowl on top of the cabinet,gaussian_blur,3,38,204038,False,280
goal,4,put the bowl on top of the cabinet,gaussian_blur,3,39,204039,False,280
goal,4,put the bowl on top of the cabinet,gaussian_blur,3,40,204040,True,114
goal,4,put the bowl on top of the cabinet,gaussian_blur,3,41,204041,False,280
goal,4,put the bowl on top of the cabinet,gaussian_blur,3,42,204042,False,280
goal,4,put the bowl on top of the cabinet,gaussian_blur,3,43,204043,False,280
goal,4,put the bowl on top of the cabinet,gaussian_blur,3,44,204044,False,280
goal,4,put the bowl on top of the cabinet,gaussian_blur,3,45,204045,False,280
goal,4,put the bowl on top of the cabinet,gaussian_blur,3,46,204046,False,280
goal,4,put the bowl on top of the cabinet,gaussian_blur,3,47,204047,True,103
goal,4,put the bowl on top of the cabinet,gaussian_blur,3,48,204048,False,280
goal,4,put the bowl on top of the cabinet,gaussian_blur,3,49,204049,False,280
goal,4,put the bowl on top of the cabinet,zoom_blur,3,0,204000,False,280
goal,4,put the bowl on top of the cabinet,zoom_blur,3,1,204001,False,280
goal,4,put the bowl on top of the cabinet,zoom_blur,3,2,204002,False,280
goal,4,put the bowl on top of the cabinet,zoom_blur,3,3,204003,False,280
goal,4,put the bowl on top of the cabinet,zoom_blur,3,4,204004,False,280
goal,4,put the bowl on top of the cabinet,zoom_blur,3,5,204005,False,280
goal,4,put the bowl on top of the cabinet,zoom_blur,3,6,204006,False,280
goal,4,put the bowl on top of the cabinet,zoom_blur,3,7,204007,False,280
goal,4,put the bowl on top of the cabinet,zoom_blur,3,8,204008,False,280
goal,4,put the bowl on top of the cabinet,zoom_blur,3,9,204009,False,280
goal,4,put the bowl on top of the cabinet,zoom_blur,3,10,204010,True,97
goal,4,put the bowl on top of the cabinet,zoom_blur,3,11,204011,False,280
goal,4,put the bowl on top of the cabinet,zoom_blur,3,12,204012,False,280
goal,4,put the bowl on top of the cabinet,zoom_blur,3,13,204013,False,280
goal,4,put the bowl on top of the cabinet,zoom_blur,3,14,204014,False,280
goal,4,put the bowl on top of the cabinet,zoom_blur,3,15,204015,False,280
goal,4,put the bowl on top of the cabinet,zoom_blur,3,16,204016,False,280
goal,4,put the bowl on top of the cabinet,zoom_blur,3,17,204017,False,280
goal,4,put the bowl on top of the cabinet,zoom_blur,3,18,204018,False,280
goal,4,put the bowl on top of the cabinet,zoom_blur,3,19,204019,False,280
goal,4,put the bowl on top of the cabinet,zoom_blur,3,20,204020,False,280
goal,4,put the bowl on top of the cabinet,zoom_blur,3,21,204021,True,92
goal,4,put the bowl on top of the cabinet,zoom_blur,3,22,204022,True,97
goal,4,put the bowl on top of the cabinet,zoom_blur,3,23,204023,False,280
goal,4,put the bowl on top of the cabinet,zoom_blur,3,24,204024,True,98
goal,4,put the bowl on top of the cabinet,zoom_blur,3,25,204025,False,280
goal,4,put the bowl on top of the cabinet,zoom_blur,3,26,204026,False,280
goal,4,put the bowl on top of the cabinet,zoom_blur,3,27,204027,False,280
goal,4,put the bowl on top of the cabinet,zoom_blur,3,28,204028,False,280
goal,4,put the bowl on top of the cabinet,zoom_blur,3,29,204029,False,280
goal,4,put the bowl on top of the cabinet,zoom_blur,3,30,204030,False,280
goal,4,put the bowl on top of the cabinet,zoom_blur,3,31,204031,True,101
goal,4,put the bowl on top of the cabinet,zoom_blur,3,32,204032,False,280
goal,4,put the bowl on top of the cabinet,zoom_blur,3,33,204033,False,280
goal,4,put the bowl on top of the cabinet,zoom_blur,3,34,204034,True,102
goal,4,put the bowl on top of the cabinet,zoom_blur,3,35,204035,False,280
goal,4,put the bowl on top of the cabinet,zoom_blur,3,36,204036,False,280
goal,4,put the bowl on top of the cabinet,zoom_blur,3,37,204037,False,280
goal,4,put the bowl on top of the cabinet,zoom_blur,3,38,204038,False,280
goal,4,put the bowl on top of the cabinet,zoom_blur,3,39,204039,False,280
goal,4,put the bowl on top of the cabinet,zoom_blur,3,40,204040,False,280
goal,4,put the bowl on top of the cabinet,zoom_blur,3,41,204041,False,280
goal,4,put the bowl on top of the cabinet,zoom_blur,3,42,204042,True,106
goal,4,put the bowl on top of the cabinet,zoom_blur,3,43,204043,False,280
goal,4,put the bowl on top of the cabinet,zoom_blur,3,44,204044,False,280
goal,4,put the bowl on top of the cabinet,zoom_blur,3,45,204045,False,280
goal,4,put the bowl on top of the cabinet,zoom_blur,3,46,204046,False,280
goal,4,put the bowl on top of the cabinet,zoom_blur,3,47,204047,True,105
goal,4,put the bowl on top of the cabinet,zoom_blur,3,48,204048,False,280
goal,4,put the bowl on top of the cabinet,zoom_blur,3,49,204049,True,91
goal,4,put the bowl on top of the cabinet,fog,3,0,204000,True,94
goal,4,put the bowl on top of the cabinet,fog,3,1,204001,True,87
goal,4,put the bowl on top of the cabinet,fog,3,2,204002,True,94
goal,4,put the bowl on top of the cabinet,fog,3,3,204003,True,102
goal,4,put the bowl on top of the cabinet,fog,3,4,204004,False,280
goal,4,put the bowl on top of the cabinet,fog,3,5,204005,False,280
goal,4,put the bowl on top of the cabinet,fog,3,6,204006,True,89
goal,4,put the bowl on top of the cabinet,fog,3,7,204007,False,280
goal,4,put the bowl on top of the cabinet,fog,3,8,204008,False,280
goal,4,put the bowl on top of the cabinet,fog,3,9,204009,False,280
goal,4,put the bowl on top of the cabinet,fog,3,10,204010,True,91
goal,4,put the bowl on top of the cabinet,fog,3,11,204011,False,280
goal,4,put the bowl on top of the cabinet,fog,3,12,204012,False,280
goal,4,put the bowl on top of the cabinet,fog,3,13,204013,False,280
goal,4,put the bowl on top of the cabinet,fog,3,14,204014,False,280
goal,4,put the bowl on top of the cabinet,fog,3,15,204015,True,93
goal,4,put the bowl on top of the cabinet,fog,3,16,204016,True,91
goal,4,put the bowl on top of the cabinet,fog,3,17,204017,False,280
goal,4,put the bowl on top of the cabinet,fog,3,18,204018,False,280
goal,4,put the bowl on top of the cabinet,fog,3,19,204019,True,94
goal,4,put the bowl on top of the cabinet,fog,3,20,204020,True,86
goal,4,put the bowl on top of the cabinet,fog,3,21,204021,False,280
goal,4,put the bowl on top of the cabinet,fog,3,22,204022,False,280
goal,4,put the bowl on top of the cabinet,fog,3,23,204023,True,93
goal,4,put the bowl on top of the cabinet,fog,3,24,204024,False,280
goal,4,put the bowl on top of the cabinet,fog,3,25,204025,False,280
goal,4,put the bowl on top of the cabinet,fog,3,26,204026,False,280
goal,4,put the bowl on top of the cabinet,fog,3,27,204027,True,86
goal,4,put the bowl on top of the cabinet,fog,3,28,204028,False,280
goal,4,put the bowl on top of the cabinet,fog,3,29,204029,True,97
goal,4,put the bowl on top of the cabinet,fog,3,30,204030,False,280
goal,4,put the bowl on top of the cabinet,fog,3,31,204031,True,99
goal,4,put the bowl on top of the cabinet,fog,3,32,204032,True,97
goal,4,put the bowl on top of the cabinet,fog,3,33,204033,True,90
goal,4,put the bowl on top of the cabinet,fog,3,34,204034,False,280
goal,4,put the bowl on top of the cabinet,fog,3,35,204035,True,99
goal,4,put the bowl on top of the cabinet,fog,3,36,204036,True,96
goal,4,put the bowl on top of the cabinet,fog,3,37,204037,True,89
goal,4,put the bowl on top of the cabinet,fog,3,38,204038,True,105
goal,4,put the bowl on top of the cabinet,fog,3,39,204039,False,280
goal,4,put the bowl on top of the cabinet,fog,3,40,204040,True,95
goal,4,put the bowl on top of the cabinet,fog,3,41,204041,True,97
goal,4,put the bowl on top of the cabinet,fog,3,42,204042,False,280
goal,4,put the bowl on top of the cabinet,fog,3,43,204043,True,78
goal,4,put the bowl on top of the cabinet,fog,3,44,204044,False,280
goal,4,put the bowl on top of the cabinet,fog,3,45,204045,False,280
goal,4,put the bowl on top of the cabinet,fog,3,46,204046,False,280
goal,4,put the bowl on top of the cabinet,fog,3,47,204047,True,93
goal,4,put the bowl on top of the cabinet,fog,3,48,204048,True,110
goal,4,put the bowl on top of the cabinet,fog,3,49,204049,True,100
goal,4,put the bowl on top of the cabinet,glass_blur,3,0,204000,False,280
goal,4,put the bowl on top of the cabinet,glass_blur,3,1,204001,False,280
goal,4,put the bowl on top of the cabinet,glass_blur,3,2,204002,False,280
goal,4,put the bowl on top of the cabinet,glass_blur,3,3,204003,False,280
goal,4,put the bowl on top of the cabinet,glass_blur,3,4,204004,False,280
goal,4,put the bowl on top of the cabinet,glass_blur,3,5,204005,False,280
goal,4,put the bowl on top of the cabinet,glass_blur,3,6,204006,False,280
goal,4,put the bowl on top of the cabinet,glass_blur,3,7,204007,False,280
goal,4,put the bowl on top of the cabinet,glass_blur,3,8,204008,False,280
goal,4,put the bowl on top of the cabinet,glass_blur,3,9,204009,False,280
goal,4,put the bowl on top of the cabinet,glass_blur,3,10,204010,False,280
goal,4,put the bowl on top of the cabinet,glass_blur,3,11,204011,False,280
goal,4,put the bowl on top of the cabinet,glass_blur,3,12,204012,False,280
goal,4,put the bowl on top of the cabinet,glass_blur,3,13,204013,False,280
goal,4,put the bowl on top of the cabinet,glass_blur,3,14,204014,False,280
goal,4,put the bowl on top of the cabinet,glass_blur,3,15,204015,False,280
goal,4,put the bowl on top of the cabinet,glass_blur,3,16,204016,False,280
goal,4,put the bowl on top of the cabinet,glass_blur,3,17,204017,False,280
goal,4,put the bowl on top of the cabinet,glass_blur,3,18,204018,False,280
goal,4,put the bowl on top of the cabinet,glass_blur,3,19,204019,False,280
goal,4,put the bowl on top of the cabinet,glass_blur,3,20,204020,False,280
goal,4,put the bowl on top of the cabinet,glass_blur,3,21,204021,False,280
goal,4,put the bowl on top of the cabinet,glass_blur,3,22,204022,False,280
goal,4,put the bowl on top of the cabinet,glass_blur,3,23,204023,False,280
goal,4,put the bowl on top of the cabinet,glass_blur,3,24,204024,False,280
goal,4,put the bowl on top of the cabinet,glass_blur,3,25,204025,False,280
goal,4,put the bowl on top of the cabinet,glass_blur,3,26,204026,False,280
goal,4,put the bowl on top of the cabinet,glass_blur,3,27,204027,False,280
goal,4,put the bowl on top of the cabinet,glass_blur,3,28,204028,False,280
goal,4,put the bowl on top of the cabinet,glass_blur,3,29,204029,False,280
goal,4,put the bowl on top of the cabinet,glass_blur,3,30,204030,False,280
goal,4,put the bowl on top of the cabinet,glass_blur,3,31,204031,False,280
goal,4,put the bowl on top of the cabinet,glass_blur,3,32,204032,False,280
goal,4,put the bowl on top of the cabinet,glass_blur,3,33,204033,False,280
goal,4,put the bowl on top of the cabinet,glass_blur,3,34,204034,False,280
goal,4,put the bowl on top of the cabinet,glass_blur,3,35,204035,False,280
goal,4,put the bowl on top of the cabinet,glass_blur,3,36,204036,False,280
goal,4,put the bowl on top of the cabinet,glass_blur,3,37,204037,False,280
goal,4,put the bowl on top of the cabinet,glass_blur,3,38,204038,False,280
goal,4,put the bowl on top of the cabinet,glass_blur,3,39,204039,False,280
goal,4,put the bowl on top of the cabinet,glass_blur,3,40,204040,False,280
goal,4,put the bowl on top of the cabinet,glass_blur,3,41,204041,False,280
goal,4,put the bowl on top of the cabinet,glass_blur,3,42,204042,False,280
goal,4,put the bowl on top of the cabinet,glass_blur,3,43,204043,False,280
goal,4,put the bowl on top of the cabinet,glass_blur,3,44,204044,False,280
goal,4,put the bowl on top of the cabinet,glass_blur,3,45,204045,False,280
goal,4,put the bowl on top of the cabinet,glass_blur,3,46,204046,False,280
goal,4,put the bowl on top of the cabinet,glass_blur,3,47,204047,False,280
goal,4,put the bowl on top of the cabinet,glass_blur,3,48,204048,False,280
goal,4,put the bowl on top of the cabinet,glass_blur,3,49,204049,False,280
