suite,task_id,task_description,noise_type,severity,rollout_index,episode_seed,success,episode_length
spatial,0,pick up the black bowl between the plate and the ramekin and place it on the plate,clean,0,0,0,True,77
spatial,0,pick up the black bowl between the plate and the ramekin and place it on the plate,clean,0,1,1,True,80
spatial,0,pick up the black bowl between the plate and the ramekin and place it on the plate,clean,0,2,2,True,69
spatial,0,pick up the black bowl between the plate and the ramekin and place it on the plate,clean,0,3,3,False,280
spatial,0,pick up the black bowl between the plate and the ramekin and place it on the plate,clean,0,4,4,True,85
spatial,0,pick up the black bowl between the plate and the ramekin and place it on the plate,clean,0,5,5,True,70
spatial,0,pick up the black bowl between the plate and the ramekin and place it on the plate,clean,0,6,6,True,79
spatial,0,pick up the black bowl between the plate and the ramekin and place it on the plate,clean,0,7,7,True,105
spatial,0,pick up the black bowl between the plate and the ramekin and place it on the plate,clean,0,8,8,True,73
spatial,0,pick up the black bowl between the plate and the ramekin and place it on the plate,clean,0,9,9,True,75
spatial,0,pick up the black bowl between the plate and the ramekin and place it on the plate,clean,0,10,10,True,165
spatial,0,pick up the black bowl between the plate and the ramekin and place it on the plate,clean,0,11,11,True,86
spatial,0,pick up the black bowl between the plate and the ramekin and place it on the plate,clean,0,12,12,True,78
spatial,0,pick up the black bowl between the plate and the ramekin and place it on the plate,clean,0,13,13,True,70
spatial,0,pick up the black bowl between the plate and the ramekin and place it on the plate,clean,0,14,14,True,77
spatial,0,pick up the black bowl between the plate and the ramekin and place it on the plate,clean,0,15,15,True,76
spatial,0,pick up the black bowl between the plate and the ramekin and place it on the plate,clean,0,16,16,True,75
spatial,0,pick up the black bowl between the plate and the ramekin and place it on the plate,clean,0,17,17,True,71
spatial,0,pick up the black bowl between the plate and the ramekin and place it on the plate,clean,0,18,18,True,115
spatial,0,pick up the black bowl between the plate and the ramekin and place it on the plate,clean,0,19,19,True,74
spatial,0,pick up the black bowl between the plate and the ramekin and place it on the plate,clean,0,20,20,False,280
spatial,0,pick up the black bowl between the plate and the ramekin and place it on the plate,clean,0,21,21,True,77
spatial,0,pick up the black bowl between the plate and the ramekin and place it on the plate,clean,0,22,22,True,74
spatial,0,pick up the black bowl between the plate and the ramekin and place it on the plate,clean,0,23,23,True,65
spatial,0,pick up the black bowl between the plate and the ramekin and place it on the plate,clean,0,24,24,True,75
spatial,0,pick up the black bowl between the plate and the ramekin and place it on the plate,clean,0,25,25,True,75
spatial,0,pick up the black bowl between the plate and the ramekin and place it on the plate,clean,0,26,26,False,280
spatial,0,pick up the black bowl between the plate and the ramekin and place it on the plate,clean,0,27,27,True,86
spatial,0,pick up the black bowl between the plate and the ramekin and place it on the plate,clean,0,28,28,True,77
spatial,0,pick up the black bowl between the plate and the ramekin and place it on the plate,clean,0,29,29,True,76
spatial,0,pick up the black bowl between the plate and the ramekin and place it on the plate,clean,0,30,30,True,76
spatial,0,pick up the black bowl between the plate and the ramekin and place it on the plate,clean,0,31,31,True,74
spatial,0,pick up the black bowl between the plate and the ramekin and place it on the plate,clean,0,32,32,True,73
spatial,0,pick up the black bowl between the plate and the ramekin and place it on the plate,clean,0,33,33,False,280
spatial,0,pick up the black bowl between the plate and the ramekin and place it on the plate,clean,0,34,34,True,69
spatial,0,pick up the black bowl between the plate and the ramekin and place it on the plate,clean,0,35,35,False,280
spatial,0,pick up the black bowl between the plate and the ramekin and place it on the plate,clean,0,36,36,False,280
spatial,0,pick up the black bowl between the plate and the ramekin and place it on the plate,clean,0,37,37,False,280
spatial,0,pick up the black bowl between the plate and the ramekin and place it on the plate,clean,0,38,38,True,76
spatial,0,pick up the black bowl between the plate and the ramekin and place it on the plate,clean,0,39,39,True,77
spatial,0,pick up the black bowl between the plate and the ramekin and place it on the plate,clean,0,40,40,True,65
spatial,0,pick up the black bowl between the plate and the ramekin and place it on the plate,clean,0,41,41,True,63
spatial,0,pick up the black bowl between the plate and the ramekin and place it on the plate,clean,0,42,42,True,82
spatial,0,pick up the black bowl between the plate and the ramekin and place it on the plate,clean,0,43,43,True,73
spatial,0,pick up the black bowl between the plate and the ramekin and place it on the plate,clean,0,44,44,True,94
spatial,0,pick up the black bowl between the plate and the ramekin and place it on the plate,clean,0,45,45,True,75
spatial,0,pick up the black bowl between the plate and the ramekin and place it on the plate,clean,0,46,46,True,91
spatial,0,pick up the black bowl between the plate and the ramekin and place it on the plate,clean,0,47,47,False,280
spatial,0,pick up the black bowl between the plate and the ramekin and place it on the plate,clean,0,48,48,True,76
spatial,0,pick up the black bowl between the plate and the ramekin and place it on the plate,clean,0,49,49,True,128
spatial,0,pick up the black bowl between the plate and the ramekin and place it on the plate,motion_blur,1,0,0,True,84
spatial,0,pick up the black bowl between the plate and the ramekin and place it on the plate,motion_blur,1,1,1,False,280
spatial,0,pick up the black bowl between the plate and the ramekin and place it on the plate,motion_blur,1,2,2,True,231
spatial,0,pick up the black bowl between the plate and the ramekin and place it on the plate,motion_blur,1,3,3,True,82
spatial,0,pick up the black bowl between the plate and the ramekin and place it on the plate,motion_blur,1,4,4,True,89
spatial,0,pick up the black bowl between the plate and the ramekin and place it on the plate,motion_blur,1,5,5,True,92
spatial,0,pick up the black bowl between the plate and the ramekin and place it on the plate,motion_blur,1,6,6,False,280
spatial,0,pick up the black bowl between the plate and the ramekin and place it on the plate,motion_blur,1,7,7,True,83
spatial,0,pick up the black bowl between the plate and the ramekin and place it on the plate,motion_blur,1,8,8,False,280
spatial,0,pick up the black bowl between the plate and the ramekin and place it on the plate,motion_blur,1,9,9,True,77
spatial,0,pick up the black bowl between the plate and the ramekin and place it on the plate,motion_blur,1,10,10,False,280
spatial,0,pick up the black bowl between the plate and the ramekin and place it on the plate,motion_blur,1,11,11,True,95
spatial,0,pick up the black bowl between the plate and the ramekin and place it on the plate,motion_blur,1,12,12,True,91
spatial,0,pick up the black bowl between the plate and the ramekin and place it on the plate,motion_blur,1,13,13,False,280
spatial,0,pick up the black bowl between the plate and the ramekin and place it on the plate,motion_blur,1,14,14,True,88
spatial,0,pick up the black bowl between the plate and the ramekin and place it on the plate,motion_blur,1,15,15,True,81
spatial,0,pick up the black bowl between the plate and the ramekin and place it on the plate,motion_blur,1,16,16,True,200
spatial,0,pick up the black bowl between the plate and the ramekin and place it on the plate,motion_blur,1,17,17,True,83
spatial,0,pick up the black bowl between the plate and the ramekin and place it on the plate,motion_blur,1,18,18,True,100
spatial,0,pick up the black bowl between the plate and the ramekin and place it on the plate,motion_blur,1,19,19,True,86
spatial,0,pick up the black bowl between the plate and the ramekin and place it on the plate,motion_blur,1,20,20,False,280
spatial,0,pick up the black bowl between the plate and the ramekin and place it on the plate,motion_blur,1,21,21,True,88
spatial,0,pick up the black bowl between the plate and the ramekin and place it on the plate,motion_blur,1,22,22,True,94
spatial,0,pick up the black bowl between the plate and the ramekin and place it on the plate,motion_blur,1,23,23,True,90
spatial,0,pick up the black bowl between the plate and the ramekin and place it on the plate,motion_blur,1,24,24,True,81
spatial,0,pick up the black bowl between the plate and the ramekin and place it on the plate,motion_blur,1,25,25,True,79
spatial,0,pick up the black bowl between the plate and the ramekin and place it on the plate,motion_blur,1,26,26,True,96
spatial,0,pick up the black bowl between the plate and the ramekin and place it on the plate,motion_blur,1,27,27,True,126
spatial,0,pick up the black bowl between the plate and the ramekin and place it on the plate,motion_blur,1,28,28,True,79
spatial,0,pick up the black bowl between the plate and the ramekin and place it on the plate,motion_blur,1,29,29,True,98
spatial,0,pick up the black bowl between the plate and the ramekin and place it on the plate,motion_blur,1,30,30,True,263
spatial,0,pick up the black bowl between the plate and the ramekin and place it on the plate,motion_blur,1,31,31,True,93
spatial,0,pick up the black bowl between the plate and the ramekin and place it on the plate,motion_blur,1,32,32,False,280
spatial,0,pick up the black bowl between the plate and the ramekin and place it on the plate,motion_blur,1,33,33,False,280
spatial,0,pick up the black bowl between the plate and the ramekin and place it on the plate,motion_blur,1,34,34,False,280
spatial,0,pick up the black bowl between the plate and the ramekin and place it on the plate,motion_blur,1,35,35,False,280
spatial,0,pick up the black bowl between the plate and the ramekin and place it on the plate,motion_blur,1,36,36,True,95
spatial,0,pick up the black bowl between the plate and the ramekin and place it on the plate,motion_blur,1,37,37,False,280
spatial,0,pick up the black bowl between the plate and the ramekin and place it on the plate,motion_blur,1,38,38,False,280
spatial,0,pick up the black bowl between the plate and the ramekin and place it on the plate,motion_blur,1,39,39,True,83
spatial,0,pick up the black bowl between the plate and the ramekin and place it on the plate,motion_blur,1,40,40,True,92
spatial,0,pick up the black bowl between the plate and the ramekin and place it on the plate,motion_blur,1,41,41,True,80
spatial,0,pick up the black bowl between the plate and the ramekin and place it on the plate,motion_blur,1,42,42,True,90
spatial,0,pick up the black bowl between the plate and the ramekin and place it on the plate,motion_blur,1,43,43,False,280
spatial,0,pick up the black bowl between the plate and the ramekin and place it on the plate,motion_blur,1,44,44,True,82
spatial,0,pick up the black bowl between the plate and the ramekin and place it on the plate,motion_blur,1,45,45,False,280
spatial,0,pick up the black bowl between the plate and the ramekin and place it on the plate,motion_blur,1,46,46,True,87
spatial,0,pick up the black bowl between the plate and the ramekin and place it on the plate,motion_blur,1,47,47,True,85
spatial,0,pick up the black bowl between the plate and the ramekin and place it on the plate,motion_blur,1,48,48,True,82
spatial,0,pick up the black bowl between the plate and the ramekin and place it on the plate,motion_blur,1,49,49,True,99
spatial,0,pick up the black bowl between the plate and the ramekin and place it on the plate,gaussian_blur,1,0,0,True,75
spatial,0,pick up the black bowl between the plate and the ramekin and place it on the plate,gaussian_blur,1,1,1,True,73
spatial,0,pick up the black bowl between the plate and the ramekin and place it on the plate,gaussian_blur,1,2,2,True,72
spatial,0,pick up the black bowl between the plate and the ramekin and place it on the plate,gaussian_blur,1,3,3,True,73
spatial,0,pick up the black bowl between the plate and the ramekin and place it on the plate,gaussian_blur,1,4,4,True,84
spatial,0,pick up the black bowl between the plate and the ramekin and place it on the plate,gaussian_blur,1,5,5,True,77
spatial,0,pick up the black bowl between the plate and the ramekin and place it on the plate,gaussian_blur,1,6,6,True,75
spatial,0,pick up the black bowl between the plate and the ramekin and place it on the plate,gaussian_blur,1,7,7,True,72
spatial,0,pick up the black bowl between the plate and the ramekin and place it on the plate,gaussian_blur,1,8,8,True,76
spatial,0,pick up the black bowl between the plate and the ramekin and place it on the plate,gaussian_blur,1,9,9,True,91
spatial,0,pick up the black bowl between the plate and the ramekin and place it on the plate,gaussian_blur,1,10,10,True,81
spatial,0,pick up the black bowl between the plate and the ramekin and place it on the plate,gaussian_blur,1,11,11,True,80
spatial,0,pick up the black bowl between the plate and the ramekin and place it on the plate,gaussian_blur,1,12,12,True,70
spatial,0,pick up the black bowl between the plate and the ramekin and place it on the plate,gaussian_blur,1,13,13,True,78
spatial,0,pick up the black bowl between the plate and the ramekin and place it on the plate,gaussian_blur,1,14,14,True,77
spatial,0,pick up the black bowl between the plate and the ramekin and place it on the plate,gaussian_blur,1,15,15,True,78
spatial,0,pick up the black bowl between the plate and the ramekin and place it on the plate,gaussian_blur,1,16,16,True,83
spatial,0,pick up the black bowl between the plate and the ramekin and place it on the plate,gaussian_blur,1,17,17,True,76
spatial,0,pick up the black bowl between the plate and the ramekin and place it on the plate,gaussian_blur,1,18,18,True,80
spatial,0,pick up the black bowl between the plate and the ramekin and place it on the plate,gaussian_blur,1,19,19,True,79
spatial,0,pick up the black bowl between the plate and the ramekin and place it on the plate,gaussian_blur,1,20,20,True,74
spatial,0,pick up the black bowl between the plate and the ramekin and place it on the plate,gaussian_blur,1,21,21,True,80
spatial,0,pick up the black bowl between the plate and the ramekin and place it on the plate,gaussian_blur,1,22,22,False,280
spatial,0,pick up the black bowl between the plate and the ramekin and place it on the plate,gaussian_blur,1,23,23,True,80
spatial,0,pick up the black bowl between the plate and the ramekin and place it on the plate,gaussian_blur,1,24,24,True,73
spatial,0,pick up the black bowl between the plate and the ramekin and place it on the plate,gaussian_blur,1,25,25,True,78
spatial,0,pick up the black bowl between the plate and the ramekin and place it on the plate,gaussian_blur,1,26,26,True,77
spatial,0,pick up the black bowl between the plate and the ramekin and place it on the plate,gaussian_blur,1,27,27,True,78
spatial,0,pick up the black bowl between the plate and the ramekin and place it on the plate,gaussian_blur,1,28,28,True,77
spatial,0,pick up the black bowl between the plate and the ramekin and place it on the plate,gaussian_blur,1,29,29,True,81
spatial,0,pick up the black bowl between the plate and the ramekin and place it on the plate,gaussian_blur,1,30,30,True,84
spatial,0,pick up the black bowl between the plate and the ramekin and place it on the plate,gaussian_blur,1,31,31,True,80
spatial,0,pick up the black bowl between the plate and the ramekin and place it on the plate,gaussian_blur,1,32,32,True,85
spatial,0,pick up the black bowl between the plate and the ramekin and place it on the plate,gaussian_blur,1,33,33,False,280
spatial,0,pick up the black bowl between the plate and the ramekin and place it on the plate,gaussian_blur,1,34,34,True,71
spatial,0,pick up the black bowl between the plate and the ramekin and place it on the plate,gaussian_blur,1,35,35,True,74
spatial,0,pick up the black bowl between the plate and the ramekin and place it on the plate,gaussian_blur,1,36,36,True,84
spatial,0,pick up the black bowl between the plate and the ramekin and place it on the plate,gaussian_blur,1,37,37,True,73
spatial,0,pick up the black bowl between the plate and the ramekin and place it on the plate,gaussian_blur,1,38,38,True,77
spatial,0,pick up the black bowl between the plate and the ramekin and place it on the plate,gaussian_blur,1,39,39,True,78
spatial,0,pick up the black bowl between the plate and the ramekin and place it on the plate,gaussian_blur,1,40,40,True,77
spatial,0,pick up the black bowl between the plate and the ramekin and place it on the plate,gaussian_blur,1,41,41,True,79
spatial,0,pick up the black bowl between the plate and the ramekin and place it on the plate,gaussian_blur,1,42,42,True,74
spatial,0,pick up the black bowl between the plate and the ramekin and place it on the plate,gaussian_blur,1,43,43,True,91
spatial,0,pick up the black bowl between the plate and the ramekin and place it on the plate,gaussian_blur,1,44,44,True,82
spatial,0,pick up the black bowl between the plate and the ramekin and place it on the plate,gaussian_blur,1,45,45,True,76
spatial,0,pick up the black bowl between the plate and the ramekin and place it on the plate,gaussian_blur,1,46,46,True,77
spatial,0,pick up the black bowl between the plate and the ramekin and place it on the plate,gaussian_blur,1,47,47,True,84
spatial,0,pick up the black bowl between the plate and the ramekin and place it on the plate,gaussian_blur,1,48,48,True,77
spatial,0,pick up the black bowl between the plate and the ramekin and place it on the plate,gaussian_blur,1,49,49,True,79
spatial,0,pick up the black bowl between the plate and the ramekin and place it on the plate,zoom_blur,1,0,0,True,79
spatial,0,pick up the black bowl between the plate and the ramekin and place it on the plate,zoom_blur,1,1,1,True,77
spatial,0,pick up the black bowl between the plate and the ramekin and place it on the plate,zoom_blur,1,2,2,True,71
spatial,0,pick up the black bowl between the plate and the ramekin and place it on the plate,zoom_blur,1,3,3,True,76
spatial,0,pick up the black bowl between the plate and the ramekin and place it on the plate,zoom_blur,1,4,4,True,76
spatial,0,pick up the black bowl between the plate and the ramekin and place it on the plate,zoom_blur,1,5,5,True,78
spatial,0,pick up the black bowl between the plate and the ramekin and place it on the plate,zoom_blur,1,6,6,True,78
spatial,0,pick up the black bowl between the plate and the ramekin and place it on the plate,zoom_blur,1,7,7,True,80
spatial,0,pick up the black bowl between the plate and the ramekin and place it on the plate,zoom_blur,1,8,8,True,83
spatial,0,pick up the black bowl between the plate and the ramekin and place it on the plate,zoom_blur,1,9,9,True,75
spatial,0,pick up the black bowl between the plate and the ramekin and place it on the plate,zoom_blur,1,10,10,True,76
spatial,0,pick up the black bowl between the plate and the ramekin and place it on the plate,zoom_blur,1,11,11,True,81
spatial,0,pick up the black bowl between the plate and the ramekin and place it on the plate,zoom_blur,1,12,12,True,83
spatial,0,pick up the black bowl between the plate and the ramekin and place it on the plate,zoom_blur,1,13,13,True,77
spatial,0,pick up the black bowl between the plate and the ramekin and place it on the plate,zoom_blur,1,14,14,True,77
spatial,0,pick up the black bowl between the plate and the ramekin and place it on the plate,zoom_blur,1,15,15,True,82
spatial,0,pick up the black bowl between the plate and the ramekin and place it on the plate,zoom_blur,1,16,16,True,76
spatial,0,pick up the black bowl between the plate and the ramekin and place it on the plate,zoom_blur,1,17,17,True,64
spatial,0,pick up the black bowl between the plate and the ramekin and place it on the plate,zoom_blur,1,18,18,True,74
spatial,0,pick up the black bowl between the plate and the ramekin and place it on the plate,zoom_blur,1,19,19,True,86
spatial,0,pick up the black bowl between the plate and the ramekin and place it on the plate,zoom_blur,1,20,20,True,79
spatial,0,pick up the black bowl between the plate and the ramekin and place it on the plate,zoom_blur,1,21,21,True,71
spatial,0,pick up the black bowl between the plate and the ramekin and place it on the plate,zoom_blur,1,22,22,True,65
spatial,0,pick up the black bowl between the plate and the ramekin and place it on the plate,zoom_blur,1,23,23,True,69
spatial,0,pick up the black bowl between the plate and the ramekin and place it on the plate,zoom_blur,1,24,24,True,77
spatial,0,pick up the black bowl between the plate and the ramekin and place it on the plate,zoom_blur,1,25,25,True,76
spatial,0,pick up the black bowl between the plate and the ramekin and place it on the plate,zoom_blur,1,26,26,True,81
spatial,0,pick up the black bowl between the plate and the ramekin and place it on the plate,zoom_blur,1,27,27,True,81
spatial,0,pick up the black bowl between the plate and the ramekin and place it on the plate,zoom_blur,1,28,28,True,73
spatial,0,pick up the black bowl between the plate and the ramekin and place it on the plate,zoom_blur,1,29,29,True,76
spatial,0,pick up the black bowl between the plate and the ramekin and place it on the plate,zoom_blur,1,30,30,True,75
spatial,0,pick up the black bowl between the plate and the ramekin and place it on the plate,zoom_blur,1,31,31,True,86
spatial,0,pick up the black bowl between the plate and the ramekin and place it on the plate,zoom_blur,1,32,32,True,83
spatial,0,pick up the black bowl between the plate and the ramekin and place it on the plate,zoom_blur,1,33,33,True,82
spatial,0,pick up the black bowl between the plate and the ramekin and place it on the plate,zoom_blur,1,34,34,False,280
spatial,0,pick up the black bowl between the plate and the ramekin and place it on the plate,zoom_blur,1,35,35,True,83
spatial,0,pick up the black bowl between the plate and the ramekin and place it on the plate,zoom_blur,1,36,36,True,68
spatial,0,pick up the black bowl between the plate and the ramekin and place it on the plate,zoom_blur,1,37,37,True,85
spatial,0,pick up the black bowl between the plate and the ramekin and place it on the plate,zoom_blur,1,38,38,True,72
spatial,0,pick up the black bowl between the plate and the ramekin and place it on the plate,zoom_blur,1,39,39,True,78
spatial,0,pick up the black bowl between the plate and the ramekin and place it on the plate,zoom_blur,1,40,40,True,74
spatial,0,pick up the black bowl between the plate and the ramekin and place it on the plate,zoom_blur,1,41,41,True,73
spatial,0,pick up the black bowl between the plate and the ramekin and place it on the plate,zoom_blur,1,42,42,True,80
spatial,0,pick up the black bowl between the plate and the ramekin and place it on the plate,zoom_blur,1,43,43,False,280
spatial,0,pick up the black bowl between the plate and the ramekin and place it on the plate,zoom_blur,1,44,44,True,75
spatial,0,pick up the black bowl between the plate and the ramekin and place it on the plate,zoom_blur,1,45,45,True,80
spatial,0,pick up the black bowl between the plate and the ramekin and place it on the plate,zoom_blur,1,46,46,True,72
spatial,0,pick up the black bowl between the plate and the ramekin and place it on the plate,zoom_blur,1,47,47,True,82
spatial,0,pick up the black bowl between the plate and the ramekin and place it on the plate,zoom_blur,1,48,48,True,82
spatial,0,pick up the black bowl between the plate and the ramekin and place it on the plate,zoom_blur,1,49,49,True,83
spatial,0,pick up the black bowl between the plate and the ramekin and place it on the plate,fog,1,0,0,True,81
spatial,0,pick up the black bowl between the plate and the ramekin and place it on the plate,fog,1,1,1,True,71
spatial,0,pick up the black bowl between the plate and the ramekin and place it on the plate,fog,1,2,2,True,76
spatial,0,pick up the black bowl between the plate and the ramekin and place it on the plate,fog,1,3,3,True,82
spatial,0,pick up the black bowl between the plate and the ramekin and place it on the plate,fog,1,4,4,True,69
spatial,0,pick up the black bowl between the plate and the ramekin and place it on the plate,fog,1,5,5,True,82
spatial,0,pick up the black bowl between the plate and the ramekin and place it on the plate,fog,1,6,6,True,75
spatial,0,pick up the black bowl between the plate and the ramekin and place it on the plate,fog,1,7,7,False,280
spatial,0,pick up the black bowl between the plate and the ramekin and place it on the plate,fog,1,8,8,True,101
spatial,0,pick up the black bowl between the plate and the ramekin and place it on the plate,fog,1,9,9,True,82
spatial,0,pick up the black bowl between the plate and the ramekin and place it on the plate,fog,1,10,10,True,72
spatial,0,pick up the black bowl between the plate and the ramekin and place it on the plate,fog,1,11,11,False,280
spatial,0,pick up the black bowl between the plate and the ramekin and place it on the plate,fog,1,12,12,True,73
spatial,0,pick up the black bowl between the plate and the ramekin and place it on the plate,fog,1,13,13,False,280
spatial,0,pick up the black bowl between the plate and the ramekin and place it on the plate,fog,1,14,14,True,73
spatial,0,pick up the black bowl between the plate and the ramekin and place it on the plate,fog,1,15,15,True,79
spatial,0,pick up the black bowl between the plate and the ramekin and place it on the plate,fog,1,16,16,True,70
spatial,0,pick up the black bowl between the plate and the ramekin and place it on the plate,fog,1,17,17,True,78
spatial,0,pick up the black bowl between the plate and the ramekin and place it on the plate,fog,1,18,18,True,76
spatial,0,pick up the black bowl between the plate and the ramekin and place it on the plate,fog,1,19,19,True,74
spatial,0,pick up the black bowl between the plate and the ramekin and place it on the plate,fog,1,20,20,True,75
spatial,0,pick up the black bowl between the plate and the ramekin and place it on the plate,fog,1,21,21,True,83
spatial,0,pick up the black bowl between the plate and the ramekin and place it on the plate,fog,1,22,22,True,78
spatial,0,pick up the black bowl between the plate and the ramekin and place it on the plate,fog,1,23,23,True,103
spatial,0,pick up the black bowl between the plate and the ramekin and place it on the plate,fog,1,24,24,True,77
spatial,0,pick up the black bowl between the plate and the ramekin and place it on the plate,fog,1,25,25,True,75
spatial,0,pick up the black bowl between the plate and the ramekin and place it on the plate,fog,1,26,26,True,70
spatial,0,pick up the black bowl between the plate and the ramekin and place it on the plate,fog,1,27,27,True,73
spatial,0,pick up the black bowl between the plate and the ramekin and place it on the plate,fog,1,28,28,True,73
spatial,0,pick up the black bowl between the plate and the ramekin and place it on the plate,fog,1,29,29,True,83
spatial,0,pick up the black bowl between the plate and the ramekin and place it on the plate,fog,1,30,30,True,158
spatial,0,pick up the black bowl between the plate and the ramekin and place it on the plate,fog,1,31,31,True,71
spatial,0,pick up the black bowl between the plate and the ramekin and place it on the plate,fog,1,32,32,True,78
spatial,0,pick up the black bowl between the plate and the ramekin and place it on the plate,fog,1,33,33,True,84
spatial,0,pick up the black bowl between the plate and the ramekin and place it on the plate,fog,1,34,34,True,78
spatial,0,pick up the black bowl between the plate and the ramekin and place it on the plate,fog,1,35,35,True,74
spatial,0,pick up the black bowl between the plate and the ramekin and place it on the plate,fog,1,36,36,True,78
spatial,0,pick up the black bowl between the plate and the ramekin and place it on the plate,fog,1,37,37,True,75
spatial,0,pick up the black bowl between the plate and the ramekin and place it on the plate,fog,1,38,38,True,70
spatial,0,pick up the black bowl between the plate and the ramekin and place it on the plate,fog,1,39,39,True,73
spatial,0,pick up the black bowl between the plate and the ramekin and place it on the plate,fog,1,40,40,True,74
spatial,0,pick up the black bowl between the plate and the ramekin and place it on the plate,fog,1,41,41,True,77
spatial,0,pick up the black bowl between the plate and the ramekin and place it on the plate,fog,1,42,42,True,84
spatial,0,pick up the black bowl between the plate and the ramekin and place it on the plate,fog,1,43,43,True,74
spatial,0,pick up the black bowl between the plate and the ramekin and place it on the plate,fog,1,44,44,True,76
spatial,0,pick up the black bowl between the plate and the ramekin and place it on the plate,fog,1,45,45,True,75
spatial,0,pick up the black bowl between the plate and the ramekin and place it on the plate,fog,1,46,46,True,75
spatial,0,pick up the black bowl between the plate and the ramekin and place it on the plate,fog,1,47,47,True,69
spatial,0,pick up the black bowl between the plate and the ramekin and place it on the plate,fog,1,48,48,True,71
spatial,0,pick up the black bowl between the plate and the ramekin and place it on the plate,fog,1,49,49,True,79
spatial,0,pick up the black bowl between the plate and the ramekin and place it on the plate,glass_blur,1,0,0,True,86
spatial,0,pick up the black bowl between the plate and the ramekin and place it on the plate,glass_blur,1,1,1,True,87
spatial,0,pick up the black bowl between the plate and the ramekin and place it on the plate,glass_blur,1,2,2,True,75
spatial,0,pick up the black bowl between the plate and the ramekin and place it on the plate,glass_blur,1,3,3,False,280
spatial,0,pick up the black bowl between the plate and the ramekin and place it on the plate,glass_blur,1,4,4,True,78
spatial,0,pick up the black bowl between the plate and the ramekin and place it on the plate,glass_blur,1,5,5,True,76
spatial,0,pick up the black bowl between the plate and the ramekin and place it on the plate,glass_blur,1,6,6,True,81
spatial,0,pick up the black bowl between the plate and the ramekin and place it on the plate,glass_blur,1,7,7,True,82
spatial,0,pick up the black bowl between the plate and the ramekin and place it on the plate,glass_blur,1,8,8,True,71
spatial,0,pick up the black bowl between the plate and the ramekin and place it on the plate,glass_blur,1,9,9,True,78
spatial,0,pick up the black bowl between the plate and the ramekin and place it on the plate,glass_blur,1,10,10,True,76
spatial,0,pick up the black bowl between the plate and the ramekin and place it on the plate,glass_blur,1,11,11,True,85
spatial,0,pick up the black bowl between the plate and the ramekin and place it on the plate,glass_blur,1,12,12,True,75
spatial,0,pick up the black bowl between the plate and the ramekin and place it on the plate,glass_blur,1,13,13,True,76
spatial,0,pick up the black bowl between the plate and the ramekin and place it on the plate,glass_blur,1,14,14,True,92
spatial,0,pick up the black bowl between the plate and the ramekin and place it on the plate,glass_blur,1,15,15,True,92
spatial,0,pick up the black bowl between the plate and the ramekin and place it on the plate,glass_blur,1,16,16,True,78
spatial,0,pick up the black bowl between the plate and the ramekin and place it on the plate,glass_blur,1,17,17,True,77
spatial,0,pick up the black bowl between the plate and the ramekin and place it on the plate,glass_blur,1,18,18,True,78
spatial,0,pick up the black bowl between the plate and the ramekin and place it on the plate,glass_blur,1,19,19,True,83
spatial,0,pick up the black bowl between the plate and the ramekin and place it on the plate,glass_blur,1,20,20,True,82
spatial,0,pick up the black bowl between the plate and the ramekin and place it on the plate,glass_blur,1,21,21,True,78
spatial,0,pick up the black bowl between the plate and the ramekin and place it on the plate,glass_blur,1,22,22,True,76
spatial,0,pick up the black bowl between the plate and the ramekin and place it on the plate,glass_blur,1,23,23,True,72
spatial,0,pick up the black bowl between the plate and the ramekin and place it on the plate,glass_blur,1,24,24,True,91
spatial,0,pick up the black bowl between the plate and the ramekin and place it on the plate,glass_blur,1,25,25,True,80
spatial,0,pick up the black bowl between the plate and the ramekin and place it on the plate,glass_blur,1,26,26,True,82
spatial,0,pick up the black bowl between the plate and the ramekin and place it on the plate,glass_blur,1,27,27,True,81
spatial,0,pick up the black bowl between the plate and the ramekin and place it on the plate,glass_blur,1,28,28,True,69
spatial,0,pick up the black bowl between the plate and the ramekin and place it on the plate,glass_blur,1,29,29,True,76
spatial,0,pick up the black bowl between the plate and the ramekin and place it on the plate,glass_blur,1,30,30,False,280
spatial,0,pick up the black bowl between the plate and the ramekin and place it on the plate,glass_blur,1,31,31,True,82
spatial,0,pick up the black bowl between the plate and the ramekin and place it on the plate,glass_blur,1,32,32,True,78
spatial,0,pick up the black bowl between the plate and the ramekin and place it on the plate,glass_blur,1,33,33,False,280
spatial,0,pick up the black bowl between the plate and the ramekin and place it on the plate,glass_blur,1,34,34,True,78
spatial,0,pick up the black bowl between the plate and the ramekin and place it on the plate,glass_blur,1,35,35,True,75
spatial,0,pick up the black bowl between the plate and the ramekin and place it on the plate,glass_blur,1,36,36,True,78
spatial,0,pick up the black bowl between the plate and the ramekin and place it on the plate,glass_blur,1,37,37,True,80
spatial,0,pick up the black bowl between the plate and the ramekin and place it on the plate,glass_blur,1,38,38,True,115
spatial,0,pick up the black bowl between the plate and the ramekin and place it on the plate,glass_blur,1,39,39,True,72
spatial,0,pick up the black bowl between the plate and the ramekin and place it on the plate,glass_blur,1,40,40,True,76
spatial,0,pick up the black bowl between the plate and the ramekin and place it on the plate,glass_blur,1,41,41,True,118
spatial,0,pick up the black bowl between the plate and the ramekin and place it on the plate,glass_blur,1,42,42,True,85
spatial,0,pick up the black bowl between the plate and the ramekin and place it on the plate,glass_blur,1,43,43,True,83
spatial,0,pick up the black bowl between the plate and the ramekin and place it on the plate,glass_blur,1,44,44,True,84
spatial,0,pick up the black bowl between the plate and the ramekin and place it on the plate,glass_blur,1,45,45,True,75
spatial,0,pick up the black bowl between the plate and the ramekin and place it on the plate,glass_blur,1,46,46,True,79
spatial,0,pick up the black bowl between the plate and the ramekin and place it on the plate,glass_blur,1,47,47,True,68
spatial,0,pick up the black bowl between the plate and the ramekin and place it on the plate,glass_blur,1,48,48,True,81
spatial,0,pick up the black bowl between the plate and the ramekin and place it on the plate,glass_blur,1,49,49,True,77
spatial,1,pick up the black bowl next to the ramekin and place it on the plate,clean,0,0,1000,True,164
spatial,1,pick up the black bowl next to the ramekin and place it on the plate,clean,0,1,1001,True,106
spatial,1,pick up the black bowl next to the ramekin and place it on the plate,clean,0,2,1002,True,106
spatial,1,pick up the black bowl next to the ramekin and place it on the plate,clean,0,3,1003,True,103
spatial,1,pick up the black bowl next to the ramekin and place it on the plate,clean,0,4,1004,True,129
spatial,1,pick up the black bowl next to the ramekin and place it on the plate,clean,0,5,1005,True,110
spatial,1,pick up the black bowl next to the ramekin and place it on the plate,clean,0,6,1006,True,108
spatial,1,pick up the black bowl next to the ramekin and place it on the plate,clean,0,7,1007,True,106
spatial,1,pick up the black bowl next to the ramekin and place it on the plate,clean,0,8,1008,True,107
spatial,1,pick up the black bowl next to the ramekin and place it on the plate,clean,0,9,1009,True,114
spatial,1,pick up the black bowl next to the ramekin and place it on the plate,clean,0,10,1010,True,107
spatial,1,pick up the black bowl next to the ramekin and place it on the plate,clean,0,11,1011,True,103
spatial,1,pick up the black bowl next to the ramekin and place it on the plate,clean,0,12,1012,True,110
spatial,1,pick up the black bowl next to the ramekin and place it on the plate,clean,0,13,1013,True,109
spatial,1,pick up the black bowl next to the ramekin and place it on the plate,clean,0,14,1014,True,108
spatial,1,pick up the black bowl next to the ramekin and place it on the plate,clean,0,15,1015,True,103
spatial,1,pick up the black bowl next to the ramekin and place it on the plate,clean,0,16,1016,True,110
spatial,1,pick up the black bowl next to the ramekin and place it on the plate,clean,0,17,1017,True,112
spatial,1,pick up the black bowl next to the ramekin and place it on the plate,clean,0,18,1018,True,102
spatial,1,pick up the black bowl next to the ramekin and place it on the plate,clean,0,19,1019,True,105
spatial,1,pick up the black bowl next to the ramekin and place it on the plate,clean,0,20,1020,True,103
spatial,1,pick up the black bowl next to the ramekin and place it on the plate,clean,0,21,1021,False,280
spatial,1,pick up the black bowl next to the ramekin and place it on the plate,clean,0,22,1022,True,108
spatial,1,pick up the black bowl next to the ramekin and place it on the plate,clean,0,23,1023,True,104
spatial,1,pick up the black bowl next to the ramekin and place it on the plate,clean,0,24,1024,True,109
spatial,1,pick up the black bowl next to the ramekin and place it on the plate,clean,0,25,1025,True,109
spatial,1,pick up the black bowl next to the ramekin and place it on the plate,clean,0,26,1026,True,115
spatial,1,pick up the black bowl next to the ramekin and place it on the plate,clean,0,27,1027,True,108
spatial,1,pick up the black bowl next to the ramekin and place it on the plate,clean,0,28,1028,True,107
spatial,1,pick up the black bowl next to the ramekin and place it on the plate,clean,0,29,1029,True,111
spatial,1,pick up the black bowl next to the ramekin and place it on the plate,clean,0,30,1030,True,112
spatial,1,pick up the black bowl next to the ramekin and place it on the plate,clean,0,31,1031,True,111
spatial,1,pick up the black bowl next to the ramekin and place it on the plate,clean,0,32,1032,True,110
spatial,1,pick up the black bowl next to the ramekin and place it on the plate,clean,0,33,1033,True,104
spatial,1,pick up the black bowl next to the ramekin and place it on the plate,clean,0,34,1034,True,103
spatial,1,pick up the black bowl next to the ramekin and place it on the plate,clean,0,35,1035,True,103
spatial,1,pick up the black bowl next to the ramekin and place it on the plate,clean,0,36,1036,True,105
spatial,1,pick up the black bowl next to the ramekin and place it on the plate,clean,0,37,1037,True,111
spatial,1,pick up the black bowl next to the ramekin and place it on the plate,clean,0,38,1038,True,114
spatial,1,pick up the black bowl next to the ramekin and place it on the plate,clean,0,39,1039,True,152
spatial,1,pick up the black bowl next to the ramekin and place it on the plate,clean,0,40,1040,True,110
spatial,1,pick up the black bowl next to the ramekin and place it on the plate,clean,0,41,1041,True,113
spatial,1,pick up the black bowl next to the ramekin and place it on the plate,clean,0,42,1042,True,111
spatial,1,pick up the black bowl next to the ramekin and place it on the plate,clean,0,43,1043,True,116
spatial,1,pick up the black bowl next to the ramekin and place it on the plate,clean,0,44,1044,True,112
spatial,1,pick up the black bowl next to the ramekin and place it on the plate,clean,0,45,1045,True,114
spatial,1,pick up the black bowl next to the ramekin and place it on the plate,clean,0,46,1046,True,104
spatial,1,pick up the black bowl next to the ramekin and place it on the plate,clean,0,47,1047,True,108
spatial,1,pick up the black bowl next to the ramekin and place it on the plate,clean,0,48,1048,True,107
spatial,1,pick up the black bowl next to the ramekin and place it on the plate,clean,0,49,1049,True,102
spatial,1,pick up the black bowl next to the ramekin and place it on the plate,motion_blur,1,0,1000,True,176
spatial,1,pick up the black bowl next to the ramekin and place it on the plate,motion_blur,1,1,1001,True,132
spatial,1,pick up the black bowl next to the ramekin and place it on the plate,motion_blur,1,2,1002,False,280
spatial,1,pick up the black bowl next to the ramekin and place it on the plate,motion_blur,1,3,1003,False,280
spatial,1,pick up the black bowl next to the ramekin and place it on the plate,motion_blur,1,4,1004,False,280
spatial,1,pick up the black bowl next to the ramekin and place it on the plate,motion_blur,1,5,1005,False,280
spatial,1,pick up the black bowl next to the ramekin and place it on the plate,motion_blur,1,6,1006,False,280
spatial,1,pick up the black bowl next to the ramekin and place it on the plate,motion_blur,1,7,1007,True,158
spatial,1,pick up the black bowl next to the ramekin and place it on the plate,motion_blur,1,8,1008,True,131
spatial,1,pick up the black bowl next to the ramekin and place it on the plate,motion_blur,1,9,1009,True,178
spatial,1,pick up the black bowl next to the ramekin and place it on the plate,motion_blur,1,10,1010,False,280
spatial,1,pick up the black bowl next to the ramekin and place it on the plate,motion_blur,1,11,1011,True,145
spatial,1,pick up the black bowl next to the ramekin and place it on the plate,motion_blur,1,12,1012,True,142
spatial,1,pick up the black bowl next to the ramekin and place it on the plate,motion_blur,1,13,1013,True,169
spatial,1,pick up the black bowl next to the ramekin and place it on the plate,motion_blur,1,14,1014,True,133
spatial,1,pick up the black bowl next to the ramekin and place it on the plate,motion_blur,1,15,1015,True,160
spatial,1,pick up the black bowl next to the ramekin and place it on the plate,motion_blur,1,16,1016,True,145
spatial,1,pick up the black bowl next to the ramekin and place it on the plate,motion_blur,1,17,1017,False,280
spatial,1,pick up the black bowl next to the ramekin and place it on the plate,motion_blur,1,18,1018,True,168
spatial,1,pick up the black bowl next to the ramekin and place it on the plate,motion_blur,1,19,1019,False,280
spatial,1,pick up the black bowl next to the ramekin and place it on the plate,motion_blur,1,20,1020,False,280
spatial,1,pick up the black bowl next to the ramekin and place it on the plate,motion_blur,1,21,1021,False,280
spatial,1,pick up the black bowl next to the ramekin and place it on the plate,motion_blur,1,22,1022,True,145
spatial,1,pick up the black bowl next to the ramekin and place it on the plate,motion_blur,1,23,1023,True,160
spatial,1,pick up the black bowl next to the ramekin and place it on the plate,motion_blur,1,24,1024,True,167
spatial,1,pick up the black bowl next to the ramekin and place it on the plate,motion_blur,1,25,1025,False,280
spatial,1,pick up the black bowl next to the ramekin and place it on the plate,motion_blur,1,26,1026,True,192
spatial,1,pick up the black bowl next to the ramekin and place it on the plate,motion_blur,1,27,1027,True,159
spatial,1,pick up the black bowl next to the ramekin and place it on the plate,motion_blur,1,28,1028,False,280
spatial,1,pick up the black bowl next to the ramekin and place it on the plate,motion_blur,1,29,1029,True,170
spatial,1,pick up the black bowl next to the ramekin and place it on the plate,motion_blur,1,30,1030,False,280
spatial,1,pick up the black bowl next to the ramekin and place it on the plate,motion_blur,1,31,1031,True,162
spatial,1,pick up the black bowl next to the ramekin and place it on the plate,motion_blur,1,32,1032,False,280
spatial,1,pick up the black bowl next to the ramekin and place it on the plate,motion_blur,1,33,1033,False,280
spatial,1,pick up the black bowl next to the ramekin and place it on the plate,motion_blur,1,34,1034,False,280
spatial,1,pick up the black bowl next to the ramekin and place it on the plate,motion_blur,1,35,1035,True,135
spatial,1,pick up the black bowl next to the ramekin and place it on the plate,motion_blur,1,36,1036,True,129
spatial,1,pick up the black bowl next to the ramekin and place it on the plate,motion_blur,1,37,1037,True,164
spatial,1,pick up the black bowl next to the ramekin and place it on the plate,motion_blur,1,38,1038,True,145
spatial,1,pick up the black bowl next to the ramekin and place it on the plate,motion_blur,1,39,1039,True,156
spatial,1,pick up the black bowl next to the ramekin and place it on the plate,motion_blur,1,40,1040,False,280
spatial,1,pick up the black bowl next to the ramekin and place it on the plate,motion_blur,1,41,1041,False,280
spatial,1,pick up the black bowl next to the ramekin and place it on the plate,motion_blur,1,42,1042,True,150
spatial,1,pick up the black bowl next to the ramekin and place it on the plate,motion_blur,1,43,1043,True,132
spatial,1,pick up the black bowl next to the ramekin and place it on the plate,motion_blur,1,44,1044,False,280
spatial,1,pick up the black bowl next to the ramekin and place it on the plate,motion_blur,1,45,1045,True,150
spatial,1,pick up the black bowl next to the ramekin and place it on the plate,motion_blur,1,46,1046,True,152
spatial,1,pick up the black bowl next to the ramekin and place it on the plate,motion_blur,1,47,1047,True,156
spatial,1,pick up the black bowl next to the ramekin and place it on the plate,motion_blur,1,48,1048,True,147
spatial,1,pick up the black bowl next to the ramekin and place it on the plate,motion_blur,1,49,1049,True,147
spatial,1,pick up the black bowl next to the ramekin and place it on the plate,gaussian_blur,1,0,1000,True,117
spatial,1,pick up the black bowl next to the ramekin and place it on the plate,gaussian_blur,1,1,1001,True,125
spatial,1,pick up the black bowl next to the ramekin and place it on the plate,gaussian_blur,1,2,1002,True,112
spatial,1,pick up the black bowl next to the ramekin and place it on the plate,gaussian_blur,1,3,1003,True,126
spatial,1,pick up the black bowl next to the ramekin and place it on the plate,gaussian_blur,1,4,1004,True,137
spatial,1,pick up the black bowl next to the ramekin and place it on the plate,gaussian_blur,1,5,1005,True,132
spatial,1,pick up the black bowl next to the ramekin and place it on the plate,gaussian_blur,1,6,1006,True,124
spatial,1,pick up the black bowl next to the ramekin and place it on the plate,gaussian_blur,1,7,1007,True,122
spatial,1,pick up the black bowl next to the ramekin and place it on the plate,gaussian_blur,1,8,1008,True,124
spatial,1,pick up the black bowl next to the ramekin and place it on the plate,gaussian_blur,1,9,1009,True,116
spatial,1,pick up the black bowl next to the ramekin and place it on the plate,gaussian_blur,1,10,1010,True,127
spatial,1,pick up the black bowl next to the ramekin and place it on the plate,gaussian_blur,1,11,1011,True,116
spatial,1,pick up the black bowl next to the ramekin and place it on the plate,gaussian_blur,1,12,1012,True,115
spatial,1,pick up the black bowl next to the ramekin and place it on the plate,gaussian_blur,1,13,1013,True,117
spatial,1,pick up the black bowl next to the ramekin and place it on the plate,gaussian_blur,1,14,1014,True,125
spatial,1,pick up the black bowl next to the ramekin and place it on the plate,gaussian_blur,1,15,1015,True,110
spatial,1,pick up the black bowl next to the ramekin and place it on the plate,gaussian_blur,1,16,1016,True,119
spatial,1,pick up the black bowl next to the ramekin and place it on the plate,gaussian_blur,1,17,1017,True,143
spatial,1,pick up the black bowl next to the ramekin and place it on the plate,gaussian_blur,1,18,1018,True,121
spatial,1,pick up the black bowl next to the ramekin and place it on the plate,gaussian_blur,1,19,1019,True,112
spatial,1,pick up the black bowl next to the ramekin and place it on the plate,gaussian_blur,1,20,1020,True,120
spatial,1,pick up the black bowl next to the ramekin and place it on the plate,gaussian_blur,1,21,1021,True,140
spatial,1,pick up the black bowl next to the ramekin and place it on the plate,gaussian_blur,1,22,1022,True,114
spatial,1,pick up the black bowl next to the ramekin and place it on the plate,gaussian_blur,1,23,1023,True,112
spatial,1,pick up the black bowl next to the ramekin and place it on the plate,gaussian_blur,1,24,1024,True,127
spatial,1,pick up the black bowl next to the ramekin and place it on the plate,gaussian_blur,1,25,1025,True,131
spatial,1,pick up the black bowl next to the ramekin and place it on the plate,gaussian_blur,1,26,1026,False,280
spatial,1,pick up the black bowl next to the ramekin and place it on the plate,gaussian_blur,1,27,1027,True,132
spatial,1,pick up the black bowl next to the ramekin and place it on the plate,gaussian_blur,1,28,1028,True,111
spatial,1,pick up the black bowl next to the ramekin and place it on the plate,gaussian_blur,1,29,1029,True,128
spatial,1,pick up the black bowl next to the ramekin and place it on the plate,gaussian_blur,1,30,1030,True,116
spatial,1,pick up the black bowl next to the ramekin and place it on the plate,gaussian_blur,1,31,1031,True,114
spatial,1,pick up the black bowl next to the ramekin and place it on the plate,gaussian_blur,1,32,1032,True,112
spatial,1,pick up the black bowl next to the ramekin and place it on the plate,gaussian_blur,1,33,1033,True,142
spatial,1,pick up the black bowl next to the ramekin and place it on the plate,gaussian_blur,1,34,1034,True,124
spatial,1,pick up the black bowl next to the ramekin and place it on the plate,gaussian_blur,1,35,1035,True,127
spatial,1,pick up the black bowl next to the ramekin and place it on the plate,gaussian_blur,1,36,1036,True,126
spatial,1,pick up the black bowl next to the ramekin and place it on the plate,gaussian_blur,1,37,1037,True,119
spatial,1,pick up the black bowl next to the ramekin and place it on the plate,gaussian_blur,1,38,1038,True,115
spatial,1,pick up the black bowl next to the ramekin and place it on the plate,gaussian_blur,1,39,1039,True,114
spatial,1,pick up the black bowl next to the ramekin and place it on the plate,gaussian_blur,1,40,1040,True,117
spatial,1,pick up the black bowl next to the ramekin and place it on the plate,gaussian_blur,1,41,1041,True,122
spatial,1,pick up the black bowl next to the ramekin and place it on the plate,gaussian_blur,1,42,1042,True,120
spatial,1,pick up the black bowl next to the ramekin and place it on the plate,gaussian_blur,1,43,1043,False,280
spatial,1,pick up the black bowl next to the ramekin and place it on the plate,gaussian_blur,1,44,1044,True,115
spatial,1,pick up the black bowl next to the ramekin and place it on the plate,gaussian_blur,1,45,1045,True,115
spatial,1,pick up the black bowl next to the ramekin and place it on the plate,gaussian_blur,1,46,1046,True,117
spatial,1,pick up the black bowl next to the ramekin and place it on the plate,gaussian_blur,1,47,1047,True,115
spatial,1,pick up the black bowl next to the ramekin and place it on the plate,gaussian_blur,1,48,1048,True,113
spatial,1,pick up the black bowl next to the ramekin and place it on the plate,gaussian_blur,1,49,1049,True,124
spatial,1,pick up the black bowl next to the ramekin and place it on the plate,zoom_blur,1,0,1000,True,262
spatial,1,pick up the black bowl next to the ramekin and place it on the plate,zoom_blur,1,1,1001,True,214
spatial,1,pick up the black bowl next to the ramekin and place it on the plate,zoom_blur,1,2,1002,True,138
spatial,1,pick up the black bowl next to the ramekin and place it on the plate,zoom_blur,1,3,1003,True,122
spatial,1,pick up the black bowl next to the ramekin and place it on the plate,zoom_blur,1,4,1004,True,139
spatial,1,pick up the black bowl next to the ramekin and place it on the plate,zoom_blur,1,5,1005,True,206
spatial,1,pick up the black bowl next to the ramekin and place it on the plate,zoom_blur,1,6,1006,True,128
spatial,1,pick up the black bowl next to the ramekin and place it on the plate,zoom_blur,1,7,1007,True,115
spatial,1,pick up the black bowl next to the ramekin and place it on the plate,zoom_blur,1,8,1008,True,123
spatial,1,pick up the black bowl next to the ramekin and place it on the plate,zoom_blur,1,9,1009,True,127
spatial,1,pick up the black bowl next to the ramekin and place it on the plate,zoom_blur,1,10,1010,True,112
spatial,1,pick up the black bowl next to the ramekin and place it on the plate,zoom_blur,1,11,1011,True,132
spatial,1,pick up the black bowl next to the ramekin and place it on the plate,zoom_blur,1,12,1012,True,131
spatial,1,pick up the black bowl next to the ramekin and place it on the plate,zoom_blur,1,13,1013,True,130
spatial,1,pick up the black bowl next to the ramekin and place it on the plate,zoom_blur,1,14,1014,True,139
spatial,1,pick up the black bowl next to the ramekin and place it on the plate,zoom_blur,1,15,1015,False,280
spatial,1,pick up the black bowl next to the ramekin and place it on the plate,zoom_blur,1,16,1016,True,130
spatial,1,pick up the black bowl next to the ramekin and place it on the plate,zoom_blur,1,17,1017,False,280
spatial,1,pick up the black bowl next to the ramekin and place it on the plate,zoom_blur,1,18,1018,True,125
spatial,1,pick up the black bowl next to the ramekin and place it on the plate,zoom_blur,1,19,1019,True,129
spatial,1,pick up the black bowl next to the ramekin and place it on the plate,zoom_blur,1,20,1020,True,136
spatial,1,pick up the black bowl next to the ramekin and place it on the plate,zoom_blur,1,21,1021,True,123
spatial,1,pick up the black bowl next to the ramekin and place it on the plate,zoom_blur,1,22,1022,True,129
spatial,1,pick up the black bowl next to the ramekin and place it on the plate,zoom_blur,1,23,1023,True,130
spatial,1,pick up the black bowl next to the ramekin and place it on the plate,zoom_blur,1,24,1024,True,123
spatial,1,pick up the black bowl next to the ramekin and place it on the plate,zoom_blur,1,25,1025,True,136
spatial,1,pick up the black bowl next to the ramekin and place it on the plate,zoom_blur,1,26,1026,True,134
spatial,1,pick up the black bowl next to the ramekin and place it on the plate,zoom_blur,1,27,1027,True,135
spatial,1,pick up the black bowl next to the ramekin and place it on the plate,zoom_blur,1,28,1028,False,280
spatial,1,pick up the black bowl next to the ramekin and place it on the plate,zoom_blur,1,29,1029,True,125
spatial,1,pick up the black bowl next to the ramekin and place it on the plate,zoom_blur,1,30,1030,True,131
spatial,1,pick up the black bowl next to the ramekin and place it on the plate,zoom_blur,1,31,1031,True,134
spatial,1,pick up the black bowl next to the ramekin and place it on the plate,zoom_blur,1,32,1032,True,140
spatial,1,pick up the black bowl next to the ramekin and place it on the plate,zoom_blur,1,33,1033,True,128
spatial,1,pick up the black bowl next to the ramekin and place it on the plate,zoom_blur,1,34,1034,True,121
spatial,1,pick up the black bowl next to the ramekin and place it on the plate,zoom_blur,1,35,1035,True,130
spatial,1,pick up the black bowl next to the ramekin and place it on the plate,zoom_blur,1,36,1036,False,280
spatial,1,pick up the black bowl next to the ramekin and place it on the plate,zoom_blur,1,37,1037,False,280
spatial,1,pick up the black bowl next to the ramekin and place it on the plate,zoom_blur,1,38,1038,False,280
spatial,1,pick up the black bowl next to the ramekin and place it on the plate,zoom_blur,1,39,1039,True,121
spatial,1,pick up the black bowl next to the ramekin and place it on the plate,zoom_blur,1,40,1040,False,280
spatial,1,pick up the black bowl next to the ramekin and place it on the plate,zoom_blur,1,41,1041,True,133
spatial,1,pick up the black bowl next to the ramekin and place it on the plate,zoom_blur,1,42,1042,True,140
spatial,1,pick up the black bowl next to the ramekin and place it on the plate,zoom_blur,1,43,1043,True,139
spatial,1,pick up the black bowl next to the ramekin and place it on the plate,zoom_blur,1,44,1044,True,129
spatial,1,pick up the black bowl next to the ramekin and place it on the plate,zoom_blur,1,45,1045,False,280
spatial,1,pick up the black bowl next to the ramekin and place it on the plate,zoom_blur,1,46,1046,True,125
spatial,1,pick up the black bowl next to the ramekin and place it on the plate,zoom_blur,1,47,1047,True,132
spatial,1,pick up the black bowl next to the ramekin and place it on the plate,zoom_blur,1,48,1048,True,123
spatial,1,pick up the black bowl next to the ramekin and place it on the plate,zoom_blur,1,49,1049,True,119
spatial,1,pick up the black bowl next to the ramekin and place it on the plate,fog,1,0,1000,True,105
spatial,1,pick up the black bowl next to the ramekin and place it on the plate,fog,1,1,1001,True,112
spatial,1,pick up the black bowl next to the ramekin and place it on the plate,fog,1,2,1002,True,111
spatial,1,pick up the black bowl next to the ramekin and place it on the plate,fog,1,3,1003,True,103
spatial,1,pick up the black bowl next to the ramekin and place it on the plate,fog,1,4,1004,False,280
spatial,1,pick up the black bowl next to the ramekin and place it on the plate,fog,1,5,1005,False,280
spatial,1,pick up the black bowl next to the ramekin and place it on the plate,fog,1,6,1006,True,100
spatial,1,pick up the black bowl next to the ramekin and place it on the plate,fog,1,7,1007,True,103
spatial,1,pick up the black bowl next to the ramekin and place it on the plate,fog,1,8,1008,False,280
spatial,1,pick up the black bowl next to the ramekin and place it on the plate,fog,1,9,1009,True,106
spatial,1,pick up the black bowl next to the ramekin and place it on the plate,fog,1,10,1010,False,280
spatial,1,pick up the black bowl next to the ramekin and place it on the plate,fog,1,11,1011,True,109
spatial,1,pick up the black bowl next to the ramekin and place it on the plate,fog,1,12,1012,False,280
spatial,1,pick up the black bowl next to the ramekin and place it on the plate,fog,1,13,1013,True,156
spatial,1,pick up the black bowl next to the ramekin and place it on the plate,fog,1,14,1014,True,232
spatial,1,pick up the black bowl next to the ramekin and place it on the plate,fog,1,15,1015,True,112
spatial,1,pick up the black bowl next to the ramekin and place it on the plate,fog,1,16,1016,False,280
spatial,1,pick up the black bowl next to the ramekin and place it on the plate,fog,1,17,1017,True,103
spatial,1,pick up the black bowl next to the ramekin and place it on the plate,fog,1,18,1018,False,280
spatial,1,pick up the black bowl next to the ramekin and place it on the plate,fog,1,19,1019,True,107
spatial,1,pick up the black bowl next to the ramekin and place it on the plate,fog,1,20,1020,True,113
spatial,1,pick up the black bowl next to the ramekin and place it on the plate,fog,1,21,1021,False,280
spatial,1,pick up the black bowl next to the ramekin and place it on the plate,fog,1,22,1022,True,104
spatial,1,pick up the black bowl next to the ramekin and place it on the plate,fog,1,23,1023,True,107
spatial,1,pick up the black bowl next to the ramekin and place it on the plate,fog,1,24,1024,False,280
spatial,1,pick up the black bowl next to the ramekin and place it on the plate,fog,1,25,1025,True,111
spatial,1,pick up the black bowl next to the ramekin and place it on the plate,fog,1,26,1026,False,280
spatial,1,pick up the black bowl next to the ramekin and place it on the plate,fog,1,27,1027,False,280
spatial,1,pick up the black bowl next to the ramekin and place it on the plate,fog,1,28,1028,True,105
spatial,1,pick up the black bowl next to the ramekin and place it on the plate,fog,1,29,1029,False,280
spatial,1,pick up the black bowl next to the ramekin and place it on the plate,fog,1,30,1030,True,107
spatial,1,pick up the black bowl next to the ramekin and place it on the plate,fog,1,31,1031,False,280
spatial,1,pick up the black bowl next to the ramekin and place it on the plate,fog,1,32,1032,True,106
spatial,1,pick up the black bowl next to the ramekin and place it on the plate,fog,1,33,1033,True,116
spatial,1,pick up the black bowl next to the ramekin and place it on the plate,fog,1,34,1034,False,280
spatial,1,pick up the black bowl next to the ramekin and place it on the plate,fog,1,35,1035,False,280
spatial,1,pick up the black bowl next to the ramekin and place it on the plate,fog,1,36,1036,True,141
spatial,1,pick up the black bowl next to the ramekin and place it on the plate,fog,1,37,1037,False,280
spatial,1,pick up the black bowl next to the ramekin and place it on the plate,fog,1,38,1038,False,280
spatial,1,pick up the black bowl next to the ramekin and place it on the plate,fog,1,39,1039,True,104
spatial,1,pick up the black bowl next to the ramekin and place it on the plate,fog,1,40,1040,False,280
spatial,1,pick up the black bowl next to the ramekin and place it on the plate,fog,1,41,1041,False,280
spatial,1,pick up the black bowl next to the ramekin and place it on the plate,fog,1,42,1042,True,106
spatial,1,pick up the black bowl next to the ramekin and place it on the plate,fog,1,43,1043,False,280
spatial,1,pick up the black bowl next to the ramekin and place it on the plate,fog,1,44,1044,True,112
spatial,1,pick up the black bowl next to the ramekin and place it on the plate,fog,1,45,1045,False,280
spatial,1,pick up the black bowl next to the ramekin and place it on the plate,fog,1,46,1046,True,111
spatial,1,pick up the black bowl next to the ramekin and place it on the plate,fog,1,47,1047,False,280
spatial,1,pick up the black bowl next to the ramekin and place it on the plate,fog,1,48,1048,True,109
spatial,1,pick up the black bowl next to the ramekin and place it on the plate,fog,1,49,1049,False,280
spatial,1,pick up the black bowl next to the ramekin and place it on the plate,glass_blur,1,0,1000,False,280
spatial,1,pick up the black bowl next to the ramekin and place it on the plate,glass_blur,1,1,1001,False,280
spatial,1,pick up the black bowl next to the ramekin and place it on the plate,glass_blur,1,2,1002,False,280
spatial,1,pick up the black bowl next to the ramekin and place it on the plate,glass_blur,1,3,1003,False,280
spatial,1,pick up the black bowl next to the ramekin and place it on the plate,glass_blur,1,4,1004,True,105
spatial,1,pick up the black bowl next to the ramekin and place it on the plate,glass_blur,1,5,1005,False,280
spatial,1,pick up the black bowl next to the ramekin and place it on the plate,glass_blur,1,6,1006,False,280
spatial,1,pick up the black bowl next to the ramekin and place it on the plate,glass_blur,1,7,1007,False,280
spatial,1,pick up the black bowl next to the ramekin and place it on the plate,glass_blur,1,8,1008,False,280
spatial,1,pick up the black bowl next to the ramekin and place it on the plate,glass_blur,1,9,1009,False,280
spatial,1,pick up the black bowl next to the ramekin and place it on the plate,glass_blur,1,10,1010,False,280
spatial,1,pick up the black bowl next to the ramekin and place it on the plate,glass_blur,1,11,1011,False,280
spatial,1,pick up the black bowl next to the ramekin and place it on the plate,glass_blur,1,12,1012,False,280
spatial,1,pick up the black bowl next to the ramekin and place it on the plate,glass_blur,1,13,1013,False,280
spatial,1,pick up the black bowl next to the ramekin and place it on the plate,glass_blur,1,14,1014,False,280
spatial,1,pick up the black bowl next to the ramekin and place it on the plate,glass_blur,1,15,1015,False,280
spatial,1,pick up the black bowl next to the ramekin and place it on the plate,glass_blur,1,16,1016,False,280
spatial,1,pick up the black bowl next to the ramekin and place it on the plate,glass_blur,1,17,1017,False,280
spatial,1,pick up the black bowl next to the ramekin and place it on the plate,glass_blur,1,18,1018,False,280
spatial,1,pick up the black bowl next to the ramekin and place it on the plate,glass_blur,1,19,1019,False,280
spatial,1,pick up the black bowl next to the ramekin and place it on the plate,glass_blur,1,20,1020,True,148
spatial,1,pick up the black bowl next to the ramekin and place it on the plate,glass_blur,1,21,1021,False,280
spatial,1,pick up the black bowl next to the ramekin and place it on the plate,glass_blur,1,22,1022,False,280
spatial,1,pick up the black bowl next to the ramekin and place it on the plate,glass_blur,1,23,1023,False,280
spatial,1,pick up the black bowl next to the ramekin and place it on the plate,glass_blur,1,24,1024,False,280
spatial,1,pick up the black bowl next to the ramekin and place it on the plate,glass_blur,1,25,1025,False,280
spatial,1,pick up the black bowl next to the ramekin and place it on the plate,glass_blur,1,26,1026,False,280
spatial,1,pick up the black bowl next to the ramekin and place it on the plate,glass_blur,1,27,1027,False,280
spatial,1,pick up the black bowl next to the ramekin and place it on the plate,glass_blur,1,28,1028,False,280
spatial,1,pick up the black bowl next to the ramekin and place it on the plate,glass_blur,1,29,1029,False,280
spatial,1,pick up the black bowl next to the ramekin and place it on the plate,glass_blur,1,30,1030,True,122
spatial,1,pick up the black bowl next to the ramekin and place it on the plate,glass_blur,1,31,1031,False,280
spatial,1,pick up the black bowl next to the ramekin and place it on the plate,glass_blur,1,32,1032,False,280
spatial,1,pick up the black bowl next to the ramekin and place it on the plate,glass_blur,1,33,1033,False,280
spatial,1,pick up the black bowl next to the ramekin and place it on the plate,glass_blur,1,34,1034,False,280
spatial,1,pick up the black bowl next to the ramekin and place it on the plate,glass_blur,1,35,1035,False,280
spatial,1,pick up the black bowl next to the ramekin and place it on the plate,glass_blur,1,36,1036,False,280
spatial,1,pick up the black bowl next to the ramekin and place it on the plate,glass_blur,1,37,1037,False,280
spatial,1,pick up the black bowl next to the ramekin and place it on the plate,glass_blur,1,38,1038,False,280
spatial,1,pick up the black bowl next to the ramekin and place it on the plate,glass_blur,1,39,1039,False,280
spatial,1,pick up the black bowl next to the ramekin and place it on the plate,glass_blur,1,40,1040,False,280
spatial,1,pick up the black bowl next to the ramekin and place it on the plate,glass_blur,1,41,1041,False,280
spatial,1,pick up the black bowl next to the ramekin and place it on the plate,glass_blur,1,42,1042,False,280
spatial,1,pick up the black bowl next to the ramekin and place it on the plate,glass_blur,1,43,1043,False,280
spatial,1,pick up the black bowl next to the ramekin and place it on the plate,glass_blur,1,44,1044,True,181
spatial,1,pick up the black bowl next to the ramekin and place it on the plate,glass_blur,1,45,1045,False,280
spatial,1,pick up the black bowl next to the ramekin and place it on the plate,glass_blur,1,46,1046,True,135
spatial,1,pick up the black bowl next to the ramekin and place it on the plate,glass_blur,1,47,1047,False,280
spatial,1,pick up the black bowl next to the ramekin and place it on the plate,glass_blur,1,48,1048,False,280
spatial,1,pick up the black bowl next to the ramekin and place it on the plate,glass_blur,1,49,1049,False,280
spatial,2,pick up the black bowl from table center and place it on the plate,clean,0,0,2000,True,92
spatial,2,pick up the black bowl from table center and place it on the plate,clean,0,1,2001,True,109
spatial,2,pick up the black bowl from table center and place it on the plate,clean,0,2,2002,True,108
spatial,2,pick up the black bowl from table center and place it on the plate,clean,0,3,2003,True,107
spatial,2,pick up the black bowl from table center and place it on the plate,clean,0,4,2004,False,280
spatial,2,pick up the black bowl from table center and place it on the plate,clean,0,5,2005,False,280
spatial,2,pick up the black bowl from table center and place it on the plate,clean,0,6,2006,False,280
spatial,2,pick up the black bowl from table center and place it on the plate,clean,0,7,2007,True,112
spatial,2,pick up the black bowl from table center and place it on the plate,clean,0,8,2008,False,280
spatial,2,pick up the black bowl from table center and place it on the plate,clean,0,9,2009,True,100
spatial,2,pick up the black bowl from table center and place it on the plate,clean,0,10,2010,False,280
spatial,2,pick up the black bowl from table center and place it on the plate,clean,0,11,2011,True,105
spatial,2,pick up the black bowl from table center and place it on the plate,clean,0,12,2012,True,101
spatial,2,pick up the black bowl from table center and place it on the plate,clean,0,13,2013,False,280
spatial,2,pick up the black bowl from table center and place it on the plate,clean,0,14,2014,True,96
spatial,2,pick up the black bowl from table center and place it on the plate,clean,0,15,2015,False,280
spatial,2,pick up the black bowl from table center and place it on the plate,clean,0,16,2016,False,280
spatial,2,pick up the black bowl from table center and place it on the plate,clean,0,17,2017,True,88
spatial,2,pick up the black bowl from table center and place it on the plate,clean,0,18,2018,True,107
spatial,2,pick up the black bowl from table center and place it on the plate,clean,0,19,2019,True,102
spatial,2,pick up the black bowl from table center and place it on the plate,clean,0,20,2020,False,280
spatial,2,pick up the black bowl from table center and place it on the plate,clean,0,21,2021,False,280
spatial,2,pick up the black bowl from table center and place it on the plate,clean,0,22,2022,True,109
spatial,2,pick up the black bowl from table center and place it on the plate,clean,0,23,2023,False,280
spatial,2,pick up the black bowl from table center and place it on the plate,clean,0,24,2024,False,280
spatial,2,pick up the black bowl from table center and place it on the plate,clean,0,25,2025,True,102
spatial,2,pick up the black bowl from table center and place it on the plate,clean,0,26,2026,False,280
spatial,2,pick up the black bowl from table center and place it on the plate,clean,0,27,2027,True,119
spatial,2,pick up the black bowl from table center and place it on the plate,clean,0,28,2028,False,280
spatial,2,pick up the black bowl from table center and place it on the plate,clean,0,29,2029,True,111
spatial,2,pick up the black bowl from table center and place it on the plate,clean,0,30,2030,True,102
spatial,2,pick up the black bowl from table center and place it on the plate,clean,0,31,2031,False,280
spatial,2,pick up the black bowl from table center and place it on the plate,clean,0,32,2032,True,120
spatial,2,pick up the black bowl from table center and place it on the plate,clean,0,33,2033,False,280
spatial,2,pick up the black bowl from table center and place it on the plate,clean,0,34,2034,True,114
spatial,2,pick up the black bowl from table center and place it on the plate,clean,0,35,2035,True,100
spatial,2,pick up the black bowl from table center and place it on the plate,clean,0,36,2036,True,107
spatial,2,pick up the black bowl from table center and place it on the plate,clean,0,37,2037,False,280
spatial,2,pick up the black bowl from table center and place it on the plate,clean,0,38,2038,True,90
spatial,2,pick up the black bowl from table center and place it on the plate,clean,0,39,2039,True,99
spatial,2,pick up the black bowl from table center and place it on the plate,clean,0,40,2040,True,98
spatial,2,pick up the black bowl from table center and place it on the plate,clean,0,41,2041,True,94
spatial,2,pick up the black bowl from table center and place it on the plate,clean,0,42,2042,True,93
spatial,2,pick up the black bowl from table center and place it on the plate,clean,0,43,2043,True,107
spatial,2,pick up the black bowl from table center and place it on the plate,clean,0,44,2044,False,280
spatial,2,pick up the black bowl from table center and place it on the plate,clean,0,45,2045,True,101
spatial,2,pick up the black bowl from table center and place it on the plate,clean,0,46,2046,False,280
spatial,2,pick up the black bowl from table center and place it on the plate,clean,0,47,2047,True,105
spatial,2,pick up the black bowl from table center and place it on the plate,clean,0,48,2048,False,280
spatial,2,pick up the black bowl from table center and place it on the plate,clean,0,49,2049,True,100
spatial,2,pick up the black bowl from table center and place it on the plate,motion_blur,1,0,2000,False,280
spatial,2,pick up the black bowl from table center and place it on the plate,motion_blur,1,1,2001,False,280
spatial,2,pick up the black bowl from table center and place it on the plate,motion_blur,1,2,2002,False,280
spatial,2,pick up the black bowl from table center and place it on the plate,motion_blur,1,3,2003,False,280
spatial,2,pick up the black bowl from table center and place it on the plate,motion_blur,1,4,2004,False,280
spatial,2,pick up the black bowl from table center and place it on the plate,motion_blur,1,5,2005,False,280
spatial,2,pick up the black bowl from table center and place it on the plate,motion_blur,1,6,2006,False,280
spatial,2,pick up the black bowl from table center and place it on the plate,motion_blur,1,7,2007,False,280
spatial,2,pick up the black bowl from table center and place it on the plate,motion_blur,1,8,2008,False,280
spatial,2,pick up the black bowl from table center and place it on the plate,motion_blur,1,9,2009,False,280
spatial,2,pick up the black bowl from table center and place it on the plate,motion_blur,1,10,2010,False,280
spatial,2,pick up the black bowl from table center and place it on the plate,motion_blur,1,11,2011,False,280
spatial,2,pick up the black bowl from table center and place it on the plate,motion_blur,1,12,2012,False,280
spatial,2,pick up the black bowl from table center and place it on the plate,motion_blur,1,13,2013,False,280
spatial,2,pick up the black bowl from table center and place it on the plate,motion_blur,1,14,2014,False,280
spatial,2,pick up the black bowl from table center and place it on the plate,motion_blur,1,15,2015,False,280
spatial,2,pick up the black bowl from table center and place it on the plate,motion_blur,1,16,2016,False,280
spatial,2,pick up the black bowl from table center and place it on the plate,motion_blur,1,17,2017,False,280
spatial,2,pick up the black bowl from table center and place it on the plate,motion_blur,1,18,2018,False,280
spatial,2,pick up the black bowl from table center and place it on the plate,motion_blur,1,19,2019,True,109
spatial,2,pick up the black bowl from table center and place it on the plate,motion_blur,1,20,2020,False,280
spatial,2,pick up the black bowl from table center and place it on the plate,motion_blur,1,21,2021,False,280
spatial,2,pick up the black bowl from table center and place it on the plate,motion_blur,1,22,2022,False,280
spatial,2,pick up the black bowl from table center and place it on the plate,motion_blur,1,23,2023,False,280
spatial,2,pick up the black bowl from table center and place it on the plate,motion_blur,1,24,2024,False,280
spatial,2,pick up the black bowl from table center and place it on the plate,motion_blur,1,25,2025,False,280
spatial,2,pick up the black bowl from table center and place it on the plate,motion_blur,1,26,2026,False,280
spatial,2,pick up the black bowl from table center and place it on the plate,motion_blur,1,27,2027,True,124
spatial,2,pick up the black bowl from table center and place it on the plate,motion_blur,1,28,2028,False,280
spatial,2,pick up the black bowl from table center and place it on the plate,motion_blur,1,29,2029,False,280
spatial,2,pick up the black bowl from table center and place it on the plate,motion_blur,1,30,2030,False,280
spatial,2,pick up the black bowl from table center and place it on the plate,motion_blur,1,31,2031,False,280
spatial,2,pick up the black bowl from table center and place it on the plate,motion_blur,1,32,2032,False,280
spatial,2,pick up the black bowl from table center and place it on the plate,motion_blur,1,33,2033,False,280
spatial,2,pick up the black bowl from table center and place it on the plate,motion_blur,1,34,2034,False,280
spatial,2,pick up the black bowl from table center and place it on the plate,motion_blur,1,35,2035,False,280
spatial,2,pick up the black bowl from table center and place it on the plate,motion_blur,1,36,2036,False,280
spatial,2,pick up the black bowl from table center and place it on the plate,motion_blur,1,37,2037,False,280
spatial,2,pick up the black bowl from table center and place it on the plate,motion_blur,1,38,2038,False,280
spatial,2,pick up the black bowl from table center and place it on the plate,motion_blur,1,39,2039,False,280
spatial,2,pick up the black bowl from table center and place it on the plate,motion_blur,1,40,2040,False,280
spatial,2,pick up the black bowl from table center and place it on the plate,motion_blur,1,41,2041,False,280
spatial,2,pick up the black bowl from table center and place it on the plate,motion_blur,1,42,2042,False,280
spatial,2,pick up the black bowl from table center and place it on the plate,motion_blur,1,43,2043,False,280
spatial,2,pick up the black bowl from table center and place it on the plate,motion_blur,1,44,2044,False,280
spatial,2,pick up the black bowl from table center and place it on the plate,motion_blur,1,45,2045,False,280
spatial,2,pick up the black bowl from table center and place it on the plate,motion_blur,1,46,2046,False,280
spatial,2,pick up the black bowl from table center and place it on the plate,motion_blur,1,47,2047,False,280
spatial,2,pick up the black bowl from table center and place it on the plate,motion_blur,1,48,2048,False,280
spatial,2,pick up the black bowl from table center and place it on the plate,motion_blur,1,49,2049,False,280
spatial,2,pick up the black bowl from table center and place it on the plate,gaussian_blur,1,0,2000,True,110
spatial,2,pick up the black bowl from table center and place it on the plate,gaussian_blur,1,1,2001,False,280
spatial,2,pick up the black bowl from table center and place it on the plate,gaussian_blur,1,2,2002,True,110
spatial,2,pick up the black bowl from table center and place it on the plate,gaussian_blur,1,3,2003,False,280
spatial,2,pick up the black bowl from table center and place it on the plate,gaussian_blur,1,4,2004,False,280
spatial,2,pick up the black bowl from table center and place it on the plate,gaussian_blur,1,5,2005,True,132
spatial,2,pick up the black bowl from table center and place it on the plate,gaussian_blur,1,6,2006,False,280
spatial,2,pick up the black bowl from table center and place it on the plate,gaussian_blur,1,7,2007,False,280
spatial,2,pick up the black bowl from table center and place it on the plate,gaussian_blur,1,8,2008,False,280
spatial,2,pick up the black bowl from table center and place it on the plate,gaussian_blur,1,9,2009,False,280
spatial,2,pick up the black bowl from table center and place it on the plate,gaussian_blur,1,10,2010,True,108
spatial,2,pick up the black bowl from table center and place it on the plate,gaussian_blur,1,11,2011,True,102
spatial,2,pick up the black bowl from table center and place it on the plate,gaussian_blur,1,12,2012,True,112
spatial,2,pick up the black bowl from table center and place it on the plate,gaussian_blur,1,13,2013,False,280
spatial,2,pick up the black bowl from table center and place it on the plate,gaussian_blur,1,14,2014,False,280
spatial,2,pick up the black bowl from table center and place it on the plate,gaussian_blur,1,15,2015,False,280
spatial,2,pick up the black bowl from table center and place it on the plate,gaussian_blur,1,16,2016,True,94
spatial,2,pick up the black bowl from table center and place it on the plate,gaussian_blur,1,17,2017,False,280
spatial,2,pick up the black bowl from table center and place it on the plate,gaussian_blur,1,18,2018,True,102
spatial,2,pick up the black bowl from table center and place it on the plate,gaussian_blur,1,19,2019,False,280
spatial,2,pick up the black bowl from table center and place it on the plate,gaussian_blur,1,20,2020,True,101
spatial,2,pick up the black bowl from table center and place it on the plate,gaussian_blur,1,21,2021,True,99
spatial,2,pick up the black bowl from table center and place it on the plate,gaussian_blur,1,22,2022,False,280
spatial,2,pick up the black bowl from table center and place it on the plate,gaussian_blur,1,23,2023,False,280
spatial,2,pick up the black bowl from table center and place it on the plate,gaussian_blur,1,24,2024,True,100
spatial,2,pick up the black bowl from table center and place it on the plate,gaussian_blur,1,25,2025,True,98
spatial,2,pick up the black bowl from table center and place it on the plate,gaussian_blur,1,26,2026,True,96
spatial,2,pick up the black bowl from table center and place it on the plate,gaussian_blur,1,27,2027,False,280
spatial,2,pick up the black bowl from table center and place it on the plate,gaussian_blur,1,28,2028,True,103
spatial,2,pick up the black bowl from table center and place it on the plate,gaussian_blur,1,29,2029,True,115
spatial,2,pick up the black bowl from table center and place it on the plate,gaussian_blur,1,30,2030,False,280
spatial,2,pick up the black bowl from table center and place it on the plate,gaussian_blur,1,31,2031,False,280
spatial,2,pick up the black bowl from table center and place it on the plate,gaussian_blur,1,32,2032,True,111
spatial,2,pick up the black bowl from table center and place it on the plate,gaussian_blur,1,33,2033,True,100
spatial,2,pick up the black bowl from table center and place it on the plate,gaussian_blur,1,34,2034,False,280
spatial,2,pick up the black bowl from table center and place it on the plate,gaussian_blur,1,35,2035,False,280
spatial,2,pick up the black bowl from table center and place it on the plate,gaussian_blur,1,36,2036,False,280
spatial,2,pick up the black bowl from table center and place it on the plate,gaussian_blur,1,37,2037,True,137
spatial,2,pick up the black bowl from table center and place it on the plate,gaussian_blur,1,38,2038,True,100
spatial,2,pick up the black bowl from table center and place it on the plate,gaussian_blur,1,39,2039,True,99
spatial,2,pick up the black bowl from table center and place it on the plate,gaussian_blur,1,40,2040,True,114
spatial,2,pick up the black bowl from table center and place it on the plate,gaussian_blur,1,41,2041,False,280
spatial,2,pick up the black bowl from table center and place it on the plate,gaussian_blur,1,42,2042,False,280
spatial,2,pick up the black bowl from table center and place it on the plate,gaussian_blur,1,43,2043,False,280
spatial,2,pick up the black bowl from table center and place it on the plate,gaussian_blur,1,44,2044,True,99
spatial,2,pick up the black bowl from table center and place it on the plate,gaussian_blur,1,45,2045,True,104
spatial,2,pick up the black bowl from table center and place it on the plate,gaussian_blur,1,46,2046,True,138
spatial,2,pick up the black bowl from table center and place it on the plate,gaussian_blur,1,47,2047,True,107
spatial,2,pick up the black bowl from table center and place it on the plate,gaussian_blur,1,48,2048,False,280
spatial,2,pick up the black bowl from table center and place it on the plate,gaussian_blur,1,49,2049,False,280
spatial,2,pick up the black bowl from table center and place it on the plate,zoom_blur,1,0,2000,True,106
spatial,2,pick up the black bowl from table center and place it on the plate,zoom_blur,1,1,2001,True,115
spatial,2,pick up the black bowl from table center and place it on the plate,zoom_blur,1,2,2002,True,104
spatial,2,pick up the black bowl from table center and place it on the plate,zoom_blur,1,3,2003,True,109
spatial,2,pick up the black bowl from table center and place it on the plate,zoom_blur,1,4,2004,True,110
spatial,2,pick up the black bowl from table center and place it on the plate,zoom_blur,1,5,2005,False,280
spatial,2,pick up the black bowl from table center and place it on the plate,zoom_blur,1,6,2006,False,280
spatial,2,pick up the black bowl from table center and place it on the plate,zoom_blur,1,7,2007,False,280
spatial,2,pick up the black bowl from table center and place it on the plate,zoom_blur,1,8,2008,True,93
spatial,2,pick up the black bowl from table center and place it on the plate,zoom_blur,1,9,2009,True,115
spatial,2,pick up the black bowl from table center and place it on the plate,zoom_blur,1,10,2010,True,110
spatial,2,pick up the black bowl from table center and place it on the plate,zoom_blur,1,11,2011,True,94
spatial,2,pick up the black bowl from table center and place it on the plate,zoom_blur,1,12,2012,True,103
spatial,2,pick up the black bowl from table center and place it on the plate,zoom_blur,1,13,2013,False,280
spatial,2,pick up the black bowl from table center and place it on the plate,zoom_blur,1,14,2014,False,280
spatial,2,pick up the black bowl from table center and place it on the plate,zoom_blur,1,15,2015,True,103
spatial,2,pick up the black bowl from table center and place it on the plate,zoom_blur,1,16,2016,True,107
spatial,2,pick up the black bowl from table center and place it on the plate,zoom_blur,1,17,2017,True,104
spatial,2,pick up the black bowl from table center and place it on the plate,zoom_blur,1,18,2018,True,115
spatial,2,pick up the black bowl from table center and place it on the plate,zoom_blur,1,19,2019,False,280
spatial,2,pick up the black bowl from table center and place it on the plate,zoom_blur,1,20,2020,True,100
spatial,2,pick up the black bowl from table center and place it on the plate,zoom_blur,1,21,2021,True,121
spatial,2,pick up the black bowl from table center and place it on the plate,zoom_blur,1,22,2022,True,102
spatial,2,pick up the black bowl from table center and place it on the plate,zoom_blur,1,23,2023,True,100
spatial,2,pick up the black bowl from table center and place it on the plate,zoom_blur,1,24,2024,False,280
spatial,2,pick up the black bowl from table center and place it on the plate,zoom_blur,1,25,2025,True,105
spatial,2,pick up the black bowl from table center and place it on the plate,zoom_blur,1,26,2026,False,280
spatial,2,pick up the black bowl from table center and place it on the plate,zoom_blur,1,27,2027,False,280
spatial,2,pick up the black bowl from table center and place it on the plate,zoom_blur,1,28,2028,False,280
spatial,2,pick up the black bowl from table center and place it on the plate,zoom_blur,1,29,2029,True,105
spatial,2,pick up the black bowl from table center and place it on the plate,zoom_blur,1,30,2030,False,280
spatial,2,pick up the black bowl from table center and place it on the plate,zoom_blur,1,31,2031,True,108
spatial,2,pick up the black bowl from table center and place it on the plate,zoom_blur,1,32,2032,True,113
spatial,2,pick up the black bowl from table center and place it on the plate,zoom_blur,1,33,2033,True,92
spatial,2,pick up the black bowl from table center and place it on the plate,zoom_blur,1,34,2034,True,115
spatial,2,pick up the black bowl from table center and place it on the plate,zoom_blur,1,35,2035,False,280
spatial,2,pick up the black bowl from table center and place it on the plate,zoom_blur,1,36,2036,True,111
spatial,2,pick up the black bowl from table center and place it on the plate,zoom_blur,1,37,2037,True,103
spatial,2,pick up the black bowl from table center and place it on the plate,zoom_blur,1,38,2038,True,109
spatial,2,pick up the black bowl from table center and place it on the plate,zoom_blur,1,39,2039,True,111
spatial,2,pick up the black bowl from table center and place it on the plate,zoom_blur,1,40,2040,True,105
spatial,2,pick up the black bowl from table center and place it on the plate,zoom_blur,1,41,2041,True,103
spatial,2,pick up the black bowl from table center and place it on the plate,zoom_blur,1,42,2042,True,104
spatial,2,pick up the black bowl from table center and place it on the plate,zoom_blur,1,43,2043,False,280
spatial,2,pick up the black bowl from table center and place it on the plate,zoom_blur,1,44,2044,True,118
spatial,2,pick up the black bowl from table center and place it on the plate,zoom_blur,1,45,2045,True,104
spatial,2,pick up the black bowl from table center and place it on the plate,zoom_blur,1,46,2046,True,108
spatial,2,pick up the black bowl from table center and place it on the plate,zoom_blur,1,47,2047,False,280
spatial,2,pick up the black bowl from table center and place it on the plate,zoom_blur,1,48,2048,True,96
spatial,2,pick up the black bowl from table center and place it on the plate,zoom_blur,1,49,2049,True,106
spatial,2,pick up the black bowl from table center and place it on the plate,fog,1,0,2000,False,280
spatial,2,pick up the black bowl from table center and place it on the plate,fog,1,1,2001,False,280
spatial,2,pick up the black bowl from table center and place it on the plate,fog,1,2,2002,False,280
spatial,2,pick up the black bowl from table center and place it on the plate,fog,1,3,2003,False,280
spatial,2,pick up the black bowl from table center and place it on the plate,fog,1,4,2004,True,87
spatial,2,pick up the black bowl from table center and place it on the plate,fog,1,5,2005,False,280
spatial,2,pick up the black bowl from table center and place it on the plate,fog,1,6,2006,False,280
spatial,2,pick up the black bowl from table center and place it on the plate,fog,1,7,2007,True,111
spatial,2,pick up the black bowl from table center and place it on the plate,fog,1,8,2008,False,280
spatial,2,pick up the black bowl from table center and place it on the plate,fog,1,9,2009,False,280
spatial,2,pick up the black bowl from table center and place it on the plate,fog,1,10,2010,False,280
spatial,2,pick up the black bowl from table center and place it on the plate,fog,1,11,2011,False,280
spatial,2,pick up the black bowl from table center and place it on the plate,fog,1,12,2012,False,280
spatial,2,pick up the black bowl from table center and place it on the plate,fog,1,13,2013,False,280
spatial,2,pick up the black bowl from table center and place it on the plate,fog,1,14,2014,False,280
spatial,2,pick up the black bowl from table center and place it on the plate,fog,1,15,2015,False,280
spatial,2,pick up the black bowl from table center and place it on the plate,fog,1,16,2016,False,280
spatial,2,pick up the black bowl from table center and place it on the plate,fog,1,17,2017,True,99
spatial,2,pick up the black bowl from table center and place it on the plate,fog,1,18,2018,False,280
spatial,2,pick up the black bowl from table center and place it on the plate,fog,1,19,2019,True,89
spatial,2,pick up the black bowl from table center and place it on the plate,fog,1,20,2020,False,280
spatial,2,pick up the black bowl from table center and place it on the plate,fog,1,21,2021,True,93
spatial,2,pick up the black bowl from table center and place it on the plate,fog,1,22,2022,True,97
spatial,2,pick up the black bowl from table center and place it on the plate,fog,1,23,2023,False,280
spatial,2,pick up the black bowl from table center and place it on the plate,fog,1,24,2024,False,280
spatial,2,pick up the black bowl from table center and place it on the plate,fog,1,25,2025,False,280
spatial,2,pick up the black bowl from table center and place it on the plate,fog,1,26,2026,False,280
spatial,2,pick up the black bowl from table center and place it on the plate,fog,1,27,2027,False,280
spatial,2,pick up the black bowl from table center and place it on the plate,fog,1,28,2028,True,106
spatial,2,pick up the black bowl from table center and place it on the plate,fog,1,29,2029,False,280
spatial,2,pick up the black bowl from table center and place it on the plate,fog,1,30,2030,False,280
spatial,2,pick up the black bowl from table center and place it on the plate,fog,1,31,2031,False,280
spatial,2,pick up the black bowl from table center and place it on the plate,fog,1,32,2032,False,280
spatial,2,pick up the black bowl from table center and place it on the plate,fog,1,33,2033,False,280
spatial,2,pick up the black bowl from table center and place it on the plate,fog,1,34,2034,True,86
spatial,2,pick up the black bowl from table center and place it on the plate,fog,1,35,2035,False,280
spatial,2,pick up the black bowl from table center and place it on the plate,fog,1,36,2036,True,96
spatial,2,pick up the black bowl from table center and place it on the plate,fog,1,37,2037,False,280
spatial,2,pick up the black bowl from table center and place it on the plate,fog,1,38,2038,False,280
spatial,2,pick up the black bowl from table center and place it on the plate,fog,1,39,2039,False,280
spatial,2,pick up the black bowl from table center and place it on the plate,fog,1,40,2040,False,280
spatial,2,pick up the black bowl from table center and place it on the plate,fog,1,41,2041,False,280
spatial,2,pick up the black bowl from table center and place it on the plate,fog,1,42,2042,False,280
spatial,2,pick up the black bowl from table center and place it on the plate,fog,1,43,2043,True,109
spatial,2,pick up the black bowl from table center and place it on the plate,fog,1,44,2044,False,280
spatial,2,pick up the black bowl from table center and place it on the plate,fog,1,45,2045,False,280
spatial,2,pick up the black bowl from table center and place it on the plate,fog,1,46,2046,False,280
spatial,2,pick up the black bowl from table center and place it on the plate,fog,1,47,2047,False,280
spatial,2,pick up the black bowl from table center and place it on the plate,fog,1,48,2048,False,280
spatial,2,pick up the black bowl from table center and place it on the plate,fog,1,49,2049,False,280
spatial,2,pick up the black bowl from table center and place it on the plate,glass_blur,1,0,2000,False,280
spatial,2,pick up the black bowl from table center and place it on the plate,glass_blur,1,1,2001,False,280
spatial,2,pick up the black bowl from table center and place it on the plate,glass_blur,1,2,2002,False,280
spatial,2,pick up the black bowl from table center and place it on the plate,glass_blur,1,3,2003,False,280
spatial,2,pick up the black bowl from table center and place it on the plate,glass_blur,1,4,2004,False,280
spatial,2,pick up the black bowl from table center and place it on the plate,glass_blur,1,5,2005,False,280
spatial,2,pick up the black bowl from table center and place it on the plate,glass_blur,1,6,2006,False,280
spatial,2,pick up the black bowl from table center and place it on the plate,glass_blur,1,7,2007,True,98
spatial,2,pick up the black bowl from table center and place it on the plate,glass_blur,1,8,2008,False,280
spatial,2,pick up the black bowl from table center and place it on the plate,glass_blur,1,9,2009,False,280
spatial,2,pick up the black bowl from table center and place it on the plate,glass_blur,1,10,2010,False,280
spatial,2,pick up the black bowl from table center and place it on the plate,glass_blur,1,11,2011,True,240
spatial,2,pick up the black bowl from table center and place it on the plate,glass_blur,1,12,2012,False,280
spatial,2,pick up the black bowl from table center and place it on the plate,glass_blur,1,13,2013,False,280
spatial,2,pick up the black bowl from table center and place it on the plate,glass_blur,1,14,2014,False,280
spatial,2,pick up the black bowl from table center and place it on the plate,glass_blur,1,15,2015,False,280
spatial,2,pick up the black bowl from table center and place it on the plate,glass_blur,1,16,2016,False,280
spatial,2,pick up the black bowl from table center and place it on the plate,glass_blur,1,17,2017,False,280
spatial,2,pick up the black bowl from table center and place it on the plate,glass_blur,1,18,2018,False,280
spatial,2,pick up the black bowl from table center and place it on the plate,glass_blur,1,19,2019,True,163
spatial,2,pick up the black bowl from table center and place it on the plate,glass_blur,1,20,2020,False,280
spatial,2,pick up the black bowl from table center and place it on the plate,glass_blur,1,21,2021,False,280
spatial,2,pick up the black bowl from table center and place it on the plate,glass_blur,1,22,2022,False,280
spatial,2,pick up the black bowl from table center and place it on the plate,glass_blur,1,23,2023,False,280
spatial,2,pick up the black bowl from table center and place it on the plate,glass_blur,1,24,2024,False,280
spatial,2,pick up the black bowl from table center and place it on the plate,glass_blur,1,25,2025,True,96
spatial,2,pick up the black bowl from table center and place it on the plate,glass_blur,1,26,2026,False,280
spatial,2,pick up the black bowl from table center and place it on the plate,glass_blur,1,27,2027,True,128
spatial,2,pick up the black bowl from table center and place it on the plate,glass_blur,1,28,2028,True,174
spatial,2,pick up the black bowl from table center and place it on the plate,glass_blur,1,29,2029,True,105
spatial,2,pick up the black bowl from table center and place it on the plate,glass_blur,1,30,2030,False,280
spatial,2,pick up the black bowl from table center and place it on the plate,glass_blur,1,31,2031,False,280
spatial,2,pick up the black bowl from table center and place it on the plate,glass_blur,1,32,2032,False,280
spatial,2,pick up the black bowl from table center and place it on the plate,glass_blur,1,33,2033,False,280
spatial,2,pick up the black bowl from table center and place it on the plate,glass_blur,1,34,2034,False,280
spatial,2,pick up the black bowl from table center and place it on the plate,glass_blur,1,35,2035,False,280
spatial,2,pick up the black bowl from table center and place it on the plate,glass_blur,1,36,2036,False,280
spatial,2,pick up the black bowl from table center and place it on the plate,glass_blur,1,37,2037,False,280
spatial,2,pick up the black bowl from table center and place it on the plate,glass_blur,1,38,2038,False,280
spatial,2,pick up the black bowl from table center and place it on the plate,glass_blur,1,39,2039,False,280
spatial,2,pick up the black bowl from table center and place it on the plate,glass_blur,1,40,2040,False,280
spatial,2,pick up the black bowl from table center and place it on the plate,glass_blur,1,41,2041,False,280
spatial,2,pick up the black bowl from table center and place it on the plate,glass_blur,1,42,2042,True,146
spatial,2,pick up the black bowl from table center and place it on the plate,glass_blur,1,43,2043,False,280
spatial,2,pick up the black bowl from table center and place it on the plate,glass_blur,1,44,2044,False,280
spatial,2,pick up the black bowl from table center and place it on the plate,glass_blur,1,45,2045,False,280
spatial,2,pick up the black bowl from table center and place it on the plate,glass_blur,1,46,2046,False,280
spatial,2,pick up the black bowl from table center and place it on the plate,glass_blur,1,47,2047,False,280
spatial,2,pick up the black bowl from table center and place it on the plate,glass_blur,1,48,2048,False,280
spatial,2,pick up the black bowl from table center and place it on the plate,glass_blur,1,49,2049,True,134
spatial,3,pick up the black bowl on the cookie box and place it on the plate,clean,0,0,3000,True,91
spatial,3,pick up the black bowl on the cookie box and place it on the plate,clean,0,1,3001,True,91
spatial,3,pick up the black bowl on the cookie box and place it on the plate,clean,0,2,3002,True,87
spatial,3,pick up the black bowl on the cookie box and place it on the plate,clean,0,3,3003,True,85
spatial,3,pick up the black bowl on the cookie box and place it on the plate,clean,0,4,3004,True,91
spatial,3,pick up the black bowl on the cookie box and place it on the plate,clean,0,5,3005,False,280
spatial,3,pick up the black bowl on the cookie box and place it on the plate,clean,0,6,3006,True,86
spatial,3,pick up the black bowl on the cookie box and place it on the plate,clean,0,7,3007,True,85
spatial,3,pick up the black bowl on the cookie box and place it on the plate,clean,0,8,3008,True,84
spatial,3,pick up the black bowl on the cookie box and place it on the plate,clean,0,9,3009,True,88
spatial,3,pick up the black bowl on the cookie box and place it on the plate,clean,0,10,3010,True,88
spatial,3,pick up the black bowl on the cookie box and place it on the plate,clean,0,11,3011,True,79
spatial,3,pick up the black bowl on the cookie box and place it on the plate,clean,0,12,3012,True,85
spatial,3,pick up the black bowl on the cookie box and place it on the plate,clean,0,13,3013,True,92
spatial,3,pick up the black bowl on the cookie box and place it on the plate,clean,0,14,3014,True,85
spatial,3,pick up the black bowl on the cookie box and place it on the plate,clean,0,15,3015,True,99
spatial,3,pick up the black bowl on the cookie box and place it on the plate,clean,0,16,3016,True,86
spatial,3,pick up the black bowl on the cookie box and place it on the plate,clean,0,17,3017,True,95
spatial,3,pick up the black bowl on the cookie box and place it on the plate,clean,0,18,3018,False,280
spatial,3,pick up the black bowl on the cookie box and place it on the plate,clean,0,19,3019,True,89
spatial,3,pick up the black bowl on the cookie box and place it on the plate,clean,0,20,3020,True,84
spatial,3,pick up the black bowl on the cookie box and place it on the plate,clean,0,21,3021,True,104
spatial,3,pick up the black bowl on the cookie box and place it on the plate,clean,0,22,3022,True,82
spatial,3,pick up the black bowl on the cookie box and place it on the plate,clean,0,23,3023,True,96
spatial,3,pick up the black bowl on the cookie box and place it on the plate,clean,0,24,3024,True,80
spatial,3,pick up the black bowl on the cookie box and place it on the plate,clean,0,25,3025,True,94
spatial,3,pick up the black bowl on the cookie box and place it on the plate,clean,0,26,3026,True,89
spatial,3,pick up the black bowl on the cookie box and place it on the plate,clean,0,27,3027,False,280
spatial,3,pick up the black bowl on the cookie box and place it on the plate,clean,0,28,3028,True,90
spatial,3,pick up the black bowl on the cookie box and place it on the plate,clean,0,29,3029,True,86
spatial,3,pick up the black bowl on the cookie box and place it on the plate,clean,0,30,3030,True,88
spatial,3,pick up the black bowl on the cookie box and place it on the plate,clean,0,31,3031,False,280
spatial,3,pick up the black bowl on the cookie box and place it on the plate,clean,0,32,3032,True,89
spatial,3,pick up the black bowl on the cookie box and place it on the plate,clean,0,33,3033,True,91
spatial,3,pick up the black bowl on the cookie box and place it on the plate,clean,0,34,3034,True,85
spatial,3,pick up the black bowl on the cookie box and place it on the plate,clean,0,35,3035,True,79
spatial,3,pick up the black bowl on the cookie box and place it on the plate,clean,0,36,3036,True,90
spatial,3,pick up the black bowl on the cookie box and place it on the plate,clean,0,37,3037,True,94
spatial,3,pick up the black bowl on the cookie box and place it on the plate,clean,0,38,3038,True,91
spatial,3,pick up the black bowl on the cookie box and place it on the plate,clean,0,39,3039,True,83
spatial,3,pick up the black bowl on the cookie box and place it on the plate,clean,0,40,3040,False,280
spatial,3,pick up the black bowl on the cookie box and place it on the plate,clean,0,41,3041,True,91
spatial,3,pick up the black bowl on the cookie box and place it on the plate,clean,0,42,3042,True,88
spatial,3,pick up the black bowl on the cookie box and place it on the plate,clean,0,43,3043,True,87
spatial,3,pick up the black bowl on the cookie box and place it on the plate,clean,0,44,3044,True,91
spatial,3,pick up the black bowl on the cookie box and place it on the plate,clean,0,45,3045,True,87
spatial,3,pick up the black bowl on the cookie box and place it on the plate,clean,0,46,3046,True,88
spatial,3,pick up the black bowl on the cookie box and place it on the plate,clean,0,47,3047,True,101
spatial,3,pick up the black bowl on the cookie box and place it on the plate,clean,0,48,3048,True,95
spatial,3,pick up the black bowl on the cookie box and place it on the plate,clean,0,49,3049,True,93
spatial,3,pick up the black bowl on the cookie box and place it on the plate,motion_blur,1,0,3000,True,87
spatial,3,pick up the black bowl on the cookie box and place it on the plate,motion_blur,1,1,3001,False,280
spatial,3,pick up the black bowl on the cookie box and place it on the plate,motion_blur,1,2,3002,False,280
spatial,3,pick up the black bowl on the cookie box and place it on the plate,motion_blur,1,3,3003,True,89
spatial,3,pick up the black bowl on the cookie box and place it on the plate,motion_blur,1,4,3004,False,280
spatial,3,pick up the black bowl on the cookie box and place it on the plate,motion_blur,1,5,3005,True,86
spatial,3,pick up the black bowl on the cookie box and place it on the plate,motion_blur,1,6,3006,True,99
spatial,3,pick up the black bowl on the cookie box and place it on the plate,motion_blur,1,7,3007,False,280
spatial,3,pick up the black bowl on the cookie box and place it on the plate,motion_blur,1,8,3008,False,280
spatial,3,pick up the black bowl on the cookie box and place it on the plate,motion_blur,1,9,3009,True,91
spatial,3,pick up the black bowl on the cookie box and place it on the plate,motion_blur,1,10,3010,False,280
spatial,3,pick up the black bowl on the cookie box and place it on the plate,motion_blur,1,11,3011,False,280
spatial,3,pick up the black bowl on the cookie box and place it on the plate,motion_blur,1,12,3012,True,90
spatial,3,pick up the black bowl on the cookie box and place it on the plate,motion_blur,1,13,3013,True,94
spatial,3,pick up the black bowl on the cookie box and place it on the plate,motion_blur,1,14,3014,True,83
spatial,3,pick up the black bowl on the cookie box and place it on the plate,motion_blur,1,15,3015,False,280
spatial,3,pick up the black bowl on the cookie box and place it on the plate,motion_blur,1,16,3016,False,280
spatial,3,pick up the black bowl on the cookie box and place it on the plate,motion_blur,1,17,3017,True,79
spatial,3,pick up the black bowl on the cookie box and place it on the plate,motion_blur,1,18,3018,True,100
spatial,3,pick up the black bowl on the cookie box and place it on the plate,motion_blur,1,19,3019,False,280
spatial,3,pick up the black bowl on the cookie box and place it on the plate,motion_blur,1,20,3020,False,280
spatial,3,pick up the black bowl on the cookie box and place it on the plate,motion_blur,1,21,3021,False,280
spatial,3,pick up the black bowl on the cookie box and place it on the plate,motion_blur,1,22,3022,True,82
spatial,3,pick up the black bowl on the cookie box and place it on the plate,motion_blur,1,23,3023,False,280
spatial,3,pick up the black bowl on the cookie box and place it on the plate,motion_blur,1,24,3024,False,280
spatial,3,pick up the black bowl on the cookie box and place it on the plate,motion_blur,1,25,3025,True,96
spatial,3,pick up the black bowl on the cookie box and place it on the plate,motion_blur,1,26,3026,True,101
spatial,3,pick up the black bowl on the cookie box and place it on the plate,motion_blur,1,27,3027,False,280
spatial,3,pick up the black bowl on the cookie box and place it on the plate,motion_blur,1,28,3028,True,99
spatial,3,pick up the black bowl on the cookie box and place it on the plate,motion_blur,1,29,3029,False,280
spatial,3,pick up the black bowl on the cookie box and place it on the plate,motion_blur,1,30,3030,False,280
spatial,3,pick up the black bowl on the cookie box and place it on the plate,motion_blur,1,31,3031,False,280
spatial,3,pick up the black bowl on the cookie box and place it on the plate,motion_blur,1,32,3032,True,85
spatial,3,pick up the black bowl on the cookie box and place it on the plate,motion_blur,1,33,3033,False,280
spatial,3,pick up the black bowl on the cookie box and place it on the plate,motion_blur,1,34,3034,False,280
spatial,3,pick up the black bowl on the cookie box and place it on the plate,motion_blur,1,35,3035,False,280
spatial,3,pick up the black bowl on the cookie box and place it on the plate,motion_blur,1,36,3036,True,102
spatial,3,pick up the black bowl on the cookie box and place it on the plate,motion_blur,1,37,3037,True,94
spatial,3,pick up the black bowl on the cookie box and place it on the plate,motion_blur,1,38,3038,False,280
spatial,3,pick up the black bowl on the cookie box and place it on the plate,motion_blur,1,39,3039,False,280
spatial,3,pick up the black bowl on the cookie box and place it on the plate,motion_blur,1,40,3040,False,280
spatial,3,pick up the black bowl on the cookie box and place it on the plate,motion_blur,1,41,3041,True,99
spatial,3,pick up the black bowl on the cookie box and place it on the plate,motion_blur,1,42,3042,True,82
spatial,3,pick up the black bowl on the cookie box and place it on the plate,motion_blur,1,43,3043,True,101
spatial,3,pick up the black bowl on the cookie box and place it on the plate,motion_blur,1,44,3044,True,91
spatial,3,pick up the black bowl on the cookie box and place it on the plate,motion_blur,1,45,3045,True,85
spatial,3,pick up the black bowl on the cookie box and place it on the plate,motion_blur,1,46,3046,True,97
spatial,3,pick up the black bowl on the cookie box and place it on the plate,motion_blur,1,47,3047,False,280
spatial,3,pick up the black bowl on the cookie box and place it on the plate,motion_blur,1,48,3048,True,89
spatial,3,pick up the black bowl on the cookie box and place it on the plate,motion_blur,1,49,3049,False,280
spatial,3,pick up the black bowl on the cookie box and place it on the plate,gaussian_blur,1,0,3000,True,88
spatial,3,pick up the black bowl on the cookie box and place it on the plate,gaussian_blur,1,1,3001,True,81
spatial,3,pick up the black bowl on the cookie box and place it on the plate,gaussian_blur,1,2,3002,True,87
spatial,3,pick up the black bowl on the cookie box and place it on the plate,gaussian_blur,1,3,3003,True,86
spatial,3,pick up the black bowl on the cookie box and place it on the plate,gaussian_blur,1,4,3004,False,280
spatial,3,pick up the black bowl on the cookie box and place it on the plate,gaussian_blur,1,5,3005,True,94
spatial,3,pick up the black bowl on the cookie box and place it on the plate,gaussian_blur,1,6,3006,True,79
spatial,3,pick up the black bowl on the cookie box and place it on the plate,gaussian_blur,1,7,3007,True,83
spatial,3,pick up the black bowl on the cookie box and place it on the plate,gaussian_blur,1,8,3008,True,89
spatial,3,pick up the black bowl on the cookie box and place it on the plate,gaussian_blur,1,9,3009,True,87
spatial,3,pick up the black bowl on the cookie box and place it on the plate,gaussian_blur,1,10,3010,True,82
spatial,3,pick up the black bowl on the cookie box and place it on the plate,gaussian_blur,1,11,3011,True,85
spatial,3,pick up the black bowl on the cookie box and place it on the plate,gaussian_blur,1,12,3012,True,83
spatial,3,pick up the black bowl on the cookie box and place it on the plate,gaussian_blur,1,13,3013,True,82
spatial,3,pick up the black bowl on the cookie box and place it on the plate,gaussian_blur,1,14,3014,True,79
spatial,3,pick up the black bowl on the cookie box and place it on the plate,gaussian_blur,1,15,3015,True,82
spatial,3,pick up the black bowl on the cookie box and place it on the plate,gaussian_blur,1,16,3016,True,84
spatial,3,pick up the black bowl on the cookie box and place it on the plate,gaussian_blur,1,17,3017,True,88
spatial,3,pick up the black bowl on the cookie box and place it on the plate,gaussian_blur,1,18,3018,True,84
spatial,3,pick up the black bowl on the cookie box and place it on the plate,gaussian_blur,1,19,3019,True,87
spatial,3,pick up the black bowl on the cookie box and place it on the plate,gaussian_blur,1,20,3020,True,84
spatial,3,pick up the black bowl on the cookie box and place it on the plate,gaussian_blur,1,21,3021,True,83
spatial,3,pick up the black bowl on the cookie box and place it on the plate,gaussian_blur,1,22,3022,True,83
spatial,3,pick up the black bowl on the cookie box and place it on the plate,gaussian_blur,1,23,3023,True,93
spatial,3,pick up the black bowl on the cookie box and place it on the plate,gaussian_blur,1,24,3024,True,87
spatial,3,pick up the black bowl on the cookie box and place it on the plate,gaussian_blur,1,25,3025,True,86
spatial,3,pick up the black bowl on the cookie box and place it on the plate,gaussian_blur,1,26,3026,False,280
spatial,3,pick up the black bowl on the cookie box and place it on the plate,gaussian_blur,1,27,3027,True,76
spatial,3,pick up the black bowl on the cookie box and place it on the plate,gaussian_blur,1,28,3028,True,87
spatial,3,pick up the black bowl on the cookie box and place it on the plate,gaussian_blur,1,29,3029,True,80
spatial,3,pick up the black bowl on the cookie box and place it on the plate,gaussian_blur,1,30,3030,True,86
spatial,3,pick up the black bowl on the cookie box and place it on the plate,gaussian_blur,1,31,3031,True,88
spatial,3,pick up the black bowl on the cookie box and place it on the plate,gaussian_blur,1,32,3032,True,113
spatial,3,pick up the black bowl on the cookie box and place it on the plate,gaussian_blur,1,33,3033,True,87
spatial,3,pick up the black bowl on the cookie box and place it on the plate,gaussian_blur,1,34,3034,True,87
spatial,3,pick up the black bowl on the cookie box and place it on the plate,gaussian_blur,1,35,3035,True,85
spatial,3,pick up the black bowl on the cookie box and place it on the plate,gaussian_blur,1,36,3036,True,87
spatial,3,pick up the black bowl on the cookie box and place it on the plate,gaussian_blur,1,37,3037,True,89
spatial,3,pick up the black bowl on the cookie box and place it on the plate,gaussian_blur,1,38,3038,True,83
spatial,3,pick up the black bowl on the cookie box and place it on the plate,gaussian_blur,1,39,3039,False,280
spatial,3,pick up the black bowl on the cookie box and place it on the plate,gaussian_blur,1,40,3040,True,82
spatial,3,pick up the black bowl on the cookie box and place it on the plate,gaussian_blur,1,41,3041,True,83
spatial,3,pick up the black bowl on the cookie box and place it on the plate,gaussian_blur,1,42,3042,True,88
spatial,3,pick up the black bowl on the cookie box and place it on the plate,gaussian_blur,1,43,3043,True,79
spatial,3,pick up the black bowl on the cookie box and place it on the plate,gaussian_blur,1,44,3044,True,78
spatial,3,pick up the black bowl on the cookie box and place it on the plate,gaussian_blur,1,45,3045,False,280
spatial,3,pick up the black bowl on the cookie box and place it on the plate,gaussian_blur,1,46,3046,True,94
spatial,3,pick up the black bowl on the cookie box and place it on the plate,gaussian_blur,1,47,3047,True,82
spatial,3,pick up the black bowl on the cookie box and place it on the plate,gaussian_blur,1,48,3048,True,84
spatial,3,pick up the black bowl on the cookie box and place it on the plate,gaussian_blur,1,49,3049,True,78
spatial,3,pick up the black bowl on the cookie box and place it on the plate,zoom_blur,1,0,3000,True,89
spatial,3,pick up the black bowl on the cookie box and place it on the plate,zoom_blur,1,1,3001,True,87
spatial,3,pick up the black bowl on the cookie box and place it on the plate,zoom_blur,1,2,3002,True,95
spatial,3,pick up the black bowl on the cookie box and place it on the plate,zoom_blur,1,3,3003,True,79
spatial,3,pick up the black bowl on the cookie box and place it on the plate,zoom_blur,1,4,3004,True,91
spatial,3,pick up the black bowl on the cookie box and place it on the plate,zoom_blur,1,5,3005,True,82
spatial,3,pick up the black bowl on the cookie box and place it on the plate,zoom_blur,1,6,3006,True,84
spatial,3,pick up the black bowl on the cookie box and place it on the plate,zoom_blur,1,7,3007,False,280
spatial,3,pick up the black bowl on the cookie box and place it on the plate,zoom_blur,1,8,3008,True,82
spatial,3,pick up the black bowl on the cookie box and place it on the plate,zoom_blur,1,9,3009,True,83
spatial,3,pick up the black bowl on the cookie box and place it on the plate,zoom_blur,1,10,3010,True,90
spatial,3,pick up the black bowl on the cookie box and place it on the plate,zoom_blur,1,11,3011,True,79
spatial,3,pick up the black bowl on the cookie box and place it on the plate,zoom_blur,1,12,3012,False,280
spatial,3,pick up the black bowl on the cookie box and place it on the plate,zoom_blur,1,13,3013,True,82
spatial,3,pick up the black bowl on the cookie box and place it on the plate,zoom_blur,1,14,3014,True,89
spatial,3,pick up the black bowl on the cookie box and place it on the plate,zoom_blur,1,15,3015,True,82
spatial,3,pick up the black bowl on the cookie box and place it on the plate,zoom_blur,1,16,3016,True,92
spatial,3,pick up the black bowl on the cookie box and place it on the plate,zoom_blur,1,17,3017,True,85
spatial,3,pick up the black bowl on the cookie box and place it on the plate,zoom_blur,1,18,3018,True,84
spatial,3,pick up the black bowl on the cookie box and place it on the plate,zoom_blur,1,19,3019,True,90
spatial,3,pick up the black bowl on the cookie box and place it on the plate,zoom_blur,1,20,3020,True,88
spatial,3,pick up the black bowl on the cookie box and place it on the plate,zoom_blur,1,21,3021,True,87
spatial,3,pick up the black bowl on the cookie box and place it on the plate,zoom_blur,1,22,3022,True,106
spatial,3,pick up the black bowl on the cookie box and place it on the plate,zoom_blur,1,23,3023,True,91
spatial,3,pick up the black bowl on the cookie box and place it on the plate,zoom_blur,1,24,3024,True,89
spatial,3,pick up the black bowl on the cookie box and place it on the plate,zoom_blur,1,25,3025,True,83
spatial,3,pick up the black bowl on the cookie box and place it on the plate,zoom_blur,1,26,3026,True,88
spatial,3,pick up the black bowl on the cookie box and place it on the plate,zoom_blur,1,27,3027,False,280
spatial,3,pick up the black bowl on the cookie box and place it on the plate,zoom_blur,1,28,3028,True,87
spatial,3,pick up the black bowl on the cookie box and place it on the plate,zoom_blur,1,29,3029,True,84
spatial,3,pick up the black bowl on the cookie box and place it on the plate,zoom_blur,1,30,3030,True,88
spatial,3,pick up the black bowl on the cookie box and place it on the plate,zoom_blur,1,31,3031,True,83
spatial,3,pick up the black bowl on the cookie box and place it on the plate,zoom_blur,1,32,3032,False,280
spatial,3,pick up the black bowl on the cookie box and place it on the plate,zoom_blur,1,33,3033,True,91
spatial,3,pick up the black bowl on the cookie box and place it on the plate,zoom_blur,1,34,3034,True,83
spatial,3,pick up the black bowl on the cookie box and place it on the plate,zoom_blur,1,35,3035,True,83
spatial,3,pick up the black bowl on the cookie box and place it on the plate,zoom_blur,1,36,3036,True,87
spatial,3,pick up the black bowl on the cookie box and place it on the plate,zoom_blur,1,37,3037,True,94
spatial,3,pick up the black bowl on the cookie box and place it on the plate,zoom_blur,1,38,3038,True,81
spatial,3,pick up the black bowl on the cookie box and place it on the plate,zoom_blur,1,39,3039,True,91
spatial,3,pick up the black bowl on the cookie box and place it on the plate,zoom_blur,1,40,3040,True,89
spatial,3,pick up the black bowl on the cookie box and place it on the plate,zoom_blur,1,41,3041,True,91
spatial,3,pick up the black bowl on the cookie box and place it on the plate,zoom_blur,1,42,3042,True,85
spatial,3,pick up the black bowl on the cookie box and place it on the plate,zoom_blur,1,43,3043,True,89
spatial,3,pick up the black bowl on the cookie box and place it on the plate,zoom_blur,1,44,3044,True,86
spatial,3,pick up the black bowl on the cookie box and place it on the plate,zoom_blur,1,45,3045,True,95
spatial,3,pick up the black bowl on the cookie box and place it on the plate,zoom_blur,1,46,3046,True,81
spatial,3,pick up the black bowl on the cookie box and place it on the plate,zoom_blur,1,47,3047,True,94
spatial,3,pick up the black bowl on the cookie box and place it on the plate,zoom_blur,1,48,3048,True,101
spatial,3,pick up the black bowl on the cookie box and place it on the plate,zoom_blur,1,49,3049,True,95
spatial,3,pick up the black bowl on the cookie box and place it on the plate,fog,1,0,3000,True,97
spatial,3,pick up the black bowl on the cookie box and place it on the plate,fog,1,1,3001,True,86
spatial,3,pick up the black bowl on the cookie box and place it on the plate,fog,1,2,3002,True,82
spatial,3,pick up the black bowl on the cookie box and place it on the plate,fog,1,3,3003,True,89
spatial,3,pick up the black bowl on the cookie box and place it on the plate,fog,1,4,3004,True,87
spatial,3,pick up the black bowl on the cookie box and place it on the plate,fog,1,5,3005,True,81
spatial,3,pick up the black bowl on the cookie box and place it on the plate,fog,1,6,3006,True,89
spatial,3,pick up the black bowl on the cookie box and place it on the plate,fog,1,7,3007,True,90
spatial,3,pick up the black bowl on the cookie box and place it on the plate,fog,1,8,3008,True,87
spatial,3,pick up the black bowl on the cookie box and place it on the plate,fog,1,9,3009,True,85
spatial,3,pick up the black bowl on the cookie box and place it on the plate,fog,1,10,3010,True,89
spatial,3,pick up the black bowl on the cookie box and place it on the plate,fog,1,11,3011,True,92
spatial,3,pick up the black bowl on the cookie box and place it on the plate,fog,1,12,3012,True,85
spatial,3,pick up the black bowl on the cookie box and place it on the plate,fog,1,13,3013,True,87
spatial,3,pick up the black bowl on the cookie box and place it on the plate,fog,1,14,3014,True,95
spatial,3,pick up the black bowl on the cookie box and place it on the plate,fog,1,15,3015,True,85
spatial,3,pick up the black bowl on the cookie box and place it on the plate,fog,1,16,3016,False,280
spatial,3,pick up the black bowl on the cookie box and place it on the plate,fog,1,17,3017,True,85
spatial,3,pick up the black bowl on the cookie box and place it on the plate,fog,1,18,3018,True,82
spatial,3,pick up the black bowl on the cookie box and place it on the plate,fog,1,19,3019,True,93
spatial,3,pick up the black bowl on the cookie box and place it on the plate,fog,1,20,3020,True,88
spatial,3,pick up the black bowl on the cookie box and place it on the plate,fog,1,21,3021,False,280
spatial,3,pick up the black bowl on the cookie box and place it on the plate,fog,1,22,3022,True,87
spatial,3,pick up the black bowl on the cookie box and place it on the plate,fog,1,23,3023,True,90
spatial,3,pick up the black bowl on the cookie box and place it on the plate,fog,1,24,3024,True,91
spatial,3,pick up the black bowl on the cookie box and place it on the plate,fog,1,25,3025,True,89
spatial,3,pick up the black bowl on the cookie box and place it on the plate,fog,1,26,3026,True,92
spatial,3,pick up the black bowl on the cookie box and place it on the plate,fog,1,27,3027,True,82
spatial,3,pick up the black bowl on the cookie box and place it on the plate,fog,1,28,3028,True,85
spatial,3,pick up the black bowl on the cookie box and place it on the plate,fog,1,29,3029,True,86
spatial,3,pick up the black bowl on the cookie box and place it on the plate,fog,1,30,3030,True,82
spatial,3,pick up the black bowl on the cookie box and place it on the plate,fog,1,31,3031,True,87
spatial,3,pick up the black bowl on the cookie box and place it on the plate,fog,1,32,3032,True,89
spatial,3,pick up the black bowl on the cookie box and place it on the plate,fog,1,33,3033,True,92
spatial,3,pick up the black bowl on the cookie box and place it on the plate,fog,1,34,3034,True,78
spatial,3,pick up the black bowl on the cookie box and place it on the plate,fog,1,35,3035,True,89
spatial,3,pick up the black bowl on the cookie box and place it on the plate,fog,1,36,3036,True,86
spatial,3,pick up the black bowl on the cookie box and place it on the plate,fog,1,37,3037,True,80
spatial,3,pick up the black bowl on the cookie box and place it on the plate,fog,1,38,3038,True,85
spatial,3,pick up the black bowl on the cookie box and place it on the plate,fog,1,39,3039,True,88
spatial,3,pick up the black bowl on the cookie box and place it on the plate,fog,1,40,3040,True,91
spatial,3,pick up the black bowl on the cookie box and place it on the plate,fog,1,41,3041,True,95
spatial,3,pick up the black bowl on the cookie box and place it on the plate,fog,1,42,3042,True,88
spatial,3,pick up the black bowl on the cookie box and place it on the plate,fog,1,43,3043,True,79
spatial,3,pick up the black bowl on the cookie box and place it on the plate,fog,1,44,3044,True,82
spatial,3,pick up the black bowl on the cookie box and place it on the plate,fog,1,45,3045,True,94
spatial,3,pick up the black bowl on the cookie box and place it on the plate,fog,1,46,3046,False,280
spatial,3,pick up the black bowl on the cookie box and place it on the plate,fog,1,47,3047,True,92
spatial,3,pick up the black bowl on the cookie box and place it on the plate,fog,1,48,3048,True,81
spatial,3,pick up the black bowl on the cookie box and place it on the plate,fog,1,49,3049,True,89
spatial,3,pick up the black bowl on the cookie box and place it on the plate,glass_blur,1,0,3000,True,88
spatial,3,pick up the black bowl on the cookie box and place it on the plate,glass_blur,1,1,3001,True,97
spatial,3,pick up the black bowl on the cookie box and place it on the plate,glass_blur,1,2,3002,False,280
spatial,3,pick up the black bowl on the cookie box and place it on the plate,glass_blur,1,3,3003,True,89
spatial,3,pick up the black bowl on the cookie box and place it on the plate,glass_blur,1,4,3004,False,280
spatial,3,pick up the black bowl on the cookie box and place it on the plate,glass_blur,1,5,3005,True,131
spatial,3,pick up the black bowl on the cookie box and place it on the plate,glass_blur,1,6,3006,True,95
spatial,3,pick up the black bowl on the cookie box and place it on the plate,glass_blur,1,7,3007,True,192
spatial,3,pick up the black bowl on the cookie box and place it on the plate,glass_blur,1,8,3008,True,96
spatial,3,pick up the black bowl on the cookie box and place it on the plate,glass_blur,1,9,3009,True,77
spatial,3,pick up the black bowl on the cookie box and place it on the plate,glass_blur,1,10,3010,True,103
spatial,3,pick up the black bowl on the cookie box and place it on the plate,glass_blur,1,11,3011,True,164
spatial,3,pick up the black bowl on the cookie box and place it on the plate,glass_blur,1,12,3012,True,93
spatial,3,pick up the black bowl on the cookie box and place it on the plate,glass_blur,1,13,3013,True,80
spatial,3,pick up the black bowl on the cookie box and place it on the plate,glass_blur,1,14,3014,False,280
spatial,3,pick up the black bowl on the cookie box and place it on the plate,glass_blur,1,15,3015,False,280
spatial,3,pick up the black bowl on the cookie box and place it on the plate,glass_blur,1,16,3016,True,82
spatial,3,pick up the black bowl on the cookie box and place it on the plate,glass_blur,1,17,3017,True,92
spatial,3,pick up the black bowl on the cookie box and place it on the plate,glass_blur,1,18,3018,False,280
spatial,3,pick up the black bowl on the cookie box and place it on the plate,glass_blur,1,19,3019,True,103
spatial,3,pick up the black bowl on the cookie box and place it on the plate,glass_blur,1,20,3020,True,109
spatial,3,pick up the black bowl on the cookie box and place it on the plate,glass_blur,1,21,3021,True,88
spatial,3,pick up the black bowl on the cookie box and place it on the plate,glass_blur,1,22,3022,False,280
spatial,3,pick up the black bowl on the cookie box and place it on the plate,glass_blur,1,23,3023,False,280
spatial,3,pick up the black bowl on the cookie box and place it on the plate,glass_blur,1,24,3024,False,280
spatial,3,pick up the black bowl on the cookie box and place it on the plate,glass_blur,1,25,3025,True,89
spatial,3,pick up the black bowl on the cookie box and place it on the plate,glass_blur,1,26,3026,False,280
spatial,3,pick up the black bowl on the cookie box and place it on the plate,glass_blur,1,27,3027,True,86
spatial,3,pick up the black bowl on the cookie box and place it on the plate,glass_blur,1,28,3028,True,92
spatial,3,pick up the black bowl on the cookie box and place it on the plate,glass_blur,1,29,3029,False,280
spatial,3,pick up the black bowl on the cookie box and place it on the plate,glass_blur,1,30,3030,True,89
spatial,3,pick up the black bowl on the cookie box and place it on the plate,glass_blur,1,31,3031,True,87
spatial,3,pick up the black bowl on the cookie box and place it on the plate,glass_blur,1,32,3032,False,280
spatial,3,pick up the black bowl on the cookie box and place it on the plate,glass_blur,1,33,3033,True,93
spatial,3,pick up the black bowl on the cookie box and place it on the plate,glass_blur,1,34,3034,True,109
spatial,3,pick up the black bowl on the cookie box and place it on the plate,glass_blur,1,35,3035,True,95
spatial,3,pick up the black bowl on the cookie box and place it on the plate,glass_blur,1,36,3036,True,100
spatial,3,pick up the black bowl on the cookie box and place it on the plate,glass_blur,1,37,3037,False,280
spatial,3,pick up the black bowl on the cookie box and place it on the plate,glass_blur,1,38,3038,False,280
spatial,3,pick up the black bowl on the cookie box and place it on the plate,glass_blur,1,39,3039,True,94
spatial,3,pick up the black bowl on the cookie box and place it on the plate,glass_blur,1,40,3040,True,90
spatial,3,pick up the black bowl on the cookie box and place it on the plate,glass_blur,1,41,3041,True,87
spatial,3,pick up the black bowl on the cookie box and place it on the plate,glass_blur,1,42,3042,False,280
spatial,3,pick up the black bowl on the cookie box and place it on the plate,glass_blur,1,43,3043,False,280
spatial,3,pick up the black bowl on the cookie box and place it on the plate,glass_blur,1,44,3044,True,78
spatial,3,pick up the black bowl on the cookie box and place it on the plate,glass_blur,1,45,3045,False,280
spatial,3,pick up the black bowl on the cookie box and place it on the plate,glass_blur,1,46,3046,True,90
spatial,3,pick up the black bowl on the cookie box and place it on the plate,glass_blur,1,47,3047,True,81
spatial,3,pick up the black bowl on the cookie box and place it on the plate,glass_blur,1,48,3048,True,79
spatial,3,pick up the black bowl on the cookie box and place it on the plate,glass_blur,1,49,3049,False,280
spatial,4,pick up the black bowl in the top drawer of the wooden cabinet and place it on the plate,clean,0,0,4000,True,121
spatial,4,pick up the black bowl in the top drawer of the wooden cabinet and place it on the plate,clean,0,1,4001,True,123
spatial,4,pick up the black bowl in the top drawer of the wooden cabinet and place it on the plate,clean,0,2,4002,True,130
spatial,4,pick up the black bowl in the top drawer of the wooden cabinet and place it on the plate,clean,0,3,4003,True,126
spatial,4,pick up the black bowl in the top drawer of the wooden cabinet and place it on the plate,clean,0,4,4004,True,127
spatial,4,pick up the black bowl in the top drawer of the wooden cabinet and place it on the plate,clean,0,5,4005,True,138
spatial,4,pick up the black bowl in the top drawer of the wooden cabinet and place it on the plate,clean,0,6,4006,True,117
spatial,4,pick up the black bowl in the top drawer of the wooden cabinet and place it on the plate,clean,0,7,4007,True,130
spatial,4,pick up the black bowl in the top drawer of the wooden cabinet and place it on the plate,clean,0,8,4008,True,125
spatial,4,pick up the black bowl in the top drawer of the wooden cabinet and place it on the plate,clean,0,9,4009,True,134
spatial,4,pick up the black bowl in the top drawer of the wooden cabinet and place it on the plate,clean,0,10,4010,True,128
spatial,4,pick up the black bowl in the top drawer of the wooden cabinet and place it on the plate,clean,0,11,4011,True,122
spatial,4,pick up the black bowl in the top drawer of the wooden cabinet and place it on the plate,clean,0,12,4012,True,125
spatial,4,pick up the black bowl in the top drawer of the wooden cabinet and place it on the plate,clean,0,13,4013,False,280
spatial,4,pick up the black bowl in the top drawer of the wooden cabinet and place it on the plate,clean,0,14,4014,True,127
spatial,4,pick up the black bowl in the top drawer of the wooden cabinet and place it on the plate,clean,0,15,4015,False,280
spatial,4,pick up the black bowl in the top drawer of the wooden cabinet and place it on the plate,clean,0,16,4016,True,126
spatial,4,pick up the black bowl in the top drawer of the wooden cabinet and place it on the plate,clean,0,17,4017,True,126
spatial,4,pick up the black bowl in the top drawer of the wooden cabinet and place it on the plate,clean,0,18,4018,True,128
spatial,4,pick up the black bowl in the top drawer of the wooden cabinet and place it on the plate,clean,0,19,4019,True,124
spatial,4,pick up the black bowl in the top drawer of the wooden cabinet and place it on the plate,clean,0,20,4020,True,116
spatial,4,pick up the black bowl in the top drawer of the wooden cabinet and place it on the plate,clean,0,21,4021,True,121
spatial,4,pick up the black bowl in the top drawer of the wooden cabinet and place it on the plate,clean,0,22,4022,True,126
spatial,4,pick up the black bowl in the top drawer of the wooden cabinet and place it on the plate,clean,0,23,4023,True,120
spatial,4,pick up the black bowl in the top drawer of the wooden cabinet and place it on the plate,clean,0,24,4024,True,134
spatial,4,pick up the black bowl in the top drawer of the wooden cabinet and place it on the plate,clean,0,25,4025,True,129
spatial,4,pick up the black bowl in the top drawer of the wooden cabinet and place it on the plate,clean,0,26,4026,True,120
spatial,4,pick up the black bowl in the top drawer of the wooden cabinet and place it on the plate,clean,0,27,4027,False,280
spatial,4,pick up the black bowl in the top drawer of the wooden cabinet and place it on the plate,clean,0,28,4028,True,131
spatial,4,pick up the black bowl in the top drawer of the wooden cabinet and place it on the plate,clean,0,29,4029,True,122
spatial,4,pick up the black bowl in the top drawer of the wooden cabinet and place it on the plate,clean,0,30,4030,True,130
spatial,4,pick up the black bowl in the top drawer of the wooden cabinet and place it on the plate,clean,0,31,4031,True,124
spatial,4,pick up the black bowl in the top drawer of the wooden cabinet and place it on the plate,clean,0,32,4032,True,119
spatial,4,pick up the black bowl in the top drawer of the wooden cabinet and place it on the plate,clean,0,33,4033,True,128
spatial,4,pick up the black bowl in the top drawer of the wooden cabinet and place it on the plate,clean,0,34,4034,True,122
spatial,4,pick up the black bowl in the top drawer of the wooden cabinet and place it on the plate,clean,0,35,4035,True,119
spatial,4,pick up the black bowl in the top drawer of the wooden cabinet and place it on the plate,clean,0,36,4036,True,118
spatial,4,pick up the black bowl in the top drawer of the wooden cabinet and place it on the plate,clean,0,37,4037,True,122
spatial,4,pick up the black bowl in the top drawer of the wooden cabinet and place it on the plate,clean,0,38,4038,True,126
spatial,4,pick up the black bowl in the top drawer of the wooden cabinet and place it on the plate,clean,0,39,4039,True,124
spatial,4,pick up the black bowl in the top drawer of the wooden cabinet and place it on the plate,clean,0,40,4040,True,131
spatial,4,pick up the black bowl in the top drawer of the wooden cabinet and place it on the plate,clean,0,41,4041,True,134
spatial,4,pick up the black bowl in the top drawer of the wooden cabinet and place it on the plate,clean,0,42,4042,True,116
spatial,4,pick up the black bowl in the top drawer of the wooden cabinet and place it on the plate,clean,0,43,4043,True,123
spatial,4,pick up the black bowl in the top drawer of the wooden cabinet and place it on the plate,clean,0,44,4044,True,119
spatial,4,pick up the black bowl in the top drawer of the wooden cabinet and place it on the plate,clean,0,45,4045,True,129
spatial,4,pick up the black bowl in the top drawer of the wooden cabinet and place it on the plate,clean,0,46,4046,True,130
spatial,4,pick up the black bowl in the top drawer of the wooden cabinet and place it on the plate,clean,0,47,4047,True,132
spatial,4,pick up the black bowl in the top drawer of the wooden cabinet and place it on the plate,clean,0,48,4048,True,129
spatial,4,pick up the black bowl in the top drawer of the wooden cabinet and place it on the plate,clean,0,49,4049,True,123
spatial,4,pick up the black bowl in the top drawer of the wooden cabinet and place it on the plate,motion_blur,1,0,4000,False,280
spatial,4,pick up the black bowl in the top drawer of the wooden cabinet and place it on the plate,motion_blur,1,1,4001,True,137
spatial,4,pick up the black bowl in the top drawer of the wooden cabinet and place it on the plate,motion_blur,1,2,4002,True,128
spatial,4,pick up the black bowl in the top drawer of the wooden cabinet and place it on the plate,motion_blur,1,3,4003,False,280
spatial,4,pick up the black bowl in the top drawer of the wooden cabinet and place it on the plate,motion_blur,1,4,4004,False,280
spatial,4,pick up the black bowl in the top drawer of the wooden cabinet and place it on the plate,motion_blur,1,5,4005,False,280
spatial,4,pick up the black bowl in the top drawer of the wooden cabinet and place it on the plate,motion_blur,1,6,4006,False,280
spatial,4,pick up the black bowl in the top drawer of the wooden cabinet and place it on the plate,motion_blur,1,7,4007,True,173
spatial,4,pick up the black bowl in the top drawer of the wooden cabinet and place it on the plate,motion_blur,1,8,4008,False,280
spatial,4,pick up the black bowl in the top drawer of the wooden cabinet and place it on the plate,motion_blur,1,9,4009,False,280
spatial,4,pick up the black bowl in the top drawer of the wooden cabinet and place it on the plate,motion_blur,1,10,4010,False,280
spatial,4,pick up the black bowl in the top drawer of the wooden cabinet and place it on the plate,motion_blur,1,11,4011,False,280
spatial,4,pick up the black bowl in the top drawer of the wooden cabinet and place it on the plate,motion_blur,1,12,4012,False,280
spatial,4,pick up the black bowl in the top drawer of the wooden cabinet and place it on the plate,motion_blur,1,13,4013,True,151
spatial,4,pick up the black bowl in the top drawer of the wooden cabinet and place it on the plate,motion_blur,1,14,4014,False,280
spatial,4,pick up the black bowl in the top drawer of the wooden cabinet and place it on the plate,motion_blur,1,15,4015,True,200
spatial,4,pick up the black bowl in the top drawer of the wooden cabinet and place it on the plate,motion_blur,1,16,4016,True,143
spatial,4,pick up the black bowl in the top drawer of the wooden cabinet and place it on the plate,motion_blur,1,17,4017,False,280
spatial,4,pick up the black bowl in the top drawer of the wooden cabinet and place it on the plate,motion_blur,1,18,4018,False,280
spatial,4,pick up the black bowl in the top drawer of the wooden cabinet and place it on the plate,motion_blur,1,19,4019,True,124
spatial,4,pick up the black bowl in the top drawer of the wooden cabinet and place it on the plate,motion_blur,1,20,4020,True,145
spatial,4,pick up the black bowl in the top drawer of the wooden cabinet and place it on the plate,motion_blur,1,21,4021,False,280
spatial,4,pick up the black bowl in the top drawer of the wooden cabinet and place it on the plate,motion_blur,1,22,4022,False,280
spatial,4,pick up the black bowl in the top drawer of the wooden cabinet and place it on the plate,motion_blur,1,23,4023,True,130
spatial,4,pick up the black bowl in the top drawer of the wooden cabinet and place it on the plate,motion_blur,1,24,4024,True,123
spatial,4,pick up the black bowl in the top drawer of the wooden cabinet and place it on the plate,motion_blur,1,25,4025,False,280
spatial,4,pick up the black bowl in the top drawer of the wooden cabinet and place it on the plate,motion_blur,1,26,4026,False,280
spatial,4,pick up the black bowl in the top drawer of the wooden cabinet and place it on the plate,motion_blur,1,27,4027,False,280
spatial,4,pick up the black bowl in the top drawer of the wooden cabinet and place it on the plate,motion_blur,1,28,4028,False,280
spatial,4,pick up the black bowl in the top drawer of the wooden cabinet and place it on the plate,motion_blur,1,29,4029,True,183
spatial,4,pick up the black bowl in the top drawer of the wooden cabinet and place it on the plate,motion_blur,1,30,4030,True,207
spatial,4,pick up the black bowl in the top drawer of the wooden cabinet and place it on the plate,motion_blur,1,31,4031,False,280
spatial,4,pick up the black bowl in the top drawer of the wooden cabinet and place it on the plate,motion_blur,1,32,4032,False,280
spatial,4,pick up the black bowl in the top drawer of the wooden cabinet and place it on the plate,motion_blur,1,33,4033,True,143
spatial,4,pick up the black bowl in the top drawer of the wooden cabinet and place it on the plate,motion_blur,1,34,4034,True,252
spatial,4,pick up the black bowl in the top drawer of the wooden cabinet and place it on the plate,motion_blur,1,35,4035,True,238
spatial,4,pick up the black bowl in the top drawer of the wooden cabinet and place it on the plate,motion_blur,1,36,4036,True,224
spatial,4,pick up the black bowl in the top drawer of the wooden cabinet and place it on the plate,motion_blur,1,37,4037,False,280
spatial,4,pick up the black bowl in the top drawer of the wooden cabinet and place it on the plate,motion_blur,1,38,4038,False,280
spatial,4,pick up the black bowl in the top drawer of the wooden cabinet and place it on the plate,motion_blur,1,39,4039,False,280
spatial,4,pick up the black bowl in the top drawer of the wooden cabinet and place it on the plate,motion_blur,1,40,4040,True,213
spatial,4,pick up the black bowl in the top drawer of the wooden cabinet and place it on the plate,motion_blur,1,41,4041,False,280
spatial,4,pick up the black bowl in the top drawer of the wooden cabinet and place it on the plate,motion_blur,1,42,4042,False,280
spatial,4,pick up the black bowl in the top drawer of the wooden cabinet and place it on the plate,motion_blur,1,43,4043,False,280
spatial,4,pick up the black bowl in the top drawer of the wooden cabinet and place it on the plate,motion_blur,1,44,4044,True,273
spatial,4,pick up the black bowl in the top drawer of the wooden cabinet and place it on the plate,motion_blur,1,45,4045,True,133
spatial,4,pick up the black bowl in the top drawer of the wooden cabinet and place it on the plate,motion_blur,1,46,4046,False,280
spatial,4,pick up the black bowl in the top drawer of the wooden cabinet and place it on the plate,motion_blur,1,47,4047,True,251
spatial,4,pick up the black bowl in the top drawer of the wooden cabinet and place it on the plate,motion_blur,1,48,4048,True,222
spatial,4,pick up the black bowl in the top drawer of the wooden cabinet and place it on the plate,motion_blur,1,49,4049,True,242
spatial,4,pick up the black bowl in the top drawer of the wooden cabinet and place it on the plate,gaussian_blur,1,0,4000,True,207
spatial,4,pick up the black bowl in the top drawer of the wooden cabinet and place it on the plate,gaussian_blur,1,1,4001,False,280
spatial,4,pick up the black bowl in the top drawer of the wooden cabinet and place it on the plate,gaussian_blur,1,2,4002,False,280
spatial,4,pick up the black bowl in the top drawer of the wooden cabinet and place it on the plate,gaussian_blur,1,3,4003,False,280
spatial,4,pick up the black bowl in the top drawer of the wooden cabinet and place it on the plate,gaussian_blur,1,4,4004,False,280
spatial,4,pick up the black bowl in the top drawer of the wooden cabinet and place it on the plate,gaussian_blur,1,5,4005,False,280
spatial,4,pick up the black bowl in the top drawer of the wooden cabinet and place it on the plate,gaussian_blur,1,6,4006,False,280
spatial,4,pick up the black bowl in the top drawer of the wooden cabinet and place it on the plate,gaussian_blur,1,7,4007,True,127
spatial,4,pick up the black bowl in the top drawer of the wooden cabinet and place it on the plate,gaussian_blur,1,8,4008,True,126
spatial,4,pick up the black bowl in the top drawer of the wooden cabinet and place it on the plate,gaussian_blur,1,9,4009,False,280
spatial,4,pick up the black bowl in the top drawer of the wooden cabinet and place it on the plate,gaussian_blur,1,10,4010,True,132
spatial,4,pick up the black bowl in the top drawer of the wooden cabinet and place it on the plate,gaussian_blur,1,11,4011,True,121
spatial,4,pick up the black bowl in the top drawer of the wooden cabinet and place it on the plate,gaussian_blur,1,12,4012,False,280
spatial,4,pick up the black bowl in the top drawer of the wooden cabinet and place it on the plate,gaussian_blur,1,13,4013,True,193
spatial,4,pick up the black bowl in the top drawer of the wooden cabinet and place it on the plate,gaussian_blur,1,14,4014,False,280
spatial,4,pick up the black bowl in the top drawer of the wooden cabinet and place it on the plate,gaussian_blur,1,15,4015,False,280
spatial,4,pick up the black bowl in the top drawer of the wooden cabinet and place it on the plate,gaussian_blur,1,16,4016,False,280
spatial,4,pick up the black bowl in the top drawer of the wooden cabinet and place it on the plate,gaussian_blur,1,17,4017,True,132
spatial,4,pick up the black bowl in the top drawer of the wooden cabinet and place it on the plate,gaussian_blur,1,18,4018,False,280
spatial,4,pick up the black bowl in the top drawer of the wooden cabinet and place it on the plate,gaussian_blur,1,19,4019,False,280
spatial,4,pick up the black bowl in the top drawer of the wooden cabinet and place it on the plate,gaussian_blur,1,20,4020,False,280
spatial,4,pick up the black bowl in the top drawer of the wooden cabinet and place it on the plate,gaussian_blur,1,21,4021,False,280
spatial,4,pick up the black bowl in the top drawer of the wooden cabinet and place it on the plate,gaussian_blur,1,22,4022,False,280
spatial,4,pick up the black bowl in the top drawer of the wooden cabinet and place it on the plate,gaussian_blur,1,23,4023,False,280
spatial,4,pick up the black bowl in the top drawer of the wooden cabinet and place it on the plate,gaussian_blur,1,24,4024,False,280
spatial,4,pick up the black bowl in the top drawer of the wooden cabinet and place it on the plate,gaussian_blur,1,25,4025,False,280
spatial,4,pick up the black bowl in the top drawer of the wooden cabinet and place it on the plate,gaussian_blur,1,26,4026,False,280
spatial,4,pick up the black bowl in the top drawer of the wooden cabinet and place it on the plate,gaussian_blur,1,27,4027,True,123
spatial,4,pick up the black bowl in the top drawer of the wooden cabinet and place it on the plate,gaussian_blur,1,28,4028,False,280
spatial,4,pick up the black bowl in the top drawer of the wooden cabinet and place it on the plate,gaussian_blur,1,29,4029,False,280
spatial,4,pick up the black bowl in the top drawer of the wooden cabinet and place it on the plate,gaussian_blur,1,30,4030,True,130
spatial,4,pick up the black bowl in the top drawer of the wooden cabinet and place it on the plate,gaussian_blur,1,31,4031,False,280
spatial,4,pick up the black bowl in the top drawer of the wooden cabinet and place it on the plate,gaussian_blur,1,32,4032,False,280
spatial,4,pick up the black bowl in the top drawer of the wooden cabinet and place it on the plate,gaussian_blur,1,33,4033,True,124
spatial,4,pick up the black bowl in the top drawer of the wooden cabinet and place it on the plate,gaussian_blur,1,34,4034,False,280
spatial,4,pick up the black bowl in the top drawer of the wooden cabinet and place it on the plate,gaussian_blur,1,35,4035,False,280
spatial,4,pick up the black bowl in the top drawer of the wooden cabinet and place it on the plate,gaussian_blur,1,36,4036,False,280
spatial,4,pick up the black bowl in the top drawer of the wooden cabinet and place it on the plate,gaussian_blur,1,37,4037,False,280
spatial,4,pick up the black bowl in the top drawer of the wooden cabinet and place it on the plate,gaussian_blur,1,38,4038,False,280
spatial,4,pick up the black bowl in the top drawer of the wooden cabinet and place it on the plate,gaussian_blur,1,39,4039,True,234
spatial,4,pick up the black bowl in the top drawer of the wooden cabinet and place it on the plate,gaussian_blur,1,40,4040,True,200
spatial,4,pick up the black bowl in the top drawer of the wooden cabinet and place it on the plate,gaussian_blur,1,41,4041,False,280
spatial,4,pick up the black bowl in the top drawer of the wooden cabinet and place it on the plate,gaussian_blur,1,42,4042,False,280
spatial,4,pick up the black bowl in the top drawer of the wooden cabinet and place it on the plate,gaussian_blur,1,43,4043,False,280
spatial,4,pick up the black bowl in the top drawer of the wooden cabinet and place it on the plate,gaussian_blur,1,44,4044,False,280
spatial,4,pick up the black bowl in the top drawer of the wooden cabinet and place it on the plate,gaussian_blur,1,45,4045,False,280
spatial,4,pick up the black bowl in the top drawer of the wooden cabinet and place it on the plate,gaussian_blur,1,46,4046,False,280
spatial,4,pick up the black bowl in the top drawer of the wooden cabinet and place it on the plate,gaussian_blur,1,47,4047,False,280
spatial,4,pick up the black bowl in the top drawer of the wooden cabinet and place it on the plate,gaussian_blur,1,48,4048,True,243
spatial,4,pick up the black bowl in the top drawer of the wooden cabinet and place it on the plate,gaussian_blur,1,49,4049,True,116
spatial,4,pick up the black bowl in the top drawer of the wooden cabinet and place it on the plate,zoom_blur,1,0,4000,True,127
spatial,4,pick up the black bowl in the top drawer of the wooden cabinet and place it on the plate,zoom_blur,1,1,4001,False,280
spatial,4,pick up the black bowl in the top drawer of the wooden cabinet and place it on the plate,zoom_blur,1,2,4002,True,132
spatial,4,pick up the black bowl in the top drawer of the wooden cabinet and place it on the plate,zoom_blur,1,3,4003,True,127
spatial,4,pick up the black bowl in the top drawer of the wooden cabinet and place it on the plate,zoom_blur,1,4,4004,True,111
spatial,4,pick up the black bowl in the top drawer of the wooden cabinet and place it on the plate,zoom_blur,1,5,4005,True,122
spatial,4,pick up the black bowl in the top drawer of the wooden cabinet and place it on the plate,zoom_blur,1,6,4006,True,115
spatial,4,pick up the black bowl in the top drawer of the wooden cabinet and place it on the plate,zoom_blur,1,7,4007,True,123
spatial,4,pick up the black bowl in the top drawer of the wooden cabinet and place it on the plate,zoom_blur,1,8,4008,True,114
spatial,4,pick up the black bowl in the top drawer of the wooden cabinet and place it on the plate,zoom_blur,1,9,4009,True,118
spatial,4,pick up the black bowl in the top drawer of the wooden cabinet and place it on the plate,zoom_blur,1,10,4010,True,112
spatial,4,pick up the black bowl in the top drawer of the wooden cabinet and place it on the plate,zoom_blur,1,11,4011,True,126
spatial,4,pick up the black bowl in the top drawer of the wooden cabinet and place it on the plate,zoom_blur,1,12,4012,True,157
spatial,4,pick up the black bowl in the top drawer of the wooden cabinet and place it on the plate,zoom_blur,1,13,4013,True,119
spatial,4,pick up the black bowl in the top drawer of the wooden cabinet and place it on the plate,zoom_blur,1,14,4014,True,125
spatial,4,pick up the black bowl in the top drawer of the wooden cabinet and place it on the plate,zoom_blur,1,15,4015,True,118
spatial,4,pick up the black bowl in the top drawer of the wooden cabinet and place it on the plate,zoom_blur,1,16,4016,True,118
spatial,4,pick up the black bowl in the top drawer of the wooden cabinet and place it on the plate,zoom_blur,1,17,4017,False,280
spatial,4,pick up the black bowl in the top drawer of the wooden cabinet and place it on the plate,zoom_blur,1,18,4018,True,123
spatial,4,pick up the black bowl in the top drawer of the wooden cabinet and place it on the plate,zoom_blur,1,19,4019,True,121
spatial,4,pick up the black bowl in the top drawer of the wooden cabinet and place it on the plate,zoom_blur,1,20,4020,True,116
spatial,4,pick up the black bowl in the top drawer of the wooden cabinet and place it on the plate,zoom_blur,1,21,4021,True,122
spatial,4,pick up the black bowl in the top drawer of the wooden cabinet and place it on the plate,zoom_blur,1,22,4022,True,117
spatial,4,pick up the black bowl in the top drawer of the wooden cabinet and place it on the plate,zoom_blur,1,23,4023,True,123
spatial,4,pick up the black bowl in the top drawer of the wooden cabinet and place it on the plate,zoom_blur,1,24,4024,True,130
spatial,4,pick up the black bowl in the top drawer of the wooden cabinet and place it on the plate,zoom_blur,1,25,4025,True,125
spatial,4,pick up the black bowl in the top drawer of the wooden cabinet and place it on the plate,zoom_blur,1,26,4026,True,125
spatial,4,pick up the black bowl in the top drawer of the wooden cabinet and place it on the plate,zoom_blur,1,27,4027,False,280
spatial,4,pick up the black bowl in the top drawer of the wooden cabinet and place it on the plate,zoom_blur,1,28,4028,True,123
spatial,4,pick up the black bowl in the top drawer of the wooden cabinet and place it on the plate,zoom_blur,1,29,4029,True,125
spatial,4,pick up the black bowl in the top drawer of the wooden cabinet and place it on the plate,zoom_blur,1,30,4030,True,124
spatial,4,pick up the black bowl in the top drawer of the wooden cabinet and place it on the plate,zoom_blur,1,31,4031,True,119
spatial,4,pick up the black bowl in the top drawer of the wooden cabinet and place it on the plate,zoom_blur,1,32,4032,False,280
spatial,4,pick up the black bowl in the top drawer of the wooden cabinet and place it on the plate,zoom_blur,1,33,4033,True,117
spatial,4,pick up the black bowl in the top drawer of the wooden cabinet and place it on the plate,zoom_blur,1,34,4034,True,130
spatial,4,pick up the black bowl in the top drawer of the wooden cabinet and place it on the plate,zoom_blur,1,35,4035,False,280
spatial,4,pick up the black bowl in the top drawer of the wooden cabinet and place it on the plate,zoom_blur,1,36,4036,True,119
spatial,4,pick up the black bowl in the top drawer of the wooden cabinet and place it on the plate,zoom_blur,1,37,4037,True,127
spatial,4,pick up the black bowl in the top drawer of the wooden cabinet and place it on the plate,zoom_blur,1,38,4038,True,127
spatial,4,pick up the black bowl in the top drawer of the wooden cabinet and place it on the plate,zoom_blur,1,39,4039,True,120
spatial,4,pick up the black bowl in the top drawer of the wooden cabinet and place it on the plate,zoom_blur,1,40,4040,True,160
spatial,4,pick up the black bowl in the top drawer of the wooden cabinet and place it on the plate,zoom_blur,1,41,4041,True,125
spatial,4,pick up the black bowl in the top drawer of the wooden cabinet and place it on the plate,zoom_blur,1,42,4042,True,124
spatial,4,pick up the black bowl in the top drawer of the wooden cabinet and place it on the plate,zoom_blur,1,43,4043,False,280
spatial,4,pick up the black bowl in the top drawer of the wooden cabinet and place it on the plate,zoom_blur,1,44,4044,False,280
spatial,4,pick up the black bowl in the top drawer of the wooden cabinet and place it on the plate,zoom_blur,1,45,4045,True,118
spatial,4,pick up the black bowl in the top drawer of the wooden cabinet and place it on the plate,zoom_blur,1,46,4046,False,280
spatial,4,pick up the black bowl in the top drawer of the wooden cabinet and place it on the plate,zoom_blur,1,47,4047,True,130
spatial,4,pick up the black bowl in the top drawer of the wooden cabinet and place it on the plate,zoom_blur,1,48,4048,False,280
spatial,4,pick up the black bowl in the top drawer of the wooden cabinet and place it on the plate,zoom_blur,1,49,4049,False,280
spatial,4,pick up the black bowl in the top drawer of the wooden cabinet and place it on the plate,fog,1,0,4000,True,118
spatial,4,pick up the black bowl in the top drawer of the wooden cabinet and place it on the plate,fog,1,1,4001,False,280
spatial,4,pick up the black bowl in the top drawer of the wooden cabinet and place it on the plate,fog,1,2,4002,True,143
spatial,4,pick up the black bowl in the top drawer of the wooden cabinet and place it on the plate,fog,1,3,4003,True,133
spatial,4,pick up the black bowl in the top drawer of the wooden cabinet and place it on the plate,fog,1,4,4004,True,140
spatial,4,pick up the black bowl in the top drawer of the wooden cabinet and place it on the plate,fog,1,5,4005,False,280
spatial,4,pick up the black bowl in the top drawer of the wooden cabinet and place it on the plate,fog,1,6,4006,True,127
spatial,4,pick up the black bowl in the top drawer of the wooden cabinet and place it on the plate,fog,1,7,4007,True,136
spatial,4,pick up the black bowl in the top drawer of the wooden cabinet and place it on the plate,fog,1,8,4008,True,130
spatial,4,pick up the black bowl in the top drawer of the wooden cabinet and place it on the plate,fog,1,9,4009,False,280
spatial,4,pick up the black bowl in the top drawer of the wooden cabinet and place it on the plate,fog,1,10,4010,True,130
spatial,4,pick up the black bowl in the top drawer of the wooden cabinet and place it on the plate,fog,1,11,4011,True,136
spatial,4,pick up the black bowl in the top drawer of the wooden cabinet and place it on the plate,fog,1,12,4012,True,130
spatial,4,pick up the black bowl in the top drawer of the wooden cabinet and place it on the plate,fog,1,13,4013,True,137
spatial,4,pick up the black bowl in the top drawer of the wooden cabinet and place it on the plate,fog,1,14,4014,True,131
spatial,4,pick up the black bowl in the top drawer of the wooden cabinet and place it on the plate,fog,1,15,4015,False,280
spatial,4,pick up the black bowl in the top drawer of the wooden cabinet and place it on the plate,fog,1,16,4016,False,280
spatial,4,pick up the black bowl in the top drawer of the wooden cabinet and place it on the plate,fog,1,17,4017,False,280
spatial,4,pick up the black bowl in the top drawer of the wooden cabinet and place it on the plate,fog,1,18,4018,True,127
spatial,4,pick up the black bowl in the top drawer of the wooden cabinet and place it on the plate,fog,1,19,4019,True,147
spatial,4,pick up the black bowl in the top drawer of the wooden cabinet and place it on the plate,fog,1,20,4020,True,140
spatial,4,pick up the black bowl in the top drawer of the wooden cabinet and place it on the plate,fog,1,21,4021,True,141
spatial,4,pick up the black bowl in the top drawer of the wooden cabinet and place it on the plate,fog,1,22,4022,True,200
spatial,4,pick up the black bowl in the top drawer of the wooden cabinet and place it on the plate,fog,1,23,4023,True,132
spatial,4,pick up the black bowl in the top drawer of the wooden cabinet and place it on the plate,fog,1,24,4024,True,131
spatial,4,pick up the black bowl in the top drawer of the wooden cabinet and place it on the plate,fog,1,25,4025,False,280
spatial,4,pick up the black bowl in the top drawer of the wooden cabinet and place it on the plate,fog,1,26,4026,False,280
spatial,4,pick up the black bowl in the top drawer of the wooden cabinet and place it on the plate,fog,1,27,4027,True,132
spatial,4,pick up the black bowl in the top drawer of the wooden cabinet and place it on the plate,fog,1,28,4028,False,280
spatial,4,pick up the black bowl in the top drawer of the wooden cabinet and place it on the plate,fog,1,29,4029,True,133
spatial,4,pick up the black bowl in the top drawer of the wooden cabinet and place it on the plate,fog,1,30,4030,False,280
spatial,4,pick up the black bowl in the top drawer of the wooden cabinet and place it on the plate,fog,1,31,4031,False,280
spatial,4,pick up the black bowl in the top drawer of the wooden cabinet and place it on the plate,fog,1,32,4032,False,280
spatial,4,pick up the black bowl in the top drawer of the wooden cabinet and place it on the plate,fog,1,33,4033,False,280
spatial,4,pick up the black bowl in the top drawer of the wooden cabinet and place it on the plate,fog,1,34,4034,True,138
spatial,4,pick up the black bowl in the top drawer of the wooden cabinet and place it on the plate,fog,1,35,4035,False,280
spatial,4,pick up the black bowl in the top drawer of the wooden cabinet and place it on the plate,fog,1,36,4036,False,280
spatial,4,pick up the black bowl in the top drawer of the wooden cabinet and place it on the plate,fog,1,37,4037,True,133
spatial,4,pick up the black bowl in the top drawer of the wooden cabinet and place it on the plate,fog,1,38,4038,True,129
spatial,4,pick up the black bowl in the top drawer of the wooden cabinet and place it on the plate,fog,1,39,4039,False,280
spatial,4,pick up the black bowl in the top drawer of the wooden cabinet and place it on the plate,fog,1,40,4040,False,280
spatial,4,pick up the black bowl in the top drawer of the wooden cabinet and place it on the plate,fog,1,41,4041,True,123
spatial,4,pick up the black bowl in the top drawer of the wooden cabinet and place it on the plate,fog,1,42,4042,False,280
spatial,4,pick up the black bowl in the top drawer of the wooden cabinet and place it on the plate,fog,1,43,4043,False,280
spatial,4,pick up the black bowl in the top drawer of the wooden cabinet and place it on the plate,fog,1,44,4044,True,127
spatial,4,pick up the black bowl in the top drawer of the wooden cabinet and place it on the plate,fog,1,45,4045,False,280
spatial,4,pick up the black bowl in the top drawer of the wooden cabinet and place it on the plate,fog,1,46,4046,True,129
spatial,4,pick up the black bowl in the top drawer of the wooden cabinet and place it on the plate,fog,1,47,4047,False,280
spatial,4,pick up the black bowl in the top drawer of the wooden cabinet and place it on the plate,fog,1,48,4048,False,280
spatial,4,pick up the black bowl in the top drawer of the wooden cabinet and place it on the plate,fog,1,49,4049,False,280
spatial,4,pick up the black bowl in the top drawer of the wooden cabinet and place it on the plate,glass_blur,1,0,4000,True,121
spatial,4,pick up the black bowl in the top drawer of the wooden cabinet and place it on the plate,glass_blur,1,1,4001,False,280
spatial,4,pick up the black bowl in the top drawer of the wooden cabinet and place it on the plate,glass_blur,1,2,4002,False,280
spatial,4,pick up the black bowl in the top drawer of the wooden cabinet and place it on the plate,glass_blur,1,3,4003,False,280
spatial,4,pick up the black bowl in the top drawer of the wooden cabinet and place it on the plate,glass_blur,1,4,4004,False,280
spatial,4,pick up the black bowl in the top drawer of the wooden cabinet and place it on the plate,glass_blur,1,5,4005,True,120
spatial,4,pick up the black bowl in the top drawer of the wooden cabinet and place it on the plate,glass_blur,1,6,4006,False,280
spatial,4,pick up the black bowl in the top drawer of the wooden cabinet and place it on the plate,glass_blur,1,7,4007,False,280
spatial,4,pick up the black bowl in the top drawer of the wooden cabinet and place it on the plate,glass_blur,1,8,4008,False,280
spatial,4,pick up the black bowl in the top drawer of the wooden cabinet and place it on the plate,glass_blur,1,9,4009,False,280
spatial,4,pick up the black bowl in the top drawer of the wooden cabinet and place it on the plate,glass_blur,1,10,4010,False,280
spatial,4,pick up the black bowl in the top drawer of the wooden cabinet and place it on the plate,glass_blur,1,11,4011,False,280
spatial,4,pick up the black bowl in the top drawer of the wooden cabinet and place it on the plate,glass_blur,1,12,4012,False,280
spatial,4,pick up the black bowl in the top drawer of the wooden cabinet and place it on the plate,glass_blur,1,13,4013,False,280
spatial,4,pick up the black bowl in the top drawer of the wooden cabinet and place it on the plate,glass_blur,1,14,4014,False,280
spatial,4,pick up the black bowl in the top drawer of the wooden cabinet and place it on the plate,glass_blur,1,15,4015,False,280
spatial,4,pick up the black bowl in the top drawer of the wooden cabinet and place it on the plate,glass_blur,1,16,4016,False,280
spatial,4,pick up the black bowl in the top drawer of the wooden cabinet and place it on the plate,glass_blur,1,17,4017,False,280
spatial,4,pick up the black bowl in the top drawer of the wooden cabinet and place it on the plate,glass_blur,1,18,4018,False,280
spatial,4,pick up the black bowl in the top drawer of the wooden cabinet and place it on the plate,glass_blur,1,19,4019,True,122
spatial,4,pick up the black bowl in the top drawer of the wooden cabinet and place it on the plate,glass_blur,1,20,4020,False,280
spatial,4,pick up the black bowl in the top drawer of the wooden cabinet and place it on the plate,glass_blur,1,21,4021,True,138
spatial,4,pick up the black bowl in the top drawer of the wooden cabinet and place it on the plate,glass_blur,1,22,4022,False,280
spatial,4,pick up the black bowl in the top drawer of the wooden cabinet and place it on the plate,glass_blur,1,23,4023,False,280
spatial,4,pick up the black bowl in the top drawer of the wooden cabinet and place it on the plate,glass_blur,1,24,4024,False,280
spatial,4,pick up the black bowl in the top drawer of the wooden cabinet and place it on the plate,glass_blur,1,25,4025,False,280
spatial,4,pick up the black bowl in the top drawer of the wooden cabinet and place it on the plate,glass_blur,1,26,4026,True,122
spatial,4,pick up the black bowl in the top drawer of the wooden cabinet and place it on the plate,glass_blur,1,27,4027,False,280
spatial,4,pick up the black bowl in the top drawer of the wooden cabinet and place it on the plate,glass_blur,1,28,4028,False,280
spatial,4,pick up the black bowl in the top drawer of the wooden cabinet and place it on the plate,glass_blur,1,29,4029,True,134
spatial,4,pick up the black bowl in the top drawer of the wooden cabinet and place it on the plate,glass_blur,1,30,4030,False,280
spatial,4,pick up the black bowl in the top drawer of the wooden cabinet and place it on the plate,glass_blur,1,31,4031,True,125
spatial,4,pick up the black bowl in the top drawer of the wooden cabinet and place it on the plate,glass_blur,1,32,4032,False,280
spatial,4,pick up the black bowl in the top drawer of the wooden cabinet and place it on the plate,glass_blur,1,33,4033,False,280
spatial,4,pick up the black bowl in the top drawer of the wooden cabinet and place it on the plate,glass_blur,1,34,4034,False,280
spatial,4,pick up the black bowl in the top drawer of the wooden cabinet and place it on the plate,glass_blur,1,35,4035,False,280
spatial,4,pick up the black bowl in the top drawer of the wooden cabinet and place it on the plate,glass_blur,1,36,4036,False,280
spatial,4,pick up the black bowl in the top drawer of the wooden cabinet and place it on the plate,glass_blur,1,37,4037,False,280
spatial,4,pick up the black bowl in the top drawer of the wooden cabinet and place it on the plate,glass_blur,1,38,4038,False,280
spatial,4,pick up the black bowl in the top drawer of the wooden cabinet and place it on the plate,glass_blur,1,39,4039,False,280
spatial,4,pick up the black bowl in the top drawer of the wooden cabinet and place it on the plate,glass_blur,1,40,4040,False,280
spatial,4,pick up the black bowl in the top drawer of the wooden cabinet and place it on the plate,glass_blur,1,41,4041,False,280
spatial,4,pick up the black bowl in the top drawer of the wooden cabinet and place it on the plate,glass_blur,1,42,4042,False,280
spatial,4,pick up the black bowl in the top drawer of the wooden cabinet and place it on the plate,glass_blur,1,43,4043,False,280
spatial,4,pick up the black bowl in the top drawer of the wooden cabinet and place it on the plate,glass_blur,1,44,4044,False,280
spatial,4,pick up the black bowl in the top drawer of the wooden cabinet and place it on the plate,glass_blur,1,45,4045,False,280
spatial,4,pick up the black bowl in the top drawer of the wooden cabinet and place it on the plate,glass_blur,1,46,4046,False,280
spatial,4,pick up the black bowl in the top drawer of the wooden cabinet and place it on the plate,glass_blur,1,47,4047,False,280
spatial,4,pick up the black bowl in the top drawer of the wooden cabinet and place it on the plate,glass_blur,1,48,4048,False,280
spatial,4,pick up the black bowl in the top drawer of the wooden cabinet and place it on the plate,glass_blur,1,49,4049,False,280
object,0,pick up the alphabet soup and place it in the basket,clean,0,0,100000,True,157
object,0,pick up the alphabet soup and place it in the basket,clean,0,1,100001,True,183
object,0,pick up the alphabet soup and place it in the basket,clean,0,2,100002,False,280
object,0,pick up the alphabet soup and place it in the basket,clean,0,3,100003,True,232
object,0,pick up the alphabet soup and place it in the basket,clean,0,4,100004,True,158
object,0,pick up the alphabet soup and place it in the basket,clean,0,5,100005,True,165
object,0,pick up the alphabet soup and place it in the basket,clean,0,6,100006,True,162
object,0,pick up the alphabet soup and place it in the basket,clean,0,7,100007,True,145
object,0,pick up the alphabet soup and place it in the basket,clean,0,8,100008,False,280
object,0,pick up the alphabet soup and place it in the basket,clean,0,9,100009,True,149
object,0,pick up the alphabet soup and place it in the basket,clean,0,10,100010,True,153
object,0,pick up the alphabet soup and place it in the basket,clean,0,11,100011,True,258
object,0,pick up the alphabet soup and place it in the basket,clean,0,12,100012,True,142
object,0,pick up the alphabet soup and place it in the basket,clean,0,13,100013,True,244
object,0,pick up the alphabet soup and place it in the basket,clean,0,14,100014,True,176
object,0,pick up the alphabet soup and place it in the basket,clean,0,15,100015,True,150
object,0,pick up the alphabet soup and place it in the basket,clean,0,16,100016,True,162
object,0,pick up the alphabet soup and place it in the basket,clean,0,17,100017,True,146
object,0,pick up the alphabet soup and place it in the basket,clean,0,18,100018,False,280
object,0,pick up the alphabet soup and place it in the basket,clean,0,19,100019,True,227
object,0,pick up the alphabet soup and place it in the basket,clean,0,20,100020,True,153
object,0,pick up the alphabet soup and place it in the basket,clean,0,21,100021,False,280
object,0,pick up the alphabet soup and place it in the basket,clean,0,22,100022,True,151
object,0,pick up the alphabet soup and place it in the basket,clean,0,23,100023,False,280
object,0,pick up the alphabet soup and place it in the basket,clean,0,24,100024,True,168
object,0,pick up the alphabet soup and place it in the basket,clean,0,25,100025,True,150
object,0,pick up the alphabet soup and place it in the basket,clean,0,26,100026,True,182
object,0,pick up the alphabet soup and place it in the basket,clean,0,27,100027,False,280
object,0,pick up the alphabet soup and place it in the basket,clean,0,28,100028,False,280
object,0,pick up the alphabet soup and place it in the basket,clean,0,29,100029,True,220
object,0,pick up the alphabet soup and place it in the basket,clean,0,30,100030,True,180
object,0,pick up the alphabet soup and place it in the basket,clean,0,31,100031,True,151
object,0,pick up the alphabet soup and place it in the basket,clean,0,32,100032,True,147
object,0,pick up the alphabet soup and place it in the basket,clean,0,33,100033,True,150
object,0,pick up the alphabet soup and place it in the basket,clean,0,34,100034,True,147
object,0,pick up the alphabet soup and place it in the basket,clean,0,35,100035,True,168
object,0,pick up the alphabet soup and place it in the basket,clean,0,36,100036,False,280
object,0,pick up the alphabet soup and place it in the basket,clean,0,37,100037,False,280
object,0,pick up the alphabet soup and place it in the basket,clean,0,38,100038,True,177
object,0,pick up the alphabet soup and place it in the basket,clean,0,39,100039,True,185
object,0,pick up the alphabet soup and place it in the basket,clean,0,40,100040,True,149
object,0,pick up the alphabet soup and place it in the basket,clean,0,41,100041,True,144
object,0,pick up the alphabet soup and place it in the basket,clean,0,42,100042,True,148
object,0,pick up the alphabet soup and place it in the basket,clean,0,43,100043,False,280
object,0,pick up the alphabet soup and place it in the basket,clean,0,44,100044,True,235
object,0,pick up the alphabet soup and place it in the basket,clean,0,45,100045,True,154
object,0,pick up the alphabet soup and place it in the basket,clean,0,46,100046,False,280
object,0,pick up the alphabet soup and place it in the basket,clean,0,47,100047,True,151
object,0,pick up the alphabet soup and place it in the basket,clean,0,48,100048,True,135
object,0,pick up the alphabet soup and place it in the basket,clean,0,49,100049,True,163
object,0,pick up the alphabet soup and place it in the basket,motion_blur,1,0,100000,False,280
object,0,pick up the alphabet soup and place it in the basket,motion_blur,1,1,100001,True,239
object,0,pick up the alphabet soup and place it in the basket,motion_blur,1,2,100002,False,280
object,0,pick up the alphabet soup and place it in the basket,motion_blur,1,3,100003,False,280
object,0,pick up the alphabet soup and place it in the basket,motion_blur,1,4,100004,False,280
object,0,pick up the alphabet soup and place it in the basket,motion_blur,1,5,100005,False,280
object,0,pick up the alphabet soup and place it in the basket,motion_blur,1,6,100006,False,280
object,0,pick up the alphabet soup and place it in the basket,motion_blur,1,7,100007,False,280
object,0,pick up the alphabet soup and place it in the basket,motion_blur,1,8,100008,False,280
object,0,pick up the alphabet soup and place it in the basket,motion_blur,1,9,100009,False,280
object,0,pick up the alphabet soup and place it in the basket,motion_blur,1,10,100010,False,280
object,0,pick up the alphabet soup and place it in the basket,motion_blur,1,11,100011,False,280
object,0,pick up the alphabet soup and place it in the basket,motion_blur,1,12,100012,False,280
object,0,pick up the alphabet soup and place it in the basket,motion_blur,1,13,100013,False,280
object,0,pick up the alphabet soup and place it in the basket,motion_blur,1,14,100014,False,280
object,0,pick up the alphabet soup and place it in the basket,motion_blur,1,15,100015,False,280
object,0,pick up the alphabet soup and place it in the basket,motion_blur,1,16,100016,False,280
object,0,pick up the alphabet soup and place it in the basket,motion_blur,1,17,100017,False,280
object,0,pick up the alphabet soup and place it in the basket,motion_blur,1,18,100018,True,254
object,0,pick up the alphabet soup and place it in the basket,motion_blur,1,19,100019,False,280
object,0,pick up the alphabet soup and place it in the basket,motion_blur,1,20,100020,False,280
object,0,pick up the alphabet soup and place it in the basket,motion_blur,1,21,100021,False,280
object,0,pick up the alphabet soup and place it in the basket,motion_blur,1,22,100022,False,280
object,0,pick up the alphabet soup and place it in the basket,motion_blur,1,23,100023,False,280
object,0,pick up the alphabet soup and place it in the basket,motion_blur,1,24,100024,False,280
object,0,pick up the alphabet soup and place it in the basket,motion_blur,1,25,100025,False,280
object,0,pick up the alphabet soup and place it in the basket,motion_blur,1,26,100026,False,280
object,0,pick up the alphabet soup and place it in the basket,motion_blur,1,27,100027,False,280
object,0,pick up the alphabet soup and place it in the basket,motion_blur,1,28,100028,False,280
object,0,pick up the alphabet soup and place it in the basket,motion_blur,1,29,100029,False,280
object,0,pick up the alphabet soup and place it in the basket,motion_blur,1,30,100030,False,280
object,0,pick up the alphabet soup and place it in the basket,motion_blur,1,31,100031,False,280
object,0,pick up the alphabet soup and place it in the basket,motion_blur,1,32,100032,True,181
object,0,pick up the alphabet soup and place it in the basket,motion_blur,1,33,100033,False,280
object,0,pick up the alphabet soup and place it in the basket,motion_blur,1,34,100034,False,280
object,0,pick up the alphabet soup and place it in the basket,motion_blur,1,35,100035,False,280
object,0,pick up the alphabet soup and place it in the basket,motion_blur,1,36,100036,True,258
object,0,pick up the alphabet soup and place it in the basket,motion_blur,1,37,100037,False,280
object,0,pick up the alphabet soup and place it in the basket,motion_blur,1,38,100038,False,280
object,0,pick up the alphabet soup and place it in the basket,motion_blur,1,39,100039,False,280
object,0,pick up the alphabet soup and place it in the basket,motion_blur,1,40,100040,False,280
object,0,pick up the alphabet soup and place it in the basket,motion_blur,1,41,100041,False,280
object,0,pick up the alphabet soup and place it in the basket,motion_blur,1,42,100042,False,280
object,0,pick up the alphabet soup and place it in the basket,motion_blur,1,43,100043,False,280
object,0,pick up the alphabet soup and place it in the basket,motion_blur,1,44,100044,False,280
object,0,pick up the alphabet soup and place it in the basket,motion_blur,1,45,100045,False,280
object,0,pick up the alphabet soup and place it in the basket,motion_blur,1,46,100046,False,280
object,0,pick up the alphabet soup and place it in the basket,motion_blur,1,47,100047,False,280
object,0,pick up the alphabet soup and place it in the basket,motion_blur,1,48,100048,False,280
object,0,pick up the alphabet soup and place it in the basket,motion_blur,1,49,100049,False,280
object,0,pick up the alphabet soup and place it in the basket,gaussian_blur,1,0,100000,False,280
object,0,pick up the alphabet soup and place it in the basket,gaussian_blur,1,1,100001,False,280
object,0,pick up the alphabet soup and place it in the basket,gaussian_blur,1,2,100002,False,280
object,0,pick up the alphabet soup and place it in the basket,gaussian_blur,1,3,100003,False,280
object,0,pick up the alphabet soup and place it in the basket,gaussian_blur,1,4,100004,False,280
object,0,pick up the alphabet soup and place it in the basket,gaussian_blur,1,5,100005,False,280
object,0,pick up the alphabet soup and place it in the basket,gaussian_blur,1,6,100006,False,280
object,0,pick up the alphabet soup and place it in the basket,gaussian_blur,1,7,100007,False,280
object,0,pick up the alphabet soup and place it in the basket,gaussian_blur,1,8,100008,False,280
object,0,pick up the alphabet soup and place it in the basket,gaussian_blur,1,9,100009,False,280
object,0,pick up the alphabet soup and place it in the basket,gaussian_blur,1,10,100010,False,280
object,0,pick up the alphabet soup and place it in the basket,gaussian_blur,1,11,100011,False,280
object,0,pick up the alphabet soup and place it in the basket,gaussian_blur,1,12,100012,True,228
object,0,pick up the alphabet soup and place it in the basket,gaussian_blur,1,13,100013,False,280
object,0,pick up the alphabet soup and place it in the basket,gaussian_blur,1,14,100014,False,280
object,0,pick up the alphabet soup and place it in the basket,gaussian_blur,1,15,100015,False,280
object,0,pick up the alphabet soup and place it in the basket,gaussian_blur,1,16,100016,False,280
object,0,pick up the alphabet soup and place it in the basket,gaussian_blur,1,17,100017,False,280
object,0,pick up the alphabet soup and place it in the basket,gaussian_blur,1,18,100018,False,280
object,0,pick up the alphabet soup and place it in the basket,gaussian_blur,1,19,100019,False,280
object,0,pick up the alphabet soup and place it in the basket,gaussian_blur,1,20,100020,False,280
object,0,pick up the alphabet soup and place it in the basket,gaussian_blur,1,21,100021,False,280
object,0,pick up the alphabet soup and place it in the basket,gaussian_blur,1,22,100022,False,280
object,0,pick up the alphabet soup and place it in the basket,gaussian_blur,1,23,100023,False,280
object,0,pick up the alphabet soup and place it in the basket,gaussian_blur,1,24,100024,False,280
object,0,pick up the alphabet soup and place it in the basket,gaussian_blur,1,25,100025,True,271
object,0,pick up the alphabet soup and place it in the basket,gaussian_blur,1,26,100026,False,280
object,0,pick up the alphabet soup and place it in the basket,gaussian_blur,1,27,100027,False,280
object,0,pick up the alphabet soup and place it in the basket,gaussian_blur,1,28,100028,False,280
object,0,pick up the alphabet soup and place it in the basket,gaussian_blur,1,29,100029,False,280
object,0,pick up the alphabet soup and place it in the basket,gaussian_blur,1,30,100030,False,280
object,0,pick up the alphabet soup and place it in the basket,gaussian_blur,1,31,100031,False,280
object,0,pick up the alphabet soup and place it in the basket,gaussian_blur,1,32,100032,False,280
object,0,pick up the alphabet soup and place it in the basket,gaussian_blur,1,33,100033,False,280
object,0,pick up the alphabet soup and place it in the basket,gaussian_blur,1,34,100034,False,280
object,0,pick up the alphabet soup and place it in the basket,gaussian_blur,1,35,100035,False,280
object,0,pick up the alphabet soup and place it in the basket,gaussian_blur,1,36,100036,False,280
object,0,pick up the alphabet soup and place it in the basket,gaussian_blur,1,37,100037,False,280
object,0,pick up the alphabet soup and place it in the basket,gaussian_blur,1,38,100038,False,280
object,0,pick up the alphabet soup and place it in the basket,gaussian_blur,1,39,100039,False,280
object,0,pick up the alphabet soup and place it in the basket,gaussian_blur,1,40,100040,False,280
object,0,pick up the alphabet soup and place it in the basket,gaussian_blur,1,41,100041,False,280
object,0,pick up the alphabet soup and place it in the basket,gaussian_blur,1,42,100042,False,280
object,0,pick up the alphabet soup and place it in the basket,gaussian_blur,1,43,100043,False,280
object,0,pick up the alphabet soup and place it in the basket,gaussian_blur,1,44,100044,True,269
object,0,pick up the alphabet soup and place it in the basket,gaussian_blur,1,45,100045,True,124
object,0,pick up the alphabet soup and place it in the basket,gaussian_blur,1,46,100046,True,240
object,0,pick up the alphabet soup and place it in the basket,gaussian_blur,1,47,100047,False,280
object,0,pick up the alphabet soup and place it in the basket,gaussian_blur,1,48,100048,True,134
object,0,pick up the alphabet soup and place it in the basket,gaussian_blur,1,49,100049,False,280
object,0,pick up the alphabet soup and place it in the basket,zoom_blur,1,0,100000,False,280
object,0,pick up the alphabet soup and place it in the basket,zoom_blur,1,1,100001,False,280
object,0,pick up the alphabet soup and place it in the basket,zoom_blur,1,2,100002,False,280
object,0,pick up the alphabet soup and place it in the basket,zoom_blur,1,3,100003,False,280
object,0,pick up the alphabet soup and place it in the basket,zoom_blur,1,4,100004,False,280
object,0,pick up the alphabet soup and place it in the basket,zoom_blur,1,5,100005,True,199
object,0,pick up the alphabet soup and place it in the basket,zoom_blur,1,6,100006,False,280
object,0,pick up the alphabet soup and place it in the basket,zoom_blur,1,7,100007,True,196
object,0,pick up the alphabet soup and place it in the basket,zoom_blur,1,8,100008,False,280
object,0,pick up the alphabet soup and place it in the basket,zoom_blur,1,9,100009,False,280
object,0,pick up the alphabet soup and place it in the basket,zoom_blur,1,10,100010,False,280
object,0,pick up the alphabet soup and place it in the basket,zoom_blur,1,11,100011,True,178
object,0,pick up the alphabet soup and place it in the basket,zoom_blur,1,12,100012,False,280
object,0,pick up the alphabet soup and place it in the basket,zoom_blur,1,13,100013,False,280
object,0,pick up the alphabet soup and place it in the basket,zoom_blur,1,14,100014,False,280
object,0,pick up the alphabet soup and place it in the basket,zoom_blur,1,15,100015,False,280
object,0,pick up the alphabet soup and place it in the basket,zoom_blur,1,16,100016,False,280
object,0,pick up the alphabet soup and place it in the basket,zoom_blur,1,17,100017,False,280
object,0,pick up the alphabet soup and place it in the basket,zoom_blur,1,18,100018,False,280
object,0,pick up the alphabet soup and place it in the basket,zoom_blur,1,19,100019,False,280
object,0,pick up the alphabet soup and place it in the basket,zoom_blur,1,20,100020,False,280
object,0,pick up the alphabet soup and place it in the basket,zoom_blur,1,21,100021,False,280
object,0,pick up the alphabet soup and place it in the basket,zoom_blur,1,22,100022,False,280
object,0,pick up the alphabet soup and place it in the basket,zoom_blur,1,23,100023,True,172
object,0,pick up the alphabet soup and place it in the basket,zoom_blur,1,24,100024,False,280
object,0,pick up the alphabet soup and place it in the basket,zoom_blur,1,25,100025,False,280
object,0,pick up the alphabet soup and place it in the basket,zoom_blur,1,26,100026,False,280
object,0,pick up the alphabet soup and place it in the basket,zoom_blur,1,27,100027,False,280
object,0,pick up the alphabet soup and place it in the basket,zoom_blur,1,28,100028,False,280
object,0,pick up the alphabet soup and place it in the basket,zoom_blur,1,29,100029,False,280
object,0,pick up the alphabet soup and place it in the basket,zoom_blur,1,30,100030,False,280
object,0,pick up the alphabet soup and place it in the basket,zoom_blur,1,31,100031,False,280
object,0,pick up the alphabet soup and place it in the basket,zoom_blur,1,32,100032,False,280
object,0,pick up the alphabet soup and place it in the basket,zoom_blur,1,33,100033,True,153
object,0,pick up the alphabet soup and place it in the basket,zoom_blur,1,34,100034,False,280
object,0,pick up the alphabet soup and place it in the basket,zoom_blur,1,35,100035,False,280
object,0,pick up the alphabet soup and place it in the basket,zoom_blur,1,36,100036,True,175
object,0,pick up the alphabet soup and place it in the basket,zoom_blur,1,37,100037,False,280
object,0,pick up the alphabet soup and place it in the basket,zoom_blur,1,38,100038,False,280
object,0,pick up the alphabet soup and place it in the basket,zoom_blur,1,39,100039,True,129
object,0,pick up the alphabet soup and place it in the basket,zoom_blur,1,40,100040,True,178
object,0,pick up the alphabet soup and place it in the basket,zoom_blur,1,41,100041,False,280
object,0,pick up the alphabet soup and place it in the basket,zoom_blur,1,42,100042,False,280
object,0,pick up the alphabet soup and place it in the basket,zoom_blur,1,43,100043,False,280
object,0,pick up the alphabet soup and place it in the basket,zoom_blur,1,44,100044,False,280
object,0,pick up the alphabet soup and place it in the basket,zoom_blur,1,45,100045,False,280
object,0,pick up the alphabet soup and place it in the basket,zoom_blur,1,46,100046,False,280
object,0,pick up the alphabet soup and place it in the basket,zoom_blur,1,47,100047,False,280
object,0,pick up the alphabet soup and place it in the basket,zoom_blur,1,48,100048,False,280
object,0,pick up the alphabet soup and place it in the basket,zoom_blur,1,49,100049,False,280
object,0,pick up the alphabet soup and place it in the basket,fog,1,0,100000,False,280
object,0,pick up the alphabet soup and place it in the basket,fog,1,1,100001,False,280
object,0,pick up the alphabet soup and place it in the basket,fog,1,2,100002,False,280
object,0,pick up the alphabet soup and place it in the basket,fog,1,3,100003,False,280
object,0,pick up the alphabet soup and place it in the basket,fog,1,4,100004,False,280
object,0,pick up the alphabet soup and place it in the basket,fog,1,5,100005,False,280
object,0,pick up the alphabet soup and place it in the basket,fog,1,6,100006,True,151
object,0,pick up the alphabet soup and place it in the basket,fog,1,7,100007,False,280
object,0,pick up the alphabet soup and place it in the basket,fog,1,8,100008,True,206
object,0,pick up the alphabet soup and place it in the basket,fog,1,9,100009,False,280
object,0,pick up the alphabet soup and place it in the basket,fog,1,10,100010,False,280
object,0,pick up the alphabet soup and place it in the basket,fog,1,11,100011,False,280
object,0,pick up the alphabet soup and place it in the basket,fog,1,12,100012,False,280
object,0,pick up the alphabet soup and place it in the basket,fog,1,13,100013,False,280
object,0,pick up the alphabet soup and place it in the basket,fog,1,14,100014,False,280
object,0,pick up the alphabet soup and place it in the basket,fog,1,15,100015,False,280
object,0,pick up the alphabet soup and place it in the basket,fog,1,16,100016,False,280
object,0,pick up the alphabet soup and place it in the basket,fog,1,17,100017,False,280
object,0,pick up the alphabet soup and place it in the basket,fog,1,18,100018,False,280
object,0,pick up the alphabet soup and place it in the basket,fog,1,19,100019,False,280
object,0,pick up the alphabet soup and place it in the basket,fog,1,20,100020,False,280
object,0,pick up the alphabet soup and place it in the basket,fog,1,21,100021,True,235
object,0,pick up the alphabet soup and place it in the basket,fog,1,22,100022,False,280
object,0,pick up the alphabet soup and place it in the basket,fog,1,23,100023,False,280
object,0,pick up the alphabet soup and place it in the basket,fog,1,24,100024,True,174
object,0,pick up the alphabet soup and place it in the basket,fog,1,25,100025,False,280
object,0,pick up the alphabet soup and place it in the basket,fog,1,26,100026,False,280
object,0,pick up the alphabet soup and place it in the basket,fog,1,27,100027,False,280
object,0,pick up the alphabet soup and place it in the basket,fog,1,28,100028,False,280
object,0,pick up the alphabet soup and place it in the basket,fog,1,29,100029,False,280
object,0,pick up the alphabet soup and place it in the basket,fog,1,30,100030,True,199
object,0,pick up the alphabet soup and place it in the basket,fog,1,31,100031,False,280
object,0,pick up the alphabet soup and place it in the basket,fog,1,32,100032,False,280
object,0,pick up the alphabet soup and place it in the basket,fog,1,33,100033,False,280
object,0,pick up the alphabet soup and place it in the basket,fog,1,34,100034,False,280
object,0,pick up the alphabet soup and place it in the basket,fog,1,35,100035,False,280
object,0,pick up the alphabet soup and place it in the basket,fog,1,36,100036,False,280
object,0,pick up the alphabet soup and place it in the basket,fog,1,37,100037,False,280
object,0,pick up the alphabet soup and place it in the basket,fog,1,38,100038,False,280
object,0,pick up the alphabet soup and place it in the basket,fog,1,39,100039,False,280
object,0,pick up the alphabet soup and place it in the basket,fog,1,40,100040,True,164
object,0,pick up the alphabet soup and place it in the basket,fog,1,41,100041,False,280
object,0,pick up the alphabet soup and place it in the basket,fog,1,42,100042,False,280
object,0,pick up the alphabet soup and place it in the basket,fog,1,43,100043,False,280
object,0,pick up the alphabet soup and place it in the basket,fog,1,44,100044,True,244
object,0,pick up the alphabet soup and place it in the basket,fog,1,45,100045,False,280
object,0,pick up the alphabet soup and place it in the basket,fog,1,46,100046,False,280
object,0,pick up the alphabet soup and place it in the basket,fog,1,47,100047,False,280
object,0,pick up the alphabet soup and place it in the basket,fog,1,48,100048,True,205
object,0,pick up the alphabet soup and place it in the basket,fog,1,49,100049,False,280
object,0,pick up the alphabet soup and place it in the basket,glass_blur,1,0,100000,False,280
object,0,pick up the alphabet soup and place it in the basket,glass_blur,1,1,100001,False,280
object,0,pick up the alphabet soup and place it in the basket,glass_blur,1,2,100002,False,280
object,0,pick up the alphabet soup and place it in the basket,glass_blur,1,3,100003,False,280
object,0,pick up the alphabet soup and place it in the basket,glass_blur,1,4,100004,False,280
object,0,pick up the alphabet soup and place it in the basket,glass_blur,1,5,100005,False,280
object,0,pick up the alphabet soup and place it in the basket,glass_blur,1,6,100006,False,280
object,0,pick up the alphabet soup and place it in the basket,glass_blur,1,7,100007,False,280
object,0,pick up the alphabet soup and place it in the basket,glass_blur,1,8,100008,False,280
object,0,pick up the alphabet soup and place it in the basket,glass_blur,1,9,100009,False,280
object,0,pick up the alphabet soup and place it in the basket,glass_blur,1,10,100010,False,280
object,0,pick up the alphabet soup and place it in the basket,glass_blur,1,11,100011,False,280
object,0,pick up the alphabet soup and place it in the basket,glass_blur,1,12,100012,False,280
object,0,pick up the alphabet soup and place it in the basket,glass_blur,1,13,100013,False,280
object,0,pick up the alphabet soup and place it in the basket,glass_blur,1,14,100014,False,280
object,0,pick up the alphabet soup and place it in the basket,glass_blur,1,15,100015,False,280
object,0,pick up the alphabet soup and place it in the basket,glass_blur,1,16,100016,False,280
object,0,pick up the alphabet soup and place it in the basket,glass_blur,1,17,100017,False,280
object,0,pick up the alphabet soup and place it in the basket,glass_blur,1,18,100018,False,280
object,0,pick up the alphabet soup and place it in the basket,glass_blur,1,19,100019,False,280
object,0,pick up the alphabet soup and place it in the basket,glass_blur,1,20,100020,False,280
object,0,pick up the alphabet soup and place it in the basket,glass_blur,1,21,100021,False,280
object,0,pick up the alphabet soup and place it in the basket,glass_blur,1,22,100022,False,280
object,0,pick up the alphabet soup and place it in the basket,glass_blur,1,23,100023,False,280
object,0,pick up the alphabet soup and place it in the basket,glass_blur,1,24,100024,False,280
object,0,pick up the alphabet soup and place it in the basket,glass_blur,1,25,100025,False,280
object,0,pick up the alphabet soup and place it in the basket,glass_blur,1,26,100026,False,280
object,0,pick up the alphabet soup and place it in the basket,glass_blur,1,27,100027,False,280
object,0,pick up the alphabet soup and place it in the basket,glass_blur,1,28,100028,False,280
object,0,pick up the alphabet soup and place it in the basket,glass_blur,1,29,100029,False,280
object,0,pick up the alphabet soup and place it in the basket,glass_blur,1,30,100030,False,280
object,0,pick up the alphabet soup and place it in the basket,glass_blur,1,31,100031,False,280
object,0,pick up the alphabet soup and place it in the basket,glass_blur,1,32,100032,False,280
object,0,pick up the alphabet soup and place it in the basket,glass_blur,1,33,100033,False,280
object,0,pick up the alphabet soup and place it in the basket,glass_blur,1,34,100034,False,280
object,0,pick up the alphabet soup and place it in the basket,glass_blur,1,35,100035,False,280
object,0,pick up the alphabet soup and place it in the basket,glass_blur,1,36,100036,False,280
object,0,pick up the alphabet soup and place it in the basket,glass_blur,1,37,100037,False,280
object,0,pick up the alphabet soup and place it in the basket,glass_blur,1,38,100038,False,280
object,0,pick up the alphabet soup and place it in the basket,glass_blur,1,39,100039,False,280
object,0,pick up the alphabet soup and place it in the basket,glass_blur,1,40,100040,False,280
object,0,pick up the alphabet soup and place it in the basket,glass_blur,1,41,100041,False,280
object,0,pick up the alphabet soup and place it in the basket,glass_blur,1,42,100042,False,280
object,0,pick up the alphabet soup and place it in the basket,glass_blur,1,43,100043,False,280
object,0,pick up the alphabet soup and place it in the basket,glass_blur,1,44,100044,False,280
object,0,pick up the alphabet soup and place it in the basket,glass_blur,1,45,100045,False,280
object,0,pick up the alphabet soup and place it in the basket,glass_blur,1,46,100046,False,280
object,0,pick up the alphabet soup and place it in the basket,glass_blur,1,47,100047,False,280
object,0,pick up the alphabet soup and place it in the basket,glass_blur,1,48,100048,False,280
object,0,pick up the alphabet soup and place it in the basket,glass_blur,1,49,100049,False,280
object,1,pick up the cream cheese and place it in the basket,clean,0,0,101000,True,123
object,1,pick up the cream cheese and place it in the basket,clean,0,1,101001,True,172
object,1,pick up the cream cheese and place it in the basket,clean,0,2,101002,True,144
object,1,pick up the cream cheese and place it in the basket,clean,0,3,101003,True,107
object,1,pick up the cream cheese and place it in the basket,clean,0,4,101004,True,135
object,1,pick up the cream cheese and place it in the basket,clean,0,5,101005,True,172
object,1,pick up the cream cheese and place it in the basket,clean,0,6,101006,True,148
object,1,pick up the cream cheese and place it in the basket,clean,0,7,101007,True,131
object,1,pick up the cream cheese and place it in the basket,clean,0,8,101008,True,133
object,1,pick up the cream cheese and place it in the basket,clean,0,9,101009,False,280
object,1,pick up the cream cheese and place it in the basket,clean,0,10,101010,True,151
object,1,pick up the cream cheese and place it in the basket,clean,0,11,101011,True,131
object,1,pick up the cream cheese and place it in the basket,clean,0,12,101012,True,125
object,1,pick up the cream cheese and place it in the basket,clean,0,13,101013,True,156
object,1,pick up the cream cheese and place it in the basket,clean,0,14,101014,True,128
object,1,pick up the cream cheese and place it in the basket,clean,0,15,101015,True,134
object,1,pick up the cream cheese and place it in the basket,clean,0,16,101016,True,137
object,1,pick up the cream cheese and place it in the basket,clean,0,17,101017,True,124
object,1,pick up the cream cheese and place it in the basket,clean,0,18,101018,True,134
object,1,pick up the cream cheese and place it in the basket,clean,0,19,101019,True,144
object,1,pick up the cream cheese and place it in the basket,clean,0,20,101020,True,147
object,1,pick up the cream cheese and place it in the basket,clean,0,21,101021,True,118
object,1,pick up the cream cheese and place it in the basket,clean,0,22,101022,True,123
object,1,pick up the cream cheese and place it in the basket,clean,0,23,101023,True,136
object,1,pick up the cream cheese and place it in the basket,clean,0,24,101024,True,122
object,1,pick up the cream cheese and place it in the basket,clean,0,25,101025,True,126
object,1,pick up the cream cheese and place it in the basket,clean,0,26,101026,True,129
object,1,pick up the cream cheese and place it in the basket,clean,0,27,101027,True,152
object,1,pick up the cream cheese and place it in the basket,clean,0,28,101028,True,132
object,1,pick up the cream cheese and place it in the basket,clean,0,29,101029,True,140
object,1,pick up the cream cheese and place it in the basket,clean,0,30,101030,True,128
object,1,pick up the cream cheese and place it in the basket,clean,0,31,101031,True,149
object,1,pick up the cream cheese and place it in the basket,clean,0,32,101032,True,133
object,1,pick up the cream cheese and place it in the basket,clean,0,33,101033,True,160
object,1,pick up the cream cheese and place it in the basket,clean,0,34,101034,True,128
object,1,pick up the cream cheese and place it in the basket,clean,0,35,101035,True,132
object,1,pick up the cream cheese and place it in the basket,clean,0,36,101036,True,186
object,1,pick up the cream cheese and place it in the basket,clean,0,37,101037,True,133
object,1,pick up the cream cheese and place it in the basket,clean,0,38,101038,True,133
object,1,pick up the cream cheese and place it in the basket,clean,0,39,101039,True,150
object,1,pick up the cream cheese and place it in the basket,clean,0,40,101040,True,140
object,1,pick up the cream cheese and place it in the basket,clean,0,41,101041,True,118
object,1,pick up the cream cheese and place it in the basket,clean,0,42,101042,True,128
object,1,pick up the cream cheese and place it in the basket,clean,0,43,101043,True,123
object,1,pick up the cream cheese and place it in the basket,clean,0,44,101044,True,136
object,1,pick up the cream cheese and place it in the basket,clean,0,45,101045,True,122
object,1,pick up the cream cheese and place it in the basket,clean,0,46,101046,True,143
object,1,pick up the cream cheese and place it in the basket,clean,0,47,101047,True,130
object,1,pick up the cream cheese and place it in the basket,clean,0,48,101048,True,122
object,1,pick up the cream cheese and place it in the basket,clean,0,49,101049,True,126
object,1,pick up the cream cheese and place it in the basket,motion_blur,1,0,101000,True,146
object,1,pick up the cream cheese and place it in the basket,motion_blur,1,1,101001,True,175
object,1,pick up the cream cheese and place it in the basket,motion_blur,1,2,101002,True,182
object,1,pick up the cream cheese and place it in the basket,motion_blur,1,3,101003,True,143
object,1,pick up the cream cheese and place it in the basket,motion_blur,1,4,101004,True,140
object,1,pick up the cream cheese and place it in the basket,motion_blur,1,5,101005,True,151
object,1,pick up the cream cheese and place it in the basket,motion_blur,1,6,101006,True,159
object,1,pick up the cream cheese and place it in the basket,motion_blur,1,7,101007,True,155
object,1,pick up the cream cheese and place it in the basket,motion_blur,1,8,101008,True,204
object,1,pick up the cream cheese and place it in the basket,motion_blur,1,9,101009,True,151
object,1,pick up the cream cheese and place it in the basket,motion_blur,1,10,101010,True,178
object,1,pick up the cream cheese and place it in the basket,motion_blur,1,11,101011,False,280
object,1,pick up the cream cheese and place it in the basket,motion_blur,1,12,101012,True,144
object,1,pick up the cream cheese and place it in the basket,motion_blur,1,13,101013,False,280
object,1,pick up the cream cheese and place it in the basket,motion_blur,1,14,101014,False,280
object,1,pick up the cream cheese and place it in the basket,motion_blur,1,15,101015,False,280
object,1,pick up the cream cheese and place it in the basket,motion_blur,1,16,101016,False,280
object,1,pick up the cream cheese and place it in the basket,motion_blur,1,17,101017,False,280
object,1,pick up the cream cheese and place it in the basket,motion_blur,1,18,101018,True,144
object,1,pick up the cream cheese and place it in the basket,motion_blur,1,19,101019,True,162
object,1,pick up the cream cheese and place it in the basket,motion_blur,1,20,101020,True,156
object,1,pick up the cream cheese and place it in the basket,motion_blur,1,21,101021,False,280
object,1,pick up the cream cheese and place it in the basket,motion_blur,1,22,101022,True,161
object,1,pick up the cream cheese and place it in the basket,motion_blur,1,23,101023,True,134
object,1,pick up the cream cheese and place it in the basket,motion_blur,1,24,101024,False,280
object,1,pick up the cream cheese and place it in the basket,motion_blur,1,25,101025,True,139
object,1,pick up the cream cheese and place it in the basket,motion_blur,1,26,101026,False,280
object,1,pick up the cream cheese and place it in the basket,motion_blur,1,27,101027,True,151
object,1,pick up the cream cheese and place it in the basket,motion_blur,1,28,101028,True,201
object,1,pick up the cream cheese and place it in the basket,motion_blur,1,29,101029,True,138
object,1,pick up the cream cheese and place it in the basket,motion_blur,1,30,101030,True,139
object,1,pick up the cream cheese and place it in the basket,motion_blur,1,31,101031,False,280
object,1,pick up the cream cheese and place it in the basket,motion_blur,1,32,101032,True,154
object,1,pick up the cream cheese and place it in the basket,motion_blur,1,33,101033,True,153
object,1,pick up the cream cheese and place it in the basket,motion_blur,1,34,101034,True,152
object,1,pick up the cream cheese and place it in the basket,motion_blur,1,35,101035,False,280
object,1,pick up the cream cheese and place it in the basket,motion_blur,1,36,101036,True,144
object,1,pick up the cream cheese and place it in the basket,motion_blur,1,37,101037,False,280
object,1,pick up the cream cheese and place it in the basket,motion_blur,1,38,101038,False,280
object,1,pick up the cream cheese and place it in the basket,motion_blur,1,39,101039,False,280
object,1,pick up the cream cheese and place it in the basket,motion_blur,1,40,101040,True,143
object,1,pick up the cream cheese and place it in the basket,motion_blur,1,41,101041,True,165
object,1,pick up the cream cheese and place it in the basket,motion_blur,1,42,101042,True,148
object,1,pick up the cream cheese and place it in the basket,motion_blur,1,43,101043,False,280
object,1,pick up the cream cheese and place it in the basket,motion_blur,1,44,101044,True,156
object,1,pick up the cream cheese and place it in the basket,motion_blur,1,45,101045,True,139
object,1,pick up the cream cheese and place it in the basket,motion_blur,1,46,101046,False,280
object,1,pick up the cream cheese and place it in the basket,motion_blur,1,47,101047,True,132
object,1,pick up the cream cheese and place it in the basket,motion_blur,1,48,101048,False,280
object,1,pick up the cream cheese and place it in the basket,motion_blur,1,49,101049,False,280
object,1,pick up the cream cheese and place it in the basket,gaussian_blur,1,0,101000,True,133
object,1,pick up the cream cheese and place it in the basket,gaussian_blur,1,1,101001,False,280
object,1,pick up the cream cheese and place it in the basket,gaussian_blur,1,2,101002,True,153
object,1,pick up the cream cheese and place it in the basket,gaussian_blur,1,3,101003,True,129
object,1,pick up the cream cheese and place it in the basket,gaussian_blur,1,4,101004,True,135
object,1,pick up the cream cheese and place it in the basket,gaussian_blur,1,5,101005,False,280
object,1,pick up the cream cheese and place it in the basket,gaussian_blur,1,6,101006,True,152
object,1,pick up the cream cheese and place it in the basket,gaussian_blur,1,7,101007,True,148
object,1,pick up the cream cheese and place it in the basket,gaussian_blur,1,8,101008,True,145
object,1,pick up the cream cheese and place it in the basket,gaussian_blur,1,9,101009,True,150
object,1,pick up the cream cheese and place it in the basket,gaussian_blur,1,10,101010,True,129
object,1,pick up the cream cheese and place it in the basket,gaussian_blur,1,11,101011,True,136
object,1,pick up the cream cheese and place it in the basket,gaussian_blur,1,12,101012,True,138
object,1,pick up the cream cheese and place it in the basket,gaussian_blur,1,13,101013,True,136
object,1,pick up the cream cheese and place it in the basket,gaussian_blur,1,14,101014,True,135
object,1,pick up the cream cheese and place it in the basket,gaussian_blur,1,15,101015,True,158
object,1,pick up the cream cheese and place it in the basket,gaussian_blur,1,16,101016,True,126
object,1,pick up the cream cheese and place it in the basket,gaussian_blur,1,17,101017,True,151
object,1,pick up the cream cheese and place it in the basket,gaussian_blur,1,18,101018,True,125
object,1,pick up the cream cheese and place it in the basket,gaussian_blur,1,19,101019,True,165
object,1,pick up the cream cheese and place it in the basket,gaussian_blur,1,20,101020,True,135
object,1,pick up the cream cheese and place it in the basket,gaussian_blur,1,21,101021,True,122
object,1,pick up the cream cheese and place it in the basket,gaussian_blur,1,22,101022,True,128
object,1,pick up the cream cheese and place it in the basket,gaussian_blur,1,23,101023,True,132
object,1,pick up the cream cheese and place it in the basket,gaussian_blur,1,24,101024,True,133
object,1,pick up the cream cheese and place it in the basket,gaussian_blur,1,25,101025,True,121
object,1,pick up the cream cheese and place it in the basket,gaussian_blur,1,26,101026,True,134
object,1,pick up the cream cheese and place it in the basket,gaussian_blur,1,27,101027,True,141
object,1,pick up the cream cheese and place it in the basket,gaussian_blur,1,28,101028,False,280
object,1,pick up the cream cheese and place it in the basket,gaussian_blur,1,29,101029,True,129
object,1,pick up the cream cheese and place it in the basket,gaussian_blur,1,30,101030,True,150
object,1,pick up the cream cheese and place it in the basket,gaussian_blur,1,31,101031,True,125
object,1,pick up the cream cheese and place it in the basket,gaussian_blur,1,32,101032,True,135
object,1,pick up the cream cheese and place it in the basket,gaussian_blur,1,33,101033,True,125
object,1,pick up the cream cheese and place it in the basket,gaussian_blur,1,34,101034,True,133
object,1,pick up the cream cheese and place it in the basket,gaussian_blur,1,35,101035,True,126
object,1,pick up the cream cheese and place it in the basket,gaussian_blur,1,36,101036,True,132
object,1,pick up the cream cheese and place it in the basket,gaussian_blur,1,37,101037,True,134
object,1,pick up the cream cheese and place it in the basket,gaussian_blur,1,38,101038,True,117
object,1,pick up the cream cheese and place it in the basket,gaussian_blur,1,39,101039,True,139
object,1,pick up the cream cheese and place it in the basket,gaussian_blur,1,40,101040,True,125
object,1,pick up the cream cheese and place it in the basket,gaussian_blur,1,41,101041,True,129
object,1,pick up the cream cheese and place it in the basket,gaussian_blur,1,42,101042,True,134
object,1,pick up the cream cheese and place it in the basket,gaussian_blur,1,43,101043,True,122
object,1,pick up the cream cheese and place it in the basket,gaussian_blur,1,44,101044,True,121
object,1,pick up the cream cheese and place it in the basket,gaussian_blur,1,45,101045,True,124
object,1,pick up the cream cheese and place it in the basket,gaussian_blur,1,46,101046,True,170
object,1,pick up the cream cheese and place it in the basket,gaussian_blur,1,47,101047,True,123
object,1,pick up the cream cheese and place it in the basket,gaussian_blur,1,48,101048,True,124
object,1,pick up the cream cheese and place it in the basket,gaussian_blur,1,49,101049,True,123
object,1,pick up the cream cheese and place it in the basket,zoom_blur,1,0,101000,True,136
object,1,pick up the cream cheese and place it in the basket,zoom_blur,1,1,101001,True,140
object,1,pick up the cream cheese and place it in the basket,zoom_blur,1,2,101002,True,127
object,1,pick up the cream cheese and place it in the basket,zoom_blur,1,3,101003,False,280
object,1,pick up the cream cheese and place it in the basket,zoom_blur,1,4,101004,True,141
object,1,pick up the cream cheese and place it in the basket,zoom_blur,1,5,101005,True,139
object,1,pick up the cream cheese and place it in the basket,zoom_blur,1,6,101006,True,119
object,1,pick up the cream cheese and place it in the basket,zoom_blur,1,7,101007,True,149
object,1,pick up the cream cheese and place it in the basket,zoom_blur,1,8,101008,True,117
object,1,pick up the cream cheese and place it in the basket,zoom_blur,1,9,101009,True,150
object,1,pick up the cream cheese and place it in the basket,zoom_blur,1,10,101010,True,121
object,1,pick up the cream cheese and place it in the basket,zoom_blur,1,11,101011,True,141
object,1,pick up the cream cheese and place it in the basket,zoom_blur,1,12,101012,True,140
object,1,pick up the cream cheese and place it in the basket,zoom_blur,1,13,101013,True,164
object,1,pick up the cream cheese and place it in the basket,zoom_blur,1,14,101014,True,125
object,1,pick up the cream cheese and place it in the basket,zoom_blur,1,15,101015,True,146
object,1,pick up the cream cheese and place it in the basket,zoom_blur,1,16,101016,True,131
object,1,pick up the cream cheese and place it in the basket,zoom_blur,1,17,101017,True,170
object,1,pick up the cream cheese and place it in the basket,zoom_blur,1,18,101018,True,146
object,1,pick up the cream cheese and place it in the basket,zoom_blur,1,19,101019,True,140
object,1,pick up the cream cheese and place it in the basket,zoom_blur,1,20,101020,True,153
object,1,pick up the cream cheese and place it in the basket,zoom_blur,1,21,101021,True,112
object,1,pick up the cream cheese and place it in the basket,zoom_blur,1,22,101022,True,129
object,1,pick up the cream cheese and place it in the basket,zoom_blur,1,23,101023,True,145
object,1,pick up the cream cheese and place it in the basket,zoom_blur,1,24,101024,True,156
object,1,pick up the cream cheese and place it in the basket,zoom_blur,1,25,101025,True,130
object,1,pick up the cream cheese and place it in the basket,zoom_blur,1,26,101026,True,125
object,1,pick up the cream cheese and place it in the basket,zoom_blur,1,27,101027,True,132
object,1,pick up the cream cheese and place it in the basket,zoom_blur,1,28,101028,True,143
object,1,pick up the cream cheese and place it in the basket,zoom_blur,1,29,101029,True,129
object,1,pick up the cream cheese and place it in the basket,zoom_blur,1,30,101030,True,117
object,1,pick up the cream cheese and place it in the basket,zoom_blur,1,31,101031,True,137
object,1,pick up the cream cheese and place it in the basket,zoom_blur,1,32,101032,True,136
object,1,pick up the cream cheese and place it in the basket,zoom_blur,1,33,101033,True,113
object,1,pick up the cream cheese and place it in the basket,zoom_blur,1,34,101034,True,130
object,1,pick up the cream cheese and place it in the basket,zoom_blur,1,35,101035,True,131
object,1,pick up the cream cheese and place it in the basket,zoom_blur,1,36,101036,True,189
object,1,pick up the cream cheese and place it in the basket,zoom_blur,1,37,101037,True,142
object,1,pick up the cream cheese and place it in the basket,zoom_blur,1,38,101038,True,135
object,1,pick up the cream cheese and place it in the basket,zoom_blur,1,39,101039,True,117
object,1,pick up the cream cheese and place it in the basket,zoom_blur,1,40,101040,True,151
object,1,pick up the cream cheese and place it in the basket,zoom_blur,1,41,101041,True,144
object,1,pick up the cream cheese and place it in the basket,zoom_blur,1,42,101042,True,122
object,1,pick up the cream cheese and place it in the basket,zoom_blur,1,43,101043,True,126
object,1,pick up the cream cheese and place it in the basket,zoom_blur,1,44,101044,True,139
object,1,pick up the cream cheese and place it in the basket,zoom_blur,1,45,101045,True,118
object,1,pick up the cream cheese and place it in the basket,zoom_blur,1,46,101046,True,144
object,1,pick up the cream cheese and place it in the basket,zoom_blur,1,47,101047,True,148
object,1,pick up the cream cheese and place it in the basket,zoom_blur,1,48,101048,True,159
object,1,pick up the cream cheese and place it in the basket,zoom_blur,1,49,101049,True,124
object,1,pick up the cream cheese and place it in the basket,fog,1,0,101000,True,129
object,1,pick up the cream cheese and place it in the basket,fog,1,1,101001,True,165
object,1,pick up the cream cheese and place it in the basket,fog,1,2,101002,True,132
object,1,pick up the cream cheese and place it in the basket,fog,1,3,101003,True,132
object,1,pick up the cream cheese and place it in the basket,fog,1,4,101004,True,122
object,1,pick up the cream cheese and place it in the basket,fog,1,5,101005,True,137
object,1,pick up the cream cheese and place it in the basket,fog,1,6,101006,False,280
object,1,pick up the cream cheese and place it in the basket,fog,1,7,101007,False,280
object,1,pick up the cream cheese and place it in the basket,fog,1,8,101008,False,280
object,1,pick up the cream cheese and place it in the basket,fog,1,9,101009,True,141
object,1,pick up the cream cheese and place it in the basket,fog,1,10,101010,True,131
object,1,pick up the cream cheese and place it in the basket,fog,1,11,101011,True,152
object,1,pick up the cream cheese and place it in the basket,fog,1,12,101012,True,154
object,1,pick up the cream cheese and place it in the basket,fog,1,13,101013,True,124
object,1,pick up the cream cheese and place it in the basket,fog,1,14,101014,True,133
object,1,pick up the cream cheese and place it in the basket,fog,1,15,101015,True,151
object,1,pick up the cream cheese and place it in the basket,fog,1,16,101016,True,118
object,1,pick up the cream cheese and place it in the basket,fog,1,17,101017,True,122
object,1,pick up the cream cheese and place it in the basket,fog,1,18,101018,True,178
object,1,pick up the cream cheese and place it in the basket,fog,1,19,101019,False,280
object,1,pick up the cream cheese and place it in the basket,fog,1,20,101020,True,142
object,1,pick up the cream cheese and place it in the basket,fog,1,21,101021,True,120
object,1,pick up the cream cheese and place it in the basket,fog,1,22,101022,True,119
object,1,pick up the cream cheese and place it in the basket,fog,1,23,101023,True,160
object,1,pick up the cream cheese and place it in the basket,fog,1,24,101024,True,118
object,1,pick up the cream cheese and place it in the basket,fog,1,25,101025,True,124
object,1,pick up the cream cheese and place it in the basket,fog,1,26,101026,True,125
object,1,pick up the cream cheese and place it in the basket,fog,1,27,101027,False,280
object,1,pick up the cream cheese and place it in the basket,fog,1,28,101028,True,136
object,1,pick up the cream cheese and place it in the basket,fog,1,29,101029,True,148
object,1,pick up the cream cheese and place it in the basket,fog,1,30,101030,True,129
object,1,pick up the cream cheese and place it in the basket,fog,1,31,101031,True,139
object,1,pick up the cream cheese and place it in the basket,fog,1,32,101032,True,120
object,1,pick up the cream cheese and place it in the basket,fog,1,33,101033,True,131
object,1,pick up the cream cheese and place it in the basket,fog,1,34,101034,True,123
object,1,pick up the cream cheese and place it in the basket,fog,1,35,101035,True,181
object,1,pick up the cream cheese and place it in the basket,fog,1,36,101036,True,173
object,1,pick up the cream cheese and place it in the basket,fog,1,37,101037,True,131
object,1,pick up the cream cheese and place it in the basket,fog,1,38,101038,True,126
object,1,pick up the cream cheese and place it in the basket,fog,1,39,101039,True,137
object,1,pick up the cream cheese and place it in the basket,fog,1,40,101040,True,140
object,1,pick up the cream cheese and place it in the basket,fog,1,41,101041,True,131
object,1,pick up the cream cheese and place it in the basket,fog,1,42,101042,True,135
object,1,pick up the cream cheese and place it in the basket,fog,1,43,101043,True,151
object,1,pick up the cream cheese and place it in the basket,fog,1,44,101044,True,141
object,1,pick up the cream cheese and place it in the basket,fog,1,45,101045,True,128
object,1,pick up the cream cheese and place it in the basket,fog,1,46,101046,True,121
object,1,pick up the cream cheese and place it in the basket,fog,1,47,101047,True,134
object,1,pick up the cream cheese and place it in the basket,fog,1,48,101048,True,122
object,1,pick up the cream cheese and place it in the basket,fog,1,49,101049,True,136
object,1,pick up the cream cheese and place it in the basket,glass_blur,1,0,101000,True,145
object,1,pick up the cream cheese and place it in the basket,glass_blur,1,1,101001,False,280
object,1,pick up the cream cheese and place it in the basket,glass_blur,1,2,101002,False,280
object,1,pick up the cream cheese and place it in the basket,glass_blur,1,3,101003,False,280
object,1,pick up the cream cheese and place it in the basket,glass_blur,1,4,101004,False,280
object,1,pick up the cream cheese and place it in the basket,glass_blur,1,5,101005,False,280
object,1,pick up the cream cheese and place it in the basket,glass_blur,1,6,101006,False,280
object,1,pick up the cream cheese and place it in the basket,glass_blur,1,7,101007,True,154
object,1,pick up the cream cheese and place it in the basket,glass_blur,1,8,101008,True,158
object,1,pick up the cream cheese and place it in the basket,glass_blur,1,9,101009,False,280
object,1,pick up the cream cheese and place it in the basket,glass_blur,1,10,101010,False,280
object,1,pick up the cream cheese and place it in the basket,glass_blur,1,11,101011,False,280
object,1,pick up the cream cheese and place it in the basket,glass_blur,1,12,101012,True,159
object,1,pick up the cream cheese and place it in the basket,glass_blur,1,13,101013,True,198
object,1,pick up the cream cheese and place it in the basket,glass_blur,1,14,101014,True,237
object,1,pick up the cream cheese and place it in the basket,glass_blur,1,15,101015,False,280
object,1,pick up the cream cheese and place it in the basket,glass_blur,1,16,101016,False,280
object,1,pick up the cream cheese and place it in the basket,glass_blur,1,17,101017,False,280
object,1,pick up the cream cheese and place it in the basket,glass_blur,1,18,101018,False,280
object,1,pick up the cream cheese and place it in the basket,glass_blur,1,19,101019,True,150
object,1,pick up the cream cheese and place it in the basket,glass_blur,1,20,101020,True,166
object,1,pick up the cream cheese and place it in the basket,glass_blur,1,21,101021,False,280
object,1,pick up the cream cheese and place it in the basket,glass_blur,1,22,101022,True,144
object,1,pick up the cream cheese and place it in the basket,glass_blur,1,23,101023,False,280
object,1,pick up the cream cheese and place it in the basket,glass_blur,1,24,101024,True,132
object,1,pick up the cream cheese and place it in the basket,glass_blur,1,25,101025,False,280
object,1,pick up the cream cheese and place it in the basket,glass_blur,1,26,101026,True,160
object,1,pick up the cream cheese and place it in the basket,glass_blur,1,27,101027,False,280
object,1,pick up the cream cheese and place it in the basket,glass_blur,1,28,101028,False,280
object,1,pick up the cream cheese and place it in the basket,glass_blur,1,29,101029,True,182
object,1,pick up the cream cheese and place it in the basket,glass_blur,1,30,101030,False,280
object,1,pick up the cream cheese and place it in the basket,glass_blur,1,31,101031,True,182
object,1,pick up the cream cheese and place it in the basket,glass_blur,1,32,101032,False,280
object,1,pick up the cream cheese and place it in the basket,glass_blur,1,33,101033,True,152
object,1,pick up the cream cheese and place it in the basket,glass_blur,1,34,101034,True,167
object,1,pick up the cream cheese and place it in the basket,glass_blur,1,35,101035,True,166
object,1,pick up the cream cheese and place it in the basket,glass_blur,1,36,101036,True,165
object,1,pick up the cream cheese and place it in the basket,glass_blur,1,37,101037,False,280
object,1,pick up the cream cheese and place it in the basket,glass_blur,1,38,101038,False,280
object,1,pick up the cream cheese and place it in the basket,glass_blur,1,39,101039,False,280
object,1,pick up the cream cheese and place it in the basket,glass_blur,1,40,101040,False,280
object,1,pick up the cream cheese and place it in the basket,glass_blur,1,41,101041,False,280
object,1,pick up the cream cheese and place it in the basket,glass_blur,1,42,101042,False,280
object,1,pick up the cream cheese and place it in the basket,glass_blur,1,43,101043,True,157
object,1,pick up the cream cheese and place it in the basket,glass_blur,1,44,101044,True,163
object,1,pick up the cream cheese and place it in the basket,glass_blur,1,45,101045,False,280
object,1,pick up the cream cheese and place it in the basket,glass_blur,1,46,101046,False,280
object,1,pick up the cream cheese and place it in the basket,glass_blur,1,47,101047,True,211
object,1,pick up the cream cheese and place it in the basket,glass_blur,1,48,101048,True,146
object,1,pick up the cream cheese and place it in the basket,glass_blur,1,49,101049,False,280
object,2,pick up the salad dressing and place it in the basket,clean,0,0,102000,True,141
object,2,pick up the salad dressing and place it in the basket,clean,0,1,102001,True,121
object,2,pick up the salad dressing and place it in the basket,clean,0,2,102002,True,119
object,2,pick up the salad dressing and place it in the basket,clean,0,3,102003,True,127
object,2,pick up the salad dressing and place it in the basket,clean,0,4,102004,True,119
object,2,pick up the salad dressing and place it in the basket,clean,0,5,102005,True,123
object,2,pick up the salad dressing and place it in the basket,clean,0,6,102006,True,120
object,2,pick up the salad dressing and place it in the basket,clean,0,7,102007,True,117
object,2,pick up the salad dressing and place it in the basket,clean,0,8,102008,True,127
object,2,pick up the salad dressing and place it in the basket,clean,0,9,102009,True,111
object,2,pick up the salad dressing and place it in the basket,clean,0,10,102010,True,119
object,2,pick up the salad dressing and place it in the basket,clean,0,11,102011,True,120
object,2,pick up the salad dressing and place it in the basket,clean,0,12,102012,True,127
object,2,pick up the salad dressing and place it in the basket,clean,0,13,102013,True,114
object,2,pick up the salad dressing and place it in the basket,clean,0,14,102014,True,124
object,2,pick up the salad dressing and place it in the basket,clean,0,15,102015,True,144
object,2,pick up the salad dressing and place it in the basket,clean,0,16,102016,True,122
object,2,pick up the salad dressing and place it in the basket,clean,0,17,102017,True,122
object,2,pick up the salad dressing and place it in the basket,clean,0,18,102018,True,114
object,2,pick up the salad dressing and place it in the basket,clean,0,19,102019,True,133
object,2,pick up the salad dressing and place it in the basket,clean,0,20,102020,True,115
object,2,pick up the salad dressing and place it in the basket,clean,0,21,102021,True,114
object,2,pick up the salad dressing and place it in the basket,clean,0,22,102022,True,134
object,2,pick up the salad dressing and place it in the basket,clean,0,23,102023,True,119
object,2,pick up the salad dressing and place it in the basket,clean,0,24,102024,True,125
object,2,pick up the salad dressing and place it in the basket,clean,0,25,102025,True,114
object,2,pick up the salad dressing and place it in the basket,clean,0,26,102026,True,118
object,2,pick up the salad dressing and place it in the basket,clean,0,27,102027,True,121
object,2,pick up the salad dressing and place it in the basket,clean,0,28,102028,True,117
object,2,pick up the salad dressing and place it in the basket,clean,0,29,102029,True,121
object,2,pick up the salad dressing and place it in the basket,clean,0,30,102030,True,116
object,2,pick up the salad dressing and place it in the basket,clean,0,31,102031,True,131
object,2,pick up the salad dressing and place it in the basket,clean,0,32,102032,True,132
object,2,pick up the salad dressing and place it in the basket,clean,0,33,102033,True,118
object,2,pick up the salad dressing and place it in the basket,clean,0,34,102034,True,127
object,2,pick up the salad dressing and place it in the basket,clean,0,35,102035,True,115
object,2,pick up the salad dressing and place it in the basket,clean,0,36,102036,True,127
object,2,pick up the salad dressing and place it in the basket,clean,0,37,102037,True,128
object,2,pick up the salad dressing and place it in the basket,clean,0,38,102038,True,107
object,2,pick up the salad dressing and place it in the basket,clean,0,39,102039,True,123
object,2,pick up the salad dressing and place it in the basket,clean,0,40,102040,True,116
object,2,pick up the salad dressing and place it in the basket,clean,0,41,102041,True,113
object,2,pick up the salad dressing and place it in the basket,clean,0,42,102042,True,128
object,2,pick up the salad dressing and place it in the basket,clean,0,43,102043,True,121
object,2,pick up the salad dressing and place it in the basket,clean,0,44,102044,True,127
object,2,pick up the salad dressing and place it in the basket,clean,0,45,102045,True,113
object,2,pick up the salad dressing and place it in the basket,clean,0,46,102046,True,124
object,2,pick up the salad dressing and place it in the basket,clean,0,47,102047,True,121
object,2,pick up the salad dressing and place it in the basket,clean,0,48,102048,True,127
object,2,pick up the salad dressing and place it in the basket,clean,0,49,102049,True,132
object,2,pick up the salad dressing and place it in the basket,motion_blur,1,0,102000,False,280
object,2,pick up the salad dressing and place it in the basket,motion_blur,1,1,102001,True,146
object,2,pick up the salad dressing and place it in the basket,motion_blur,1,2,102002,True,137
object,2,pick up the salad dressing and place it in the basket,motion_blur,1,3,102003,False,280
object,2,pick up the salad dressing and place it in the basket,motion_blur,1,4,102004,True,127
object,2,pick up the salad dressing and place it in the basket,motion_blur,1,5,102005,False,280
object,2,pick up the salad dressing and place it in the basket,motion_blur,1,6,102006,False,280
object,2,pick up the salad dressing and place it in the basket,motion_blur,1,7,102007,True,121
object,2,pick up the salad dressing and place it in the basket,motion_blur,1,8,102008,False,280
object,2,pick up the salad dressing and place it in the basket,motion_blur,1,9,102009,True,136
object,2,pick up the salad dressing and place it in the basket,motion_blur,1,10,102010,False,280
object,2,pick up the salad dressing and place it in the basket,motion_blur,1,11,102011,False,280
object,2,pick up the salad dressing and place it in the basket,motion_blur,1,12,102012,True,144
object,2,pick up the salad dressing and place it in the basket,motion_blur,1,13,102013,False,280
object,2,pick up the salad dressing and place it in the basket,motion_blur,1,14,102014,False,280
object,2,pick up the salad dressing and place it in the basket,motion_blur,1,15,102015,False,280
object,2,pick up the salad dressing and place it in the basket,motion_blur,1,16,102016,False,280
object,2,pick up the salad dressing and place it in the basket,motion_blur,1,17,102017,False,280
object,2,pick up the salad dressing and place it in the basket,motion_blur,1,18,102018,True,128
object,2,pick up the salad dressing and place it in the basket,motion_blur,1,19,102019,False,280
object,2,pick up the salad dressing and place it in the basket,motion_blur,1,20,102020,False,280
object,2,pick up the salad dressing and place it in the basket,motion_blur,1,21,102021,False,280
object,2,pick up the salad dressing and place it in the basket,motion_blur,1,22,102022,True,127
object,2,pick up the salad dressing and place it in the basket,motion_blur,1,23,102023,False,280
object,2,pick up the salad dressing and place it in the basket,motion_blur,1,24,102024,False,280
object,2,pick up the salad dressing and place it in the basket,motion_blur,1,25,102025,False,280
object,2,pick up the salad dressing and place it in the basket,motion_blur,1,26,102026,False,280
object,2,pick up the salad dressing and place it in the basket,motion_blur,1,27,102027,False,280
object,2,pick up the salad dressing and place it in the basket,motion_blur,1,28,102028,True,132
object,2,pick up the salad dressing and place it in the basket,motion_blur,1,29,102029,True,123
object,2,pick up the salad dressing and place it in the basket,motion_blur,1,30,102030,False,280
object,2,pick up the salad dressing and place it in the basket,motion_blur,1,31,102031,True,133
object,2,pick up the salad dressing and place it in the basket,motion_blur,1,32,102032,False,280
object,2,pick up the salad dressing and place it in the basket,motion_blur,1,33,102033,False,280
object,2,pick up the salad dressing and place it in the basket,motion_blur,1,34,102034,False,280
object,2,pick up the salad dressing and place it in the basket,motion_blur,1,35,102035,False,280
object,2,pick up the salad dressing and place it in the basket,motion_blur,1,36,102036,True,147
object,2,pick up the salad dressing and place it in the basket,motion_blur,1,37,102037,False,280
object,2,pick up the salad dressing and place it in the basket,motion_blur,1,38,102038,True,140
object,2,pick up the salad dressing and place it in the basket,motion_blur,1,39,102039,False,280
object,2,pick up the salad dressing and place it in the basket,motion_blur,1,40,102040,False,280
object,2,pick up the salad dressing and place it in the basket,motion_blur,1,41,102041,True,112
object,2,pick up the salad dressing and place it in the basket,motion_blur,1,42,102042,True,151
object,2,pick up the salad dressing and place it in the basket,motion_blur,1,43,102043,False,280
object,2,pick up the salad dressing and place it in the basket,motion_blur,1,44,102044,False,280
object,2,pick up the salad dressing and place it in the basket,motion_blur,1,45,102045,False,280
object,2,pick up the salad dressing and place it in the basket,motion_blur,1,46,102046,True,139
object,2,pick up the salad dressing and place it in the basket,motion_blur,1,47,102047,False,280
object,2,pick up the salad dressing and place it in the basket,motion_blur,1,48,102048,False,280
object,2,pick up the salad dressing and place it in the basket,motion_blur,1,49,102049,False,280
object,2,pick up the salad dressing and place it in the basket,gaussian_blur,1,0,102000,False,280
object,2,pick up the salad dressing and place it in the basket,gaussian_blur,1,1,102001,False,280
object,2,pick up the salad dressing and place it in the basket,gaussian_blur,1,2,102002,True,108
object,2,pick up the salad dressing and place it in the basket,gaussian_blur,1,3,102003,False,280
object,2,pick up the salad dressing and place it in the basket,gaussian_blur,1,4,102004,False,280
object,2,pick up the salad dressing and place it in the basket,gaussian_blur,1,5,102005,False,280
object,2,pick up the salad dressing and place it in the basket,gaussian_blur,1,6,102006,True,129
object,2,pick up the salad dressing and place it in the basket,gaussian_blur,1,7,102007,False,280
object,2,pick up the salad dressing and place it in the basket,gaussian_blur,1,8,102008,False,280
object,2,pick up the salad dressing and place it in the basket,gaussian_blur,1,9,102009,True,111
object,2,pick up the salad dressing and place it in the basket,gaussian_blur,1,10,102010,True,110
object,2,pick up the salad dressing and place it in the basket,gaussian_blur,1,11,102011,False,280
object,2,pick up the salad dressing and place it in the basket,gaussian_blur,1,12,102012,False,280
object,2,pick up the salad dressing and place it in the basket,gaussian_blur,1,13,102013,False,280
object,2,pick up the salad dressing and place it in the basket,gaussian_blur,1,14,102014,True,115
object,2,pick up the salad dressing and place it in the basket,gaussian_blur,1,15,102015,False,280
object,2,pick up the salad dressing and place it in the basket,gaussian_blur,1,16,102016,True,123
object,2,pick up the salad dressing and place it in the basket,gaussian_blur,1,17,102017,True,107
object,2,pick up the salad dressing and place it in the basket,gaussian_blur,1,18,102018,False,280
object,2,pick up the salad dressing and place it in the basket,gaussian_blur,1,19,102019,True,150
object,2,pick up the salad dressing and place it in the basket,gaussian_blur,1,20,102020,False,280
object,2,pick up the salad dressing and place it in the basket,gaussian_blur,1,21,102021,False,280
object,2,pick up the salad dressing and place it in the basket,gaussian_blur,1,22,102022,True,133
object,2,pick up the salad dressing and place it in the basket,gaussian_blur,1,23,102023,False,280
object,2,pick up the salad dressing and place it in the basket,gaussian_blur,1,24,102024,False,280
object,2,pick up the salad dressing and place it in the basket,gaussian_blur,1,25,102025,False,280
object,2,pick up the salad dressing and place it in the basket,gaussian_blur,1,26,102026,False,280
object,2,pick up the salad dressing and place it in the basket,gaussian_blur,1,27,102027,False,280
object,2,pick up the salad dressing and place it in the basket,gaussian_blur,1,28,102028,True,262
object,2,pick up the salad dressing and place it in the basket,gaussian_blur,1,29,102029,False,280
object,2,pick up the salad dressing and place it in the basket,gaussian_blur,1,30,102030,True,206
object,2,pick up the salad dressing and place it in the basket,gaussian_blur,1,31,102031,False,280
object,2,pick up the salad dressing and place it in the basket,gaussian_blur,1,32,102032,True,144
object,2,pick up the salad dressing and place it in the basket,gaussian_blur,1,33,102033,False,280
object,2,pick up the salad dressing and place it in the basket,gaussian_blur,1,34,102034,False,280
object,2,pick up the salad dressing and place it in the basket,gaussian_blur,1,35,102035,False,280
object,2,pick up the salad dressing and place it in the basket,gaussian_blur,1,36,102036,False,280
object,2,pick up the salad dressing and place it in the basket,gaussian_blur,1,37,102037,True,122
object,2,pick up the salad dressing and place it in the basket,gaussian_blur,1,38,102038,False,280
object,2,pick up the salad dressing and place it in the basket,gaussian_blur,1,39,102039,False,280
object,2,pick up the salad dressing and place it in the basket,gaussian_blur,1,40,102040,False,280
object,2,pick up the salad dressing and place it in the basket,gaussian_blur,1,41,102041,False,280
object,2,pick up the salad dressing and place it in the basket,gaussian_blur,1,42,102042,False,280
object,2,pick up the salad dressing and place it in the basket,gaussian_blur,1,43,102043,True,107
object,2,pick up the salad dressing and place it in the basket,gaussian_blur,1,44,102044,True,124
object,2,pick up the salad dressing and place it in the basket,gaussian_blur,1,45,102045,False,280
object,2,pick up the salad dressing and place it in the basket,gaussian_blur,1,46,102046,False,280
object,2,pick up the salad dressing and place it in the basket,gaussian_blur,1,47,102047,True,201
object,2,pick up the salad dressing and place it in the basket,gaussian_blur,1,48,102048,False,280
object,2,pick up the salad dressing and place it in the basket,gaussian_blur,1,49,102049,False,280
object,2,pick up the salad dressing and place it in the basket,zoom_blur,1,0,102000,True,118
object,2,pick up the salad dressing and place it in the basket,zoom_blur,1,1,102001,True,221
object,2,pick up the salad dressing and place it in the basket,zoom_blur,1,2,102002,True,127
object,2,pick up the salad dressing and place it in the basket,zoom_blur,1,3,102003,True,124
object,2,pick up the salad dressing and place it in the basket,zoom_blur,1,4,102004,True,148
object,2,pick up the salad dressing and place it in the basket,zoom_blur,1,5,102005,True,123
object,2,pick up the salad dressing and place it in the basket,zoom_blur,1,6,102006,True,170
object,2,pick up the salad dressing and place it in the basket,zoom_blur,1,7,102007,True,124
object,2,pick up the salad dressing and place it in the basket,zoom_blur,1,8,102008,True,125
object,2,pick up the salad dressing and place it in the basket,zoom_blur,1,9,102009,True,208
object,2,pick up the salad dressing and place it in the basket,zoom_blur,1,10,102010,True,249
object,2,pick up the salad dressing and place it in the basket,zoom_blur,1,11,102011,True,121
object,2,pick up the salad dressing and place it in the basket,zoom_blur,1,12,102012,True,136
object,2,pick up the salad dressing and place it in the basket,zoom_blur,1,13,102013,True,123
object,2,pick up the salad dressing and place it in the basket,zoom_blur,1,14,102014,True,123
object,2,pick up the salad dressing and place it in the basket,zoom_blur,1,15,102015,True,148
object,2,pick up the salad dressing and place it in the basket,zoom_blur,1,16,102016,False,280
object,2,pick up the salad dressing and place it in the basket,zoom_blur,1,17,102017,True,118
object,2,pick up the salad dressing and place it in the basket,zoom_blur,1,18,102018,True,123
object,2,pick up the salad dressing and place it in the basket,zoom_blur,1,19,102019,True,120
object,2,pick up the salad dressing and place it in the basket,zoom_blur,1,20,102020,True,132
object,2,pick up the salad dressing and place it in the basket,zoom_blur,1,21,102021,True,123
object,2,pick up the salad dressing and place it in the basket,zoom_blur,1,22,102022,True,139
object,2,pick up the salad dressing and place it in the basket,zoom_blur,1,23,102023,True,129
object,2,pick up the salad dressing and place it in the basket,zoom_blur,1,24,102024,True,124
object,2,pick up the salad dressing and place it in the basket,zoom_blur,1,25,102025,True,124
object,2,pick up the salad dressing and place it in the basket,zoom_blur,1,26,102026,True,146
object,2,pick up the salad dressing and place it in the basket,zoom_blur,1,27,102027,True,176
object,2,pick up the salad dressing and place it in the basket,zoom_blur,1,28,102028,True,122
object,2,pick up the salad dressing and place it in the basket,zoom_blur,1,29,102029,False,280
object,2,pick up the salad dressing and place it in the basket,zoom_blur,1,30,102030,True,130
object,2,pick up the salad dressing and place it in the basket,zoom_blur,1,31,102031,False,280
object,2,pick up the salad dressing and place it in the basket,zoom_blur,1,32,102032,False,280
object,2,pick up the salad dressing and place it in the basket,zoom_blur,1,33,102033,True,121
object,2,pick up the salad dressing and place it in the basket,zoom_blur,1,34,102034,True,141
object,2,pick up the salad dressing and place it in the basket,zoom_blur,1,35,102035,True,128
object,2,pick up the salad dressing and place it in the basket,zoom_blur,1,36,102036,True,134
object,2,pick up the salad dressing and place it in the basket,zoom_blur,1,37,102037,True,122
object,2,pick up the salad dressing and place it in the basket,zoom_blur,1,38,102038,True,117
object,2,pick up the salad dressing and place it in the basket,zoom_blur,1,39,102039,True,129
object,2,pick up the salad dressing and place it in the basket,zoom_blur,1,40,102040,True,158
object,2,pick up the salad dressing and place it in the basket,zoom_blur,1,41,102041,True,124
object,2,pick up the salad dressing and place it in the basket,zoom_blur,1,42,102042,True,134
object,2,pick up the salad dressing and place it in the basket,zoom_blur,1,43,102043,True,120
object,2,pick up the salad dressing and place it in the basket,zoom_blur,1,44,102044,True,123
object,2,pick up the salad dressing and place it in the basket,zoom_blur,1,45,102045,False,280
object,2,pick up the salad dressing and place it in the basket,zoom_blur,1,46,102046,False,280
object,2,pick up the salad dressing and place it in the basket,zoom_blur,1,47,102047,True,125
object,2,pick up the salad dressing and place it in the basket,zoom_blur,1,48,102048,True,131
object,2,pick up the salad dressing and place it in the basket,zoom_blur,1,49,102049,True,122
object,2,pick up the salad dressing and place it in the basket,fog,1,0,102000,False,280
object,2,pick up the salad dressing and place it in the basket,fog,1,1,102001,True,132
object,2,pick up the salad dressing and place it in the basket,fog,1,2,102002,True,136
object,2,pick up the salad dressing and place it in the basket,fog,1,3,102003,True,129
object,2,pick up the salad dressing and place it in the basket,fog,1,4,102004,True,111
object,2,pick up the salad dressing and place it in the basket,fog,1,5,102005,False,280
object,2,pick up the salad dressing and place it in the basket,fog,1,6,102006,False,280
object,2,pick up the salad dressing and place it in the basket,fog,1,7,102007,False,280
object,2,pick up the salad dressing and place it in the basket,fog,1,8,102008,True,127
object,2,pick up the salad dressing and place it in the basket,fog,1,9,102009,False,280
object,2,pick up the salad dressing and place it in the basket,fog,1,10,102010,False,280
object,2,pick up the salad dressing and place it in the basket,fog,1,11,102011,False,280
object,2,pick up the salad dressing and place it in the basket,fog,1,12,102012,False,280
object,2,pick up the salad dressing and place it in the basket,fog,1,13,102013,False,280
object,2,pick up the salad dressing and place it in the basket,fog,1,14,102014,True,131
object,2,pick up the salad dressing and place it in the basket,fog,1,15,102015,True,125
object,2,pick up the salad dressing and place it in the basket,fog,1,16,102016,False,280
object,2,pick up the salad dressing and place it in the basket,fog,1,17,102017,True,128
object,2,pick up the salad dressing and place it in the basket,fog,1,18,102018,False,280
object,2,pick up the salad dressing and place it in the basket,fog,1,19,102019,True,127
object,2,pick up the salad dressing and place it in the basket,fog,1,20,102020,False,280
object,2,pick up the salad dressing and place it in the basket,fog,1,21,102021,False,280
object,2,pick up the salad dressing and place it in the basket,fog,1,22,102022,False,280
object,2,pick up the salad dressing and place it in the basket,fog,1,23,102023,False,280
object,2,pick up the salad dressing and place it in the basket,fog,1,24,102024,True,113
object,2,pick up the salad dressing and place it in the basket,fog,1,25,102025,True,112
object,2,pick up the salad dressing and place it in the basket,fog,1,26,102026,False,280
object,2,pick up the salad dressing and place it in the basket,fog,1,27,102027,True,122
object,2,pick up the salad dressing and place it in the basket,fog,1,28,102028,False,280
object,2,pick up the salad dressing and place it in the basket,fog,1,29,102029,False,280
object,2,pick up the salad dressing and place it in the basket,fog,1,30,102030,False,280
object,2,pick up the salad dressing and place it in the basket,fog,1,31,102031,True,108
object,2,pick up the salad dressing and place it in the basket,fog,1,32,102032,True,114
object,2,pick up the salad dressing and place it in the basket,fog,1,33,102033,False,280
object,2,pick up the salad dressing and place it in the basket,fog,1,34,102034,True,125
object,2,pick up the salad dressing and place it in the basket,fog,1,35,102035,False,280
object,2,pick up the salad dressing and place it in the basket,fog,1,36,102036,False,280
object,2,pick up the salad dressing and place it in the basket,fog,1,37,102037,True,113
object,2,pick up the salad dressing and place it in the basket,fog,1,38,102038,False,280
object,2,pick up the salad dressing and place it in the basket,fog,1,39,102039,False,280
object,2,pick up the salad dressing and place it in the basket,fog,1,40,102040,True,130
object,2,pick up the salad dressing and place it in the basket,fog,1,41,102041,True,117
object,2,pick up the salad dressing and place it in the basket,fog,1,42,102042,True,111
object,2,pick up the salad dressing and place it in the basket,fog,1,43,102043,True,116
object,2,pick up the salad dressing and place it in the basket,fog,1,44,102044,False,280
object,2,pick up the salad dressing and place it in the basket,fog,1,45,102045,False,280
object,2,pick up the salad dressing and place it in the basket,fog,1,46,102046,False,280
object,2,pick up the salad dressing and place it in the basket,fog,1,47,102047,True,114
object,2,pick up the salad dressing and place it in the basket,fog,1,48,102048,False,280
object,2,pick up the salad dressing and place it in the basket,fog,1,49,102049,False,280
object,2,pick up the salad dressing and place it in the basket,glass_blur,1,0,102000,False,280
object,2,pick up the salad dressing and place it in the basket,glass_blur,1,1,102001,False,280
object,2,pick up the salad dressing and place it in the basket,glass_blur,1,2,102002,False,280
object,2,pick up the salad dressing and place it in the basket,glass_blur,1,3,102003,False,280
object,2,pick up the salad dressing and place it in the basket,glass_blur,1,4,102004,False,280
object,2,pick up the salad dressing and place it in the basket,glass_blur,1,5,102005,True,202
object,2,pick up the salad dressing and place it in the basket,glass_blur,1,6,102006,False,280
object,2,pick up the salad dressing and place it in the basket,glass_blur,1,7,102007,False,280
object,2,pick up the salad dressing and place it in the basket,glass_blur,1,8,102008,True,261
object,2,pick up the salad dressing and place it in the basket,glass_blur,1,9,102009,True,184
object,2,pick up the salad dressing and place it in the basket,glass_blur,1,10,102010,False,280
object,2,pick up the salad dressing and place it in the basket,glass_blur,1,11,102011,False,280
object,2,pick up the salad dressing and place it in the basket,glass_blur,1,12,102012,False,280
object,2,pick up the salad dressing and place it in the basket,glass_blur,1,13,102013,False,280
object,2,pick up the salad dressing and place it in the basket,glass_blur,1,14,102014,False,280
object,2,pick up the salad dressing and place it in the basket,glass_blur,1,15,102015,False,280
object,2,pick up the salad dressing and place it in the basket,glass_blur,1,16,102016,False,280
object,2,pick up the salad dressing and place it in the basket,glass_blur,1,17,102017,True,175
object,2,pick up the salad dressing and place it in the basket,glass_blur,1,18,102018,False,280
object,2,pick up the salad dressing and place it in the basket,glass_blur,1,19,102019,True,209
object,2,pick up the salad dressing and place it in the basket,glass_blur,1,20,102020,False,280
object,2,pick up the salad dressing and place it in the basket,glass_blur,1,21,102021,False,280
object,2,pick up the salad dressing and place it in the basket,glass_blur,1,22,102022,False,280
object,2,pick up the salad dressing and place it in the basket,glass_blur,1,23,102023,True,208
object,2,pick up the salad dressing and place it in the basket,glass_blur,1,24,102024,False,280
object,2,pick up the salad dressing and place it in the basket,glass_blur,1,25,102025,False,280
object,2,pick up the salad dressing and place it in the basket,glass_blur,1,26,102026,False,280
object,2,pick up the salad dressing and place it in the basket,glass_blur,1,27,102027,True,185
object,2,pick up the salad dressing and place it in the basket,glass_blur,1,28,102028,False,280
object,2,pick up the salad dressing and place it in the basket,glass_blur,1,29,102029,False,280
object,2,pick up the salad dressing and place it in the basket,glass_blur,1,30,102030,False,280
object,2,pick up the salad dressing and place it in the basket,glass_blur,1,31,102031,True,242
object,2,pick up the salad dressing and place it in the basket,glass_blur,1,32,102032,False,280
object,2,pick up the salad dressing and place it in the basket,glass_blur,1,33,102033,True,180
object,2,pick up the salad dressing and place it in the basket,glass_blur,1,34,102034,False,280
object,2,pick up the salad dressing and place it in the basket,glass_blur,1,35,102035,False,280
object,2,pick up the salad dressing and place it in the basket,glass_blur,1,36,102036,False,280
object,2,pick up the salad dressing and place it in the basket,glass_blur,1,37,102037,False,280
object,2,pick up the salad dressing and place it in the basket,glass_blur,1,38,102038,False,280
object,2,pick up the salad dressing and place it in the basket,glass_blur,1,39,102039,True,275
object,2,pick up the salad dressing and place it in the basket,glass_blur,1,40,102040,False,280
object,2,pick up the salad dressing and place it in the basket,glass_blur,1,41,102041,False,280
object,2,pick up the salad dressing and place it in the basket,glass_blur,1,42,102042,False,280
object,2,pick up the salad dressing and place it in the basket,glass_blur,1,43,102043,True,239
object,2,pick up the salad dressing and place it in the basket,glass_blur,1,44,102044,True,219
object,2,pick up the salad dressing and place it in the basket,glass_blur,1,45,102045,True,162
object,2,pick up the salad dressing and place it in the basket,glass_blur,1,46,102046,True,161
object,2,pick up the salad dressing and place it in the basket,glass_blur,1,47,102047,True,188
object,2,pick up the salad dressing and place it in the basket,glass_blur,1,48,102048,False,280
object,2,pick up the salad dressing and place it in the basket,glass_blur,1,49,102049,False,280
object,3,pick up the bbq sauce and place it in the basket,clean,0,0,103000,True,116
object,3,pick up the bbq sauce and place it in the basket,clean,0,1,103001,True,166
object,3,pick up the bbq sauce and place it in the basket,clean,0,2,103002,False,280
object,3,pick up the bbq sauce and place it in the basket,clean,0,3,103003,True,121
object,3,pick up the bbq sauce and place it in the basket,clean,0,4,103004,True,138
object,3,pick up the bbq sauce and place it in the basket,clean,0,5,103005,True,137
object,3,pick up the bbq sauce and place it in the basket,clean,0,6,103006,True,118
object,3,pick up the bbq sauce and place it in the basket,clean,0,7,103007,True,145
object,3,pick up the bbq sauce and place it in the basket,clean,0,8,103008,True,130
object,3,pick up the bbq sauce and place it in the basket,clean,0,9,103009,True,135
object,3,pick up the bbq sauce and place it in the basket,clean,0,10,103010,True,147
object,3,pick up the bbq sauce and place it in the basket,clean,0,11,103011,True,137
object,3,pick up the bbq sauce and place it in the basket,clean,0,12,103012,True,135
object,3,pick up the bbq sauce and place it in the basket,clean,0,13,103013,True,139
object,3,pick up the bbq sauce and place it in the basket,clean,0,14,103014,True,126
object,3,pick up the bbq sauce and place it in the basket,clean,0,15,103015,True,129
object,3,pick up the bbq sauce and place it in the basket,clean,0,16,103016,True,130
object,3,pick up the bbq sauce and place it in the basket,clean,0,17,103017,True,152
object,3,pick up the bbq sauce and place it in the basket,clean,0,18,103018,True,132
object,3,pick up the bbq sauce and place it in the basket,clean,0,19,103019,True,140
object,3,pick up the bbq sauce and place it in the basket,clean,0,20,103020,True,132
object,3,pick up the bbq sauce and place it in the basket,clean,0,21,103021,True,144
object,3,pick up the bbq sauce and place it in the basket,clean,0,22,103022,True,128
object,3,pick up the bbq sauce and place it in the basket,clean,0,23,103023,True,129
object,3,pick up the bbq sauce and place it in the basket,clean,0,24,103024,True,134
object,3,pick up the bbq sauce and place it in the basket,clean,0,25,103025,True,141
object,3,pick up the bbq sauce and place it in the basket,clean,0,26,103026,True,137
object,3,pick up the bbq sauce and place it in the basket,clean,0,27,103027,True,134
object,3,pick up the bbq sauce and place it in the basket,clean,0,28,103028,True,128
object,3,pick up the bbq sauce and place it in the basket,clean,0,29,103029,True,141
object,3,pick up the bbq sauce and place it in the basket,clean,0,30,103030,True,125
object,3,pick up the bbq sauce and place it in the basket,clean,0,31,103031,True,136
object,3,pick up the bbq sauce and place it in the basket,clean,0,32,103032,True,128
object,3,pick up the bbq sauce and place it in the basket,clean,0,33,103033,True,154
object,3,pick up the bbq sauce and place it in the basket,clean,0,34,103034,True,143
object,3,pick up the bbq sauce and place it in the basket,clean,0,35,103035,True,142
object,3,pick up the bbq sauce and place it in the basket,clean,0,36,103036,True,146
object,3,pick up the bbq sauce and place it in the basket,clean,0,37,103037,True,131
object,3,pick up the bbq sauce and place it in the basket,clean,0,38,103038,True,149
object,3,pick up the bbq sauce and place it in the basket,clean,0,39,103039,True,127
object,3,pick up the bbq sauce and place it in the basket,clean,0,40,103040,True,133
object,3,pick up the bbq sauce and place it in the basket,clean,0,41,103041,True,122
object,3,pick up the bbq sauce and place it in the basket,clean,0,42,103042,True,139
object,3,pick up the bbq sauce and place it in the basket,clean,0,43,103043,True,148
object,3,pick up the bbq sauce and place it in the basket,clean,0,44,103044,True,142
object,3,pick up the bbq sauce and place it in the basket,clean,0,45,103045,True,137
object,3,pick up the bbq sauce and place it in the basket,clean,0,46,103046,True,126
object,3,pick up the bbq sauce and place it in the basket,clean,0,47,103047,True,127
object,3,pick up the bbq sauce and place it in the basket,clean,0,48,103048,True,141
object,3,pick up the bbq sauce and place it in the basket,clean,0,49,103049,True,151
object,3,pick up the bbq sauce and place it in the basket,motion_blur,1,0,103000,False,280
object,3,pick up the bbq sauce and place it in the basket,motion_blur,1,1,103001,True,193
object,3,pick up the bbq sauce and place it in the basket,motion_blur,1,2,103002,False,280
object,3,pick up the bbq sauce and place it in the basket,motion_blur,1,3,103003,True,143
object,3,pick up the bbq sauce and place it in the basket,motion_blur,1,4,103004,False,280
object,3,pick up the bbq sauce and place it in the basket,motion_blur,1,5,103005,True,126
object,3,pick up the bbq sauce and place it in the basket,motion_blur,1,6,103006,False,280
object,3,pick up the bbq sauce and place it in the basket,motion_blur,1,7,103007,False,280
object,3,pick up the bbq sauce and place it in the basket,motion_blur,1,8,103008,False,280
object,3,pick up the bbq sauce and place it in the basket,motion_blur,1,9,103009,False,280
object,3,pick up the bbq sauce and place it in the basket,motion_blur,1,10,103010,True,126
object,3,pick up the bbq sauce and place it in the basket,motion_blur,1,11,103011,False,280
object,3,pick up the bbq sauce and place it in the basket,motion_blur,1,12,103012,False,280
object,3,pick up the bbq sauce and place it in the basket,motion_blur,1,13,103013,False,280
object,3,pick up the bbq sauce and place it in the basket,motion_blur,1,14,103014,False,280
object,3,pick up the bbq sauce and place it in the basket,motion_blur,1,15,103015,False,280
object,3,pick up the bbq sauce and place it in the basket,motion_blur,1,16,103016,False,280
object,3,pick up the bbq sauce and place it in the basket,motion_blur,1,17,103017,False,280
object,3,pick up the bbq sauce and place it in the basket,motion_blur,1,18,103018,True,134
object,3,pick up the bbq sauce and place it in the basket,motion_blur,1,19,103019,False,280
object,3,pick up the bbq sauce and place it in the basket,motion_blur,1,20,103020,True,136
object,3,pick up the bbq sauce and place it in the basket,motion_blur,1,21,103021,False,280
object,3,pick up the bbq sauce and place it in the basket,motion_blur,1,22,103022,False,280
object,3,pick up the bbq sauce and place it in the basket,motion_blur,1,23,103023,False,280
object,3,pick up the bbq sauce and place it in the basket,motion_blur,1,24,103024,False,280
object,3,pick up the bbq sauce and place it in the basket,motion_blur,1,25,103025,True,119
object,3,pick up the bbq sauce and place it in the basket,motion_blur,1,26,103026,False,280
object,3,pick up the bbq sauce and place it in the basket,motion_blur,1,27,103027,False,280
object,3,pick up the bbq sauce and place it in the basket,motion_blur,1,28,103028,False,280
object,3,pick up the bbq sauce and place it in the basket,motion_blur,1,29,103029,False,280
object,3,pick up the bbq sauce and place it in the basket,motion_blur,1,30,103030,True,137
object,3,pick up the bbq sauce and place it in the basket,motion_blur,1,31,103031,False,280
object,3,pick up the bbq sauce and place it in the basket,motion_blur,1,32,103032,True,135
object,3,pick up the bbq sauce and place it in the basket,motion_blur,1,33,103033,False,280
object,3,pick up the bbq sauce and place it in the basket,motion_blur,1,34,103034,False,280
object,3,pick up the bbq sauce and place it in the basket,motion_blur,1,35,103035,True,128
object,3,pick up the bbq sauce and place it in the basket,motion_blur,1,36,103036,False,280
object,3,pick up the bbq sauce and place it in the basket,motion_blur,1,37,103037,False,280
object,3,pick up the bbq sauce and place it in the basket,motion_blur,1,38,103038,False,280
object,3,pick up the bbq sauce and place it in the basket,motion_blur,1,39,103039,False,280
object,3,pick up the bbq sauce and place it in the basket,motion_blur,1,40,103040,False,280
object,3,pick up the bbq sauce and place it in the basket,motion_blur,1,41,103041,False,280
object,3,pick up the bbq sauce and place it in the basket,motion_blur,1,42,103042,False,280
object,3,pick up the bbq sauce and place it in the basket,motion_blur,1,43,103043,False,280
object,3,pick up the bbq sauce and place it in the basket,motion_blur,1,44,103044,False,280
object,3,pick up the bbq sauce and place it in the basket,motion_blur,1,45,103045,False,280
object,3,pick up the bbq sauce and place it in the basket,motion_blur,1,46,103046,False,280
object,3,pick up the bbq sauce and place it in the basket,motion_blur,1,47,103047,False,280
object,3,pick up the bbq sauce and place it in the basket,motion_blur,1,48,103048,True,124
object,3,pick up the bbq sauce and place it in the basket,motion_blur,1,49,103049,False,280
object,3,pick up the bbq sauce and place it in the basket,gaussian_blur,1,0,103000,False,280
object,3,pick up the bbq sauce and place it in the basket,gaussian_blur,1,1,103001,True,127
object,3,pick up the bbq sauce and place it in the basket,gaussian_blur,1,2,103002,False,280
object,3,pick up the bbq sauce and place it in the basket,gaussian_blur,1,3,103003,False,280
object,3,pick up the bbq sauce and place it in the basket,gaussian_blur,1,4,103004,False,280
object,3,pick up the bbq sauce and place it in the basket,gaussian_blur,1,5,103005,False,280
object,3,pick up the bbq sauce and place it in the basket,gaussian_blur,1,6,103006,False,280
object,3,pick up the bbq sauce and place it in the basket,gaussian_blur,1,7,103007,False,280
object,3,pick up the bbq sauce and place it in the basket,gaussian_blur,1,8,103008,False,280
object,3,pick up the bbq sauce and place it in the basket,gaussian_blur,1,9,103009,False,280
object,3,pick up the bbq sauce and place it in the basket,gaussian_blur,1,10,103010,False,280
object,3,pick up the bbq sauce and place it in the basket,gaussian_blur,1,11,103011,True,126
object,3,pick up the bbq sauce and place it in the basket,gaussian_blur,1,12,103012,False,280
object,3,pick up the bbq sauce and place it in the basket,gaussian_blur,1,13,103013,False,280
object,3,pick up the bbq sauce and place it in the basket,gaussian_blur,1,14,103014,False,280
object,3,pick up the bbq sauce and place it in the basket,gaussian_blur,1,15,103015,True,131
object,3,pick up the bbq sauce and place it in the basket,gaussian_blur,1,16,103016,False,280
object,3,pick up the bbq sauce and place it in the basket,gaussian_blur,1,17,103017,False,280
object,3,pick up the bbq sauce and place it in the basket,gaussian_blur,1,18,103018,True,123
object,3,pick up the bbq sauce and place it in the basket,gaussian_blur,1,19,103019,False,280
object,3,pick up the bbq sauce and place it in the basket,gaussian_blur,1,20,103020,True,133
object,3,pick up the bbq sauce and place it in the basket,gaussian_blur,1,21,103021,False,280
object,3,pick up the bbq sauce and place it in the basket,gaussian_blur,1,22,103022,True,146
object,3,pick up the bbq sauce and place it in the basket,gaussian_blur,1,23,103023,True,128
object,3,pick up the bbq sauce and place it in the basket,gaussian_blur,1,24,103024,False,280
object,3,pick up the bbq sauce and place it in the basket,gaussian_blur,1,25,103025,False,280
object,3,pick up the bbq sauce and place it in the basket,gaussian_blur,1,26,103026,True,124
object,3,pick up the bbq sauce and place it in the basket,gaussian_blur,1,27,103027,False,280
object,3,pick up the bbq sauce and place it in the basket,gaussian_blur,1,28,103028,False,280
object,3,pick up the bbq sauce and place it in the basket,gaussian_blur,1,29,103029,False,280
object,3,pick up the bbq sauce and place it in the basket,gaussian_blur,1,30,103030,False,280
object,3,pick up the bbq sauce and place it in the basket,gaussian_blur,1,31,103031,True,125
object,3,pick up the bbq sauce and place it in the basket,gaussian_blur,1,32,103032,False,280
object,3,pick up the bbq sauce and place it in the basket,gaussian_blur,1,33,103033,False,280
object,3,pick up the bbq sauce and place it in the basket,gaussian_blur,1,34,103034,False,280
object,3,pick up the bbq sauce and place it in the basket,gaussian_blur,1,35,103035,False,280
object,3,pick up the bbq sauce and place it in the basket,gaussian_blur,1,36,103036,True,156
object,3,pick up the bbq sauce and place it in the basket,gaussian_blur,1,37,103037,True,119
object,3,pick up the bbq sauce and place it in the basket,gaussian_blur,1,38,103038,False,280
object,3,pick up the bbq sauce and place it in the basket,gaussian_blur,1,39,103039,True,143
object,3,pick up the bbq sauce and place it in the basket,gaussian_blur,1,40,103040,True,138
object,3,pick up the bbq sauce and place it in the basket,gaussian_blur,1,41,103041,True,123
object,3,pick up the bbq sauce and place it in the basket,gaussian_blur,1,42,103042,False,280
object,3,pick up the bbq sauce and place it in the basket,gaussian_blur,1,43,103043,False,280
object,3,pick up the bbq sauce and place it in the basket,gaussian_blur,1,44,103044,False,280
object,3,pick up the bbq sauce and place it in the basket,gaussian_blur,1,45,103045,True,140
object,3,pick up the bbq sauce and place it in the basket,gaussian_blur,1,46,103046,True,116
object,3,pick up the bbq sauce and place it in the basket,gaussian_blur,1,47,103047,False,280
object,3,pick up the bbq sauce and place it in the basket,gaussian_blur,1,48,103048,True,128
object,3,pick up the bbq sauce and place it in the basket,gaussian_blur,1,49,103049,True,123
object,3,pick up the bbq sauce and place it in the basket,zoom_blur,1,0,103000,True,134
object,3,pick up the bbq sauce and place it in the basket,zoom_blur,1,1,103001,True,128
object,3,pick up the bbq sauce and place it in the basket,zoom_blur,1,2,103002,True,143
object,3,pick up the bbq sauce and place it in the basket,zoom_blur,1,3,103003,True,140
object,3,pick up the bbq sauce and place it in the basket,zoom_blur,1,4,103004,True,122
object,3,pick up the bbq sauce and place it in the basket,zoom_blur,1,5,103005,True,135
object,3,pick up the bbq sauce and place it in the basket,zoom_blur,1,6,103006,False,280
object,3,pick up the bbq sauce and place it in the basket,zoom_blur,1,7,103007,True,141
object,3,pick up the bbq sauce and place it in the basket,zoom_blur,1,8,103008,True,144
object,3,pick up the bbq sauce and place it in the basket,zoom_blur,1,9,103009,True,125
object,3,pick up the bbq sauce and place it in the basket,zoom_blur,1,10,103010,True,129
object,3,pick up the bbq sauce and place it in the basket,zoom_blur,1,11,103011,True,127
object,3,pick up the bbq sauce and place it in the basket,zoom_blur,1,12,103012,True,134
object,3,pick up the bbq sauce and place it in the basket,zoom_blur,1,13,103013,False,280
object,3,pick up the bbq sauce and place it in the basket,zoom_blur,1,14,103014,True,132
object,3,pick up the bbq sauce and place it in the basket,zoom_blur,1,15,103015,True,132
object,3,pick up the bbq sauce and place it in the basket,zoom_blur,1,16,103016,True,136
object,3,pick up the bbq sauce and place it in the basket,zoom_blur,1,17,103017,True,140
object,3,pick up the bbq sauce and place it in the basket,zoom_blur,1,18,103018,True,135
object,3,pick up the bbq sauce and place it in the basket,zoom_blur,1,19,103019,True,125
object,3,pick up the bbq sauce and place it in the basket,zoom_blur,1,20,103020,True,124
object,3,pick up the bbq sauce and place it in the basket,zoom_blur,1,21,103021,True,129
object,3,pick up the bbq sauce and place it in the basket,zoom_blur,1,22,103022,True,129
object,3,pick up the bbq sauce and place it in the basket,zoom_blur,1,23,103023,True,123
object,3,pick up the bbq sauce and place it in the basket,zoom_blur,1,24,103024,True,146
object,3,pick up the bbq sauce and place it in the basket,zoom_blur,1,25,103025,True,135
object,3,pick up the bbq sauce and place it in the basket,zoom_blur,1,26,103026,False,280
object,3,pick up the bbq sauce and place it in the basket,zoom_blur,1,27,103027,False,280
object,3,pick up the bbq sauce and place it in the basket,zoom_blur,1,28,103028,True,132
object,3,pick up the bbq sauce and place it in the basket,zoom_blur,1,29,103029,True,138
object,3,pick up the bbq sauce and place it in the basket,zoom_blur,1,30,103030,True,148
object,3,pick up the bbq sauce and place it in the basket,zoom_blur,1,31,103031,True,125
object,3,pick up the bbq sauce and place it in the basket,zoom_blur,1,32,103032,True,127
object,3,pick up the bbq sauce and place it in the basket,zoom_blur,1,33,103033,True,130
object,3,pick up the bbq sauce and place it in the basket,zoom_blur,1,34,103034,True,130
object,3,pick up the bbq sauce and place it in the basket,zoom_blur,1,35,103035,True,137
object,3,pick up the bbq sauce and place it in the basket,zoom_blur,1,36,103036,True,122
object,3,pick up the bbq sauce and place it in the basket,zoom_blur,1,37,103037,False,280
object,3,pick up the bbq sauce and place it in the basket,zoom_blur,1,38,103038,True,118
object,3,pick up the bbq sauce and place it in the basket,zoom_blur,1,39,103039,True,139
object,3,pick up the bbq sauce and place it in the basket,zoom_blur,1,40,103040,True,127
object,3,pick up the bbq sauce and place it in the basket,zoom_blur,1,41,103041,True,140
object,3,pick up the bbq sauce and place it in the basket,zoom_blur,1,42,103042,True,138
object,3,pick up the bbq sauce and place it in the basket,zoom_blur,1,43,103043,True,182
object,3,pick up the bbq sauce and place it in the basket,zoom_blur,1,44,103044,True,130
object,3,pick up the bbq sauce and place it in the basket,zoom_blur,1,45,103045,True,138
object,3,pick up the bbq sauce and place it in the basket,zoom_blur,1,46,103046,True,132
object,3,pick up the bbq sauce and place it in the basket,zoom_blur,1,47,103047,True,125
object,3,pick up the bbq sauce and place it in the basket,zoom_blur,1,48,103048,True,141
object,3,pick up the bbq sauce and place it in the basket,zoom_blur,1,49,103049,True,139
object,3,pick up the bbq sauce and place it in the basket,fog,1,0,103000,True,137
object,3,pick up the bbq sauce and place it in the basket,fog,1,1,103001,True,137
object,3,pick up the bbq sauce and place it in the basket,fog,1,2,103002,True,132
object,3,pick up the bbq sauce and place it in the basket,fog,1,3,103003,True,151
object,3,pick up the bbq sauce and place it in the basket,fog,1,4,103004,True,131
object,3,pick up the bbq sauce and place it in the basket,fog,1,5,103005,True,123
object,3,pick up the bbq sauce and place it in the basket,fog,1,6,103006,True,129
object,3,pick up the bbq sauce and place it in the basket,fog,1,7,103007,True,137
object,3,pick up the bbq sauce and place it in the basket,fog,1,8,103008,True,135
object,3,pick up the bbq sauce and place it in the basket,fog,1,9,103009,True,148
object,3,pick up the bbq sauce and place it in the basket,fog,1,10,103010,False,280
object,3,pick up the bbq sauce and place it in the basket,fog,1,11,103011,True,141
object,3,pick up the bbq sauce and place it in the basket,fog,1,12,103012,True,147
object,3,pick up the bbq sauce and place it in the basket,fog,1,13,103013,True,125
object,3,pick up the bbq sauce and place it in the basket,fog,1,14,103014,False,280
object,3,pick up the bbq sauce and place it in the basket,fog,1,15,103015,True,157
object,3,pick up the bbq sauce and place it in the basket,fog,1,16,103016,True,129
object,3,pick up the bbq sauce and place it in the basket,fog,1,17,103017,True,134
object,3,pick up the bbq sauce and place it in the basket,fog,1,18,103018,False,280
object,3,pick up the bbq sauce and place it in the basket,fog,1,19,103019,False,280
object,3,pick up the bbq sauce and place it in the basket,fog,1,20,103020,True,139
object,3,pick up the bbq sauce and place it in the basket,fog,1,21,103021,True,135
object,3,pick up the bbq sauce and place it in the basket,fog,1,22,103022,False,280
object,3,pick up the bbq sauce and place it in the basket,fog,1,23,103023,False,280
object,3,pick up the bbq sauce and place it in the basket,fog,1,24,103024,True,133
object,3,pick up the bbq sauce and place it in the basket,fog,1,25,103025,True,146
object,3,pick up the bbq sauce and place it in the basket,fog,1,26,103026,True,136
object,3,pick up the bbq sauce and place it in the basket,fog,1,27,103027,True,137
object,3,pick up the bbq sauce and place it in the basket,fog,1,28,103028,False,280
object,3,pick up the bbq sauce and place it in the basket,fog,1,29,103029,True,135
object,3,pick up the bbq sauce and place it in the basket,fog,1,30,103030,True,134
object,3,pick up the bbq sauce and place it in the basket,fog,1,31,103031,True,150
object,3,pick up the bbq sauce and place it in the basket,fog,1,32,103032,True,135
object,3,pick up the bbq sauce and place it in the basket,fog,1,33,103033,True,127
object,3,pick up the bbq sauce and place it in the basket,fog,1,34,103034,False,280
object,3,pick up the bbq sauce and place it in the basket,fog,1,35,103035,False,280
object,3,pick up the bbq sauce and place it in the basket,fog,1,36,103036,True,162
object,3,pick up the bbq sauce and place it in the basket,fog,1,37,103037,False,280
object,3,pick up the bbq sauce and place it in the basket,fog,1,38,103038,True,129
object,3,pick up the bbq sauce and place it in the basket,fog,1,39,103039,True,170
object,3,pick up the bbq sauce and place it in the basket,fog,1,40,103040,True,142
object,3,pick up the bbq sauce and place it in the basket,fog,1,41,103041,False,280
object,3,pick up the bbq sauce and place it in the basket,fog,1,42,103042,True,131
object,3,pick up the bbq sauce and place it in the basket,fog,1,43,103043,False,280
object,3,pick up the bbq sauce and place it in the basket,fog,1,44,103044,True,129
object,3,pick up the bbq sauce and place it in the basket,fog,1,45,103045,True,142
object,3,pick up the bbq sauce and place it in the basket,fog,1,46,103046,True,139
object,3,pick up the bbq sauce and place it in the basket,fog,1,47,103047,True,151
object,3,pick up the bbq sauce and place it in the basket,fog,1,48,103048,True,120
object,3,pick up the bbq sauce and place it in the basket,fog,1,49,103049,True,131
object,3,pick up the bbq sauce and place it in the basket,glass_blur,1,0,103000,True,135
object,3,pick up the bbq sauce and place it in the basket,glass_blur,1,1,103001,True,140
object,3,pick up the bbq sauce and place it in the basket,glass_blur,1,2,103002,True,176
object,3,pick up the bbq sauce and place it in the basket,glass_blur,1,3,103003,False,280
object,3,pick up the bbq sauce and place it in the basket,glass_blur,1,4,103004,False,280
object,3,pick up the bbq sauce and place it in the basket,glass_blur,1,5,103005,False,280
object,3,pick up the bbq sauce and place it in the basket,glass_blur,1,6,103006,True,166
object,3,pick up the bbq sauce and place it in the basket,glass_blur,1,7,103007,True,155
object,3,pick up the bbq sauce and place it in the basket,glass_blur,1,8,103008,True,151
object,3,pick up the bbq sauce and place it in the basket,glass_blur,1,9,103009,True,182
object,3,pick up the bbq sauce and place it in the basket,glass_blur,1,10,103010,False,280
object,3,pick up the bbq sauce and place it in the basket,glass_blur,1,11,103011,False,280
object,3,pick up the bbq sauce and place it in the basket,glass_blur,1,12,103012,True,146
object,3,pick up the bbq sauce and place it in the basket,glass_blur,1,13,103013,False,280
object,3,pick up the bbq sauce and place it in the basket,glass_blur,1,14,103014,True,172
object,3,pick up the bbq sauce and place it in the basket,glass_blur,1,15,103015,True,166
object,3,pick up the bbq sauce and place it in the basket,glass_blur,1,16,103016,True,207
object,3,pick up the bbq sauce and place it in the basket,glass_blur,1,17,103017,True,257
object,3,pick up the bbq sauce and place it in the basket,glass_blur,1,18,103018,False,280
object,3,pick up the bbq sauce and place it in the basket,glass_blur,1,19,103019,True,145
object,3,pick up the bbq sauce and place it in the basket,glass_blur,1,20,103020,True,143
object,3,pick up the bbq sauce and place it in the basket,glass_blur,1,21,103021,False,280
object,3,pick up the bbq sauce and place it in the basket,glass_blur,1,22,103022,False,280
object,3,pick up the bbq sauce and place it in the basket,glass_blur,1,23,103023,True,139
object,3,pick up the bbq sauce and place it in the basket,glass_blur,1,24,103024,True,154
object,3,pick up the bbq sauce and place it in the basket,glass_blur,1,25,103025,False,280
object,3,pick up the bbq sauce and place it in the basket,glass_blur,1,26,103026,True,173
object,3,pick up the bbq sauce and place it in the basket,glass_blur,1,27,103027,False,280
object,3,pick up the bbq sauce and place it in the basket,glass_blur,1,28,103028,False,280
object,3,pick up the bbq sauce and place it in the basket,glass_blur,1,29,103029,False,280
object,3,pick up the bbq sauce and place it in the basket,glass_blur,1,30,103030,False,280
object,3,pick up the bbq sauce and place it in the basket,glass_blur,1,31,103031,False,280
object,3,pick up the bbq sauce and place it in the basket,glass_blur,1,32,103032,False,280
object,3,pick up the bbq sauce and place it in the basket,glass_blur,1,33,103033,False,280
object,3,pick up the bbq sauce and place it in the basket,glass_blur,1,34,103034,True,188
object,3,pick up the bbq sauce and place it in the basket,glass_blur,1,35,103035,False,280
object,3,pick up the bbq sauce and place it in the basket,glass_blur,1,36,103036,True,202
object,3,pick up the bbq sauce and place it in the basket,glass_blur,1,37,103037,False,280
object,3,pick up the bbq sauce and place it in the basket,glass_blur,1,38,103038,False,280
object,3,pick up the bbq sauce and place it in the basket,glass_blur,1,39,103039,False,280
object,3,pick up the bbq sauce and place it in the basket,glass_blur,1,40,103040,True,164
object,3,pick up the bbq sauce and place it in the basket,glass_blur,1,41,103041,False,280
object,3,pick up the bbq sauce and place it in the basket,glass_blur,1,42,103042,True,170
object,3,pick up the bbq sauce and place it in the basket,glass_blur,1,43,103043,True,171
object,3,pick up the bbq sauce and place it in the basket,glass_blur,1,44,103044,False,280
object,3,pick up the bbq sauce and place it in the basket,glass_blur,1,45,103045,True,164
object,3,pick up the bbq sauce and place it in the basket,glass_blur,1,46,103046,True,136
object,3,pick up the bbq sauce and place it in the basket,glass_blur,1,47,103047,False,280
object,3,pick up the bbq sauce and place it in the basket,glass_blur,1,48,103048,False,280
object,3,pick up the bbq sauce and place it in the basket,glass_blur,1,49,103049,True,129
object,4,pick up the ketchup and place it in the basket,clean,0,0,104000,True,139
object,4,pick up the ketchup and place it in the basket,clean,0,1,104001,True,160
object,4,pick up the ketchup and place it in the basket,clean,0,2,104002,True,158
object,4,pick up the ketchup and place it in the basket,clean,0,3,104003,True,192
object,4,pick up the ketchup and place it in the basket,clean,0,4,104004,True,166
object,4,pick up the ketchup and place it in the basket,clean,0,5,104005,True,225
object,4,pick up the ketchup and place it in the basket,clean,0,6,104006,False,280
object,4,pick up the ketchup and place it in the basket,clean,0,7,104007,False,280
object,4,pick up the ketchup and place it in the basket,clean,0,8,104008,True,232
object,4,pick up the ketchup and place it in the basket,clean,0,9,104009,False,280
object,4,pick up the ketchup and place it in the basket,clean,0,10,104010,True,226
object,4,pick up the ketchup and place it in the basket,clean,0,11,104011,True,169
object,4,pick up the ketchup and place it in the basket,clean,0,12,104012,True,163
object,4,pick up the ketchup and place it in the basket,clean,0,13,104013,True,158
object,4,pick up the ketchup and place it in the basket,clean,0,14,104014,True,171
object,4,pick up the ketchup and place it in the basket,clean,0,15,104015,True,153
object,4,pick up the ketchup and place it in the basket,clean,0,16,104016,True,151
object,4,pick up the ketchup and place it in the basket,clean,0,17,104017,True,168
object,4,pick up the ketchup and place it in the basket,clean,0,18,104018,True,151
object,4,pick up the ketchup and place it in the basket,clean,0,19,104019,True,147
object,4,pick up the ketchup and place it in the basket,clean,0,20,104020,False,280
object,4,pick up the ketchup and place it in the basket,clean,0,21,104021,True,146
object,4,pick up the ketchup and place it in the basket,clean,0,22,104022,False,280
object,4,pick up the ketchup and place it in the basket,clean,0,23,104023,True,146
object,4,pick up the ketchup and place it in the basket,clean,0,24,104024,True,182
object,4,pick up the ketchup and place it in the basket,clean,0,25,104025,True,158
object,4,pick up the ketchup and place it in the basket,clean,0,26,104026,True,184
object,4,pick up the ketchup and place it in the basket,clean,0,27,104027,True,223
object,4,pick up the ketchup and place it in the basket,clean,0,28,104028,True,154
object,4,pick up the ketchup and place it in the basket,clean,0,29,104029,True,139
object,4,pick up the ketchup and place it in the basket,clean,0,30,104030,True,168
object,4,pick up the ketchup and place it in the basket,clean,0,31,104031,True,149
object,4,pick up the ketchup and place it in the basket,clean,0,32,104032,True,145
object,4,pick up the ketchup and place it in the basket,clean,0,33,104033,True,220
object,4,pick up the ketchup and place it in the basket,clean,0,34,104034,True,162
object,4,pick up the ketchup and place it in the basket,clean,0,35,104035,False,280
object,4,pick up the ketchup and place it in the basket,clean,0,36,104036,True,175
object,4,pick up the ketchup and place it in the basket,clean,0,37,104037,True,145
object,4,pick up the ketchup and place it in the basket,clean,0,38,104038,True,155
object,4,pick up the ketchup and place it in the basket,clean,0,39,104039,True,161
object,4,pick up the ketchup and place it in the basket,clean,0,40,104040,False,280
object,4,pick up the ketchup and place it in the basket,clean,0,41,104041,True,157
object,4,pick up the ketchup and place it in the basket,clean,0,42,104042,True,160
object,4,pick up the ketchup and place it in the basket,clean,0,43,104043,True,159
object,4,pick up the ketchup and place it in the basket,clean,0,44,104044,True,156
object,4,pick up the ketchup and place it in the basket,clean,0,45,104045,True,158
object,4,pick up the ketchup and place it in the basket,clean,0,46,104046,True,155
object,4,pick up the ketchup and place it in the basket,clean,0,47,104047,True,179
object,4,pick up the ketchup and place it in the basket,clean,0,48,104048,True,154
object,4,pick up the ketchup and place it in the basket,clean,0,49,104049,True,153
object,4,pick up the ketchup and place it in the basket,motion_blur,1,0,104000,True,201
object,4,pick up the ketchup and place it in the basket,motion_blur,1,1,104001,False,280
object,4,pick up the ketchup and place it in the basket,motion_blur,1,2,104002,False,280
object,4,pick up the ketchup and place it in the basket,motion_blur,1,3,104003,False,280
object,4,pick up the ketchup and place it in the basket,motion_blur,1,4,104004,False,280
object,4,pick up the ketchup and place it in the basket,motion_blur,1,5,104005,False,280
object,4,pick up the ketchup and place it in the basket,motion_blur,1,6,104006,False,280
object,4,pick up the ketchup and place it in the basket,motion_blur,1,7,104007,False,280
object,4,pick up the ketchup and place it in the basket,motion_blur,1,8,104008,False,280
object,4,pick up the ketchup and place it in the basket,motion_blur,1,9,104009,True,211
object,4,pick up the ketchup and place it in the basket,motion_blur,1,10,104010,True,268
object,4,pick up the ketchup and place it in the basket,motion_blur,1,11,104011,False,280
object,4,pick up the ketchup and place it in the basket,motion_blur,1,12,104012,False,280
object,4,pick up the ketchup and place it in the basket,motion_blur,1,13,104013,True,192
object,4,pick up the ketchup and place it in the basket,motion_blur,1,14,104014,False,280
object,4,pick up the ketchup and place it in the basket,motion_blur,1,15,104015,True,247
object,4,pick up the ketchup and place it in the basket,motion_blur,1,16,104016,True,176
object,4,pick up the ketchup and place it in the basket,motion_blur,1,17,104017,True,222
object,4,pick up the ketchup and place it in the basket,motion_blur,1,18,104018,False,280
object,4,pick up the ketchup and place it in the basket,motion_blur,1,19,104019,False,280
object,4,pick up the ketchup and place it in the basket,motion_blur,1,20,104020,False,280
object,4,pick up the ketchup and place it in the basket,motion_blur,1,21,104021,False,280
object,4,pick up the ketchup and place it in the basket,motion_blur,1,22,104022,False,280
object,4,pick up the ketchup and place it in the basket,motion_blur,1,23,104023,False,280
object,4,pick up the ketchup and place it in the basket,motion_blur,1,24,104024,False,280
object,4,pick up the ketchup and place it in the basket,motion_blur,1,25,104025,False,280
object,4,pick up the ketchup and place it in the basket,motion_blur,1,26,104026,False,280
object,4,pick up the ketchup and place it in the basket,motion_blur,1,27,104027,True,211
object,4,pick up the ketchup and place it in the basket,motion_blur,1,28,104028,False,280
object,4,pick up the ketchup and place it in the basket,motion_blur,1,29,104029,False,280
object,4,pick up the ketchup and place it in the basket,motion_blur,1,30,104030,False,280
object,4,pick up the ketchup and place it in the basket,motion_blur,1,31,104031,False,280
object,4,pick up the ketchup and place it in the basket,motion_blur,1,32,104032,False,280
object,4,pick up the ketchup and place it in the basket,motion_blur,1,33,104033,False,280
object,4,pick up the ketchup and place it in the basket,motion_blur,1,34,104034,False,280
object,4,pick up the ketchup and place it in the basket,motion_blur,1,35,104035,False,280
object,4,pick up the ketchup and place it in the basket,motion_blur,1,36,104036,False,280
object,4,pick up the ketchup and place it in the basket,motion_blur,1,37,104037,True,251
object,4,pick up the ketchup and place it in the basket,motion_blur,1,38,104038,False,280
object,4,pick up the ketchup and place it in the basket,motion_blur,1,39,104039,False,280
object,4,pick up the ketchup and place it in the basket,motion_blur,1,40,104040,False,280
object,4,pick up the ketchup and place it in the basket,motion_blur,1,41,104041,False,280
object,4,pick up the ketchup and place it in the basket,motion_blur,1,42,104042,False,280
object,4,pick up the ketchup and place it in the basket,motion_blur,1,43,104043,False,280
object,4,pick up the ketchup and place it in the basket,motion_blur,1,44,104044,False,280
object,4,pick up the ketchup and place it in the basket,motion_blur,1,45,104045,False,280
object,4,pick up the ketchup and place it in the basket,motion_blur,1,46,104046,False,280
object,4,pick up the ketchup and place it in the basket,motion_blur,1,47,104047,False,280
object,4,pick up the ketchup and place it in the basket,motion_blur,1,48,104048,False,280
object,4,pick up the ketchup and place it in the basket,motion_blur,1,49,104049,True,242
object,4,pick up the ketchup and place it in the basket,gaussian_blur,1,0,104000,False,280
object,4,pick up the ketchup and place it in the basket,gaussian_blur,1,1,104001,False,280
object,4,pick up the ketchup and place it in the basket,gaussian_blur,1,2,104002,False,280
object,4,pick up the ketchup and place it in the basket,gaussian_blur,1,3,104003,False,280
object,4,pick up the ketchup and place it in the basket,gaussian_blur,1,4,104004,False,280
object,4,pick up the ketchup and place it in the basket,gaussian_blur,1,5,104005,True,163
object,4,pick up the ketchup and place it in the basket,gaussian_blur,1,6,104006,False,280
object,4,pick up the ketchup and place it in the basket,gaussian_blur,1,7,104007,False,280
object,4,pick up the ketchup and place it in the basket,gaussian_blur,1,8,104008,False,280
object,4,pick up the ketchup and place it in the basket,gaussian_blur,1,9,104009,False,280
object,4,pick up the ketchup and place it in the basket,gaussian_blur,1,10,104010,False,280
object,4,pick up the ketchup and place it in the basket,gaussian_blur,1,11,104011,True,169
object,4,pick up the ketchup and place it in the basket,gaussian_blur,1,12,104012,True,224
object,4,pick up the ketchup and place it in the basket,gaussian_blur,1,13,104013,False,280
object,4,pick up the ketchup and place it in the basket,gaussian_blur,1,14,104014,False,280
object,4,pick up the ketchup and place it in the basket,gaussian_blur,1,15,104015,False,280
object,4,pick up the ketchup and place it in the basket,gaussian_blur,1,16,104016,False,280
object,4,pick up the ketchup and place it in the basket,gaussian_blur,1,17,104017,False,280
object,4,pick up the ketchup and place it in the basket,gaussian_blur,1,18,104018,False,280
object,4,pick up the ketchup and place it in the basket,gaussian_blur,1,19,104019,False,280
object,4,pick up the ketchup and place it in the basket,gaussian_blur,1,20,104020,False,280
object,4,pick up the ketchup and place it in the basket,gaussian_blur,1,21,104021,True,251
object,4,pick up the ketchup and place it in the basket,gaussian_blur,1,22,104022,False,280
object,4,pick up the ketchup and place it in the basket,gaussian_blur,1,23,104023,False,280
object,4,pick up the ketchup and place it in the basket,gaussian_blur,1,24,104024,False,280
object,4,pick up the ketchup and place it in the basket,gaussian_blur,1,25,104025,False,280
object,4,pick up the ketchup and place it in the basket,gaussian_blur,1,26,104026,False,280
object,4,pick up the ketchup and place it in the basket,gaussian_blur,1,27,104027,False,280
object,4,pick up the ketchup and place it in the basket,gaussian_blur,1,28,104028,False,280
object,4,pick up the ketchup and place it in the basket,gaussian_blur,1,29,104029,True,213
object,4,pick up the ketchup and place it in the basket,gaussian_blur,1,30,104030,True,159
object,4,pick up the ketchup and place it in the basket,gaussian_blur,1,31,104031,False,280
object,4,pick up the ketchup and place it in the basket,gaussian_blur,1,32,104032,True,239
object,4,pick up the ketchup and place it in the basket,gaussian_blur,1,33,104033,True,161
object,4,pick up the ketchup and place it in the basket,gaussian_blur,1,34,104034,False,280
object,4,pick up the ketchup and place it in the basket,gaussian_blur,1,35,104035,False,280
object,4,pick up the ketchup and place it in the basket,gaussian_blur,1,36,104036,False,280
object,4,pick up the ketchup and place it in the basket,gaussian_blur,1,37,104037,False,280
object,4,pick up the ketchup and place it in the basket,gaussian_blur,1,38,104038,False,280
object,4,pick up the ketchup and place it in the basket,gaussian_blur,1,39,104039,False,280
object,4,pick up the ketchup and place it in the basket,gaussian_blur,1,40,104040,False,280
object,4,pick up the ketchup and place it in the basket,gaussian_blur,1,41,104041,False,280
object,4,pick up the ketchup and place it in the basket,gaussian_blur,1,42,104042,False,280
object,4,pick up the ketchup and place it in the basket,gaussian_blur,1,43,104043,True,166
object,4,pick up the ketchup and place it in the basket,gaussian_blur,1,44,104044,False,280
object,4,pick up the ketchup and place it in the basket,gaussian_blur,1,45,104045,False,280
object,4,pick up the ketchup and place it in the basket,gaussian_blur,1,46,104046,False,280
object,4,pick up the ketchup and place it in the basket,gaussian_blur,1,47,104047,True,158
object,4,pick up the ketchup and place it in the basket,gaussian_blur,1,48,104048,True,204
object,4,pick up the ketchup and place it in the basket,gaussian_blur,1,49,104049,True,167
object,4,pick up the ketchup and place it in the basket,zoom_blur,1,0,104000,False,280
object,4,pick up the ketchup and place it in the basket,zoom_blur,1,1,104001,False,280
object,4,pick up the ketchup and place it in the basket,zoom_blur,1,2,104002,True,150
object,4,pick up the ketchup and place it in the basket,zoom_blur,1,3,104003,True,157
object,4,pick up the ketchup and place it in the basket,zoom_blur,1,4,104004,True,164
object,4,pick up the ketchup and place it in the basket,zoom_blur,1,5,104005,False,280
object,4,pick up the ketchup and place it in the basket,zoom_blur,1,6,104006,True,176
object,4,pick up the ketchup and place it in the basket,zoom_blur,1,7,104007,False,280
object,4,pick up the ketchup and place it in the basket,zoom_blur,1,8,104008,True,159
object,4,pick up the ketchup and place it in the basket,zoom_blur,1,9,104009,True,178
object,4,pick up the ketchup and place it in the basket,zoom_blur,1,10,104010,False,280
object,4,pick up the ketchup and place it in the basket,zoom_blur,1,11,104011,False,280
object,4,pick up the ketchup and place it in the basket,zoom_blur,1,12,104012,True,154
object,4,pick up the ketchup and place it in the basket,zoom_blur,1,13,104013,True,161
object,4,pick up the ketchup and place it in the basket,zoom_blur,1,14,104014,True,164
object,4,pick up the ketchup and place it in the basket,zoom_blur,1,15,104015,False,280
object,4,pick up the ketchup and place it in the basket,zoom_blur,1,16,104016,True,150
object,4,pick up the ketchup and place it in the basket,zoom_blur,1,17,104017,False,280
object,4,pick up the ketchup and place it in the basket,zoom_blur,1,18,104018,False,280
object,4,pick up the ketchup and place it in the basket,zoom_blur,1,19,104019,True,165
object,4,pick up the ketchup and place it in the basket,zoom_blur,1,20,104020,True,186
object,4,pick up the ketchup and place it in the basket,zoom_blur,1,21,104021,True,167
object,4,pick up the ketchup and place it in the basket,zoom_blur,1,22,104022,False,280
object,4,pick up the ketchup and place it in the basket,zoom_blur,1,23,104023,False,280
object,4,pick up the ketchup and place it in the basket,zoom_blur,1,24,104024,False,280
object,4,pick up the ketchup and place it in the basket,zoom_blur,1,25,104025,False,280
object,4,pick up the ketchup and place it in the basket,zoom_blur,1,26,104026,False,280
object,4,pick up the ketchup and place it in the basket,zoom_blur,1,27,104027,False,280
object,4,pick up the ketchup and place it in the basket,zoom_blur,1,28,104028,False,280
object,4,pick up the ketchup and place it in the basket,zoom_blur,1,29,104029,True,156
object,4,pick up the ketchup and place it in the basket,zoom_blur,1,30,104030,True,150
object,4,pick up the ketchup and place it in the basket,zoom_blur,1,31,104031,False,280
object,4,pick up the ketchup and place it in the basket,zoom_blur,1,32,104032,False,280
object,4,pick up the ketchup and place it in the basket,zoom_blur,1,33,104033,True,170
object,4,pick up the ketchup and place it in the basket,zoom_blur,1,34,104034,False,280
object,4,pick up the ketchup and place it in the basket,zoom_blur,1,35,104035,False,280
object,4,pick up the ketchup and place it in the basket,zoom_blur,1,36,104036,False,280
object,4,pick up the ketchup and place it in the basket,zoom_blur,1,37,104037,True,157
object,4,pick up the ketchup and place it in the basket,zoom_blur,1,38,104038,True,165
object,4,pick up the ketchup and place it in the basket,zoom_blur,1,39,104039,True,152
object,4,pick up the ketchup and place it in the basket,zoom_blur,1,40,104040,False,280
object,4,pick up the ketchup and place it in the basket,zoom_blur,1,41,104041,True,171
object,4,pick up the ketchup and place it in the basket,zoom_blur,1,42,104042,True,196
object,4,pick up the ketchup and place it in the basket,zoom_blur,1,43,104043,True,188
object,4,pick up the ketchup and place it in the basket,zoom_blur,1,44,104044,True,178
object,4,pick up the ketchup and place it in the basket,zoom_blur,1,45,104045,False,280
object,4,pick up the ketchup and place it in the basket,zoom_blur,1,46,104046,False,280
object,4,pick up the ketchup and place it in the basket,zoom_blur,1,47,104047,True,214
object,4,pick up the ketchup and place it in the basket,zoom_blur,1,48,104048,False,280
object,4,pick up the ketchup and place it in the basket,zoom_blur,1,49,104049,False,280
object,4,pick up the ketchup and place it in the basket,fog,1,0,104000,True,150
object,4,pick up the ketchup and place it in the basket,fog,1,1,104001,True,161
object,4,pick up the ketchup and place it in the basket,fog,1,2,104002,True,179
object,4,pick up the ketchup and place it in the basket,fog,1,3,104003,True,207
object,4,pick up the ketchup and place it in the basket,fog,1,4,104004,False,280
object,4,pick up the ketchup and place it in the basket,fog,1,5,104005,True,150
object,4,pick up the ketchup and place it in the basket,fog,1,6,104006,True,181
object,4,pick up the ketchup and place it in the basket,fog,1,7,104007,True,169
object,4,pick up the ketchup and place it in the basket,fog,1,8,104008,True,155
object,4,pick up the ketchup and place it in the basket,fog,1,9,104009,False,280
object,4,pick up the ketchup and place it in the basket,fog,1,10,104010,True,167
object,4,pick up the ketchup and place it in the basket,fog,1,11,104011,False,280
object,4,pick up the ketchup and place it in the basket,fog,1,12,104012,True,229
object,4,pick up the ketchup and place it in the basket,fog,1,13,104013,True,172
object,4,pick up the ketchup and place it in the basket,fog,1,14,104014,False,280
object,4,pick up the ketchup and place it in the basket,fog,1,15,104015,False,280
object,4,pick up the ketchup and place it in the basket,fog,1,16,104016,False,280
object,4,pick up the ketchup and place it in the basket,fog,1,17,104017,False,280
object,4,pick up the ketchup and place it in the basket,fog,1,18,104018,True,243
object,4,pick up the ketchup and place it in the basket,fog,1,19,104019,True,154
object,4,pick up the ketchup and place it in the basket,fog,1,20,104020,True,165
object,4,pick up the ketchup and place it in the basket,fog,1,21,104021,True,171
object,4,pick up the ketchup and place it in the basket,fog,1,22,104022,False,280
object,4,pick up the ketchup and place it in the basket,fog,1,23,104023,False,280
object,4,pick up the ketchup and place it in the basket,fog,1,24,104024,False,280
object,4,pick up the ketchup and place it in the basket,fog,1,25,104025,True,158
object,4,pick up the ketchup and place it in the basket,fog,1,26,104026,False,280
object,4,pick up the ketchup and place it in the basket,fog,1,27,104027,False,280
object,4,pick up the ketchup and place it in the basket,fog,1,28,104028,True,142
object,4,pick up the ketchup and place it in the basket,fog,1,29,104029,False,280
object,4,pick up the ketchup and place it in the basket,fog,1,30,104030,True,201
object,4,pick up the ketchup and place it in the basket,fog,1,31,104031,True,180
object,4,pick up the ketchup and place it in the basket,fog,1,32,104032,True,152
object,4,pick up the ketchup and place it in the basket,fog,1,33,104033,True,157
object,4,pick up the ketchup and place it in the basket,fog,1,34,104034,False,280
object,4,pick up the ketchup and place it in the basket,fog,1,35,104035,False,280
object,4,pick up the ketchup and place it in the basket,fog,1,36,104036,False,280
object,4,pick up the ketchup and place it in the basket,fog,1,37,104037,True,162
object,4,pick up the ketchup and place it in the basket,fog,1,38,104038,False,280
object,4,pick up the ketchup and place it in the basket,fog,1,39,104039,True,178
object,4,pick up the ketchup and place it in the basket,fog,1,40,104040,True,189
object,4,pick up the ketchup and place it in the basket,fog,1,41,104041,True,185
object,4,pick up the ketchup and place it in the basket,fog,1,42,104042,False,280
object,4,pick up the ketchup and place it in the basket,fog,1,43,104043,True,145
object,4,pick up the ketchup and place it in the basket,fog,1,44,104044,True,160
object,4,pick up the ketchup and place it in the basket,fog,1,45,104045,True,152
object,4,pick up the ketchup and place it in the basket,fog,1,46,104046,False,280
object,4,pick up the ketchup and place it in the basket,fog,1,47,104047,True,151
object,4,pick up the ketchup and place it in the basket,fog,1,48,104048,False,280
object,4,pick up the ketchup and place it in the basket,fog,1,49,104049,False,280
object,4,pick up the ketchup and place it in the basket,glass_blur,1,0,104000,False,280
object,4,pick up the ketchup and place it in the basket,glass_blur,1,1,104001,False,280
object,4,pick up the ketchup and place it in the basket,glass_blur,1,2,104002,False,280
object,4,pick up the ketchup and place it in the basket,glass_blur,1,3,104003,False,280
object,4,pick up the ketchup and place it in the basket,glass_blur,1,4,104004,False,280
object,4,pick up the ketchup and place it in the basket,glass_blur,1,5,104005,False,280
object,4,pick up the ketchup and place it in the basket,glass_blur,1,6,104006,False,280
object,4,pick up the ketchup and place it in the basket,glass_blur,1,7,104007,False,280
object,4,pick up the ketchup and place it in the basket,glass_blur,1,8,104008,False,280
object,4,pick up the ketchup and place it in the basket,glass_blur,1,9,104009,False,280
object,4,pick up the ketchup and place it in the basket,glass_blur,1,10,104010,False,280
object,4,pick up the ketchup and place it in the basket,glass_blur,1,11,104011,False,280
object,4,pick up the ketchup and place it in the basket,glass_blur,1,12,104012,False,280
object,4,pick up the ketchup and place it in the basket,glass_blur,1,13,104013,False,280
object,4,pick up the ketchup and place it in the basket,glass_blur,1,14,104014,False,280
object,4,pick up the ketchup and place it in the basket,glass_blur,1,15,104015,False,280
object,4,pick up the ketchup and place it in the basket,glass_blur,1,16,104016,False,280
object,4,pick up the ketchup and place it in the basket,glass_blur,1,17,104017,False,280
object,4,pick up the ketchup and place it in the basket,glass_blur,1,18,104018,False,280
object,4,pick up the ketchup and place it in the basket,glass_blur,1,19,104019,False,280
object,4,pick up the ketchup and place it in the basket,glass_blur,1,20,104020,False,280
object,4,pick up the ketchup and place it in the basket,glass_blur,1,21,104021,False,280
object,4,pick up the ketchup and place it in the basket,glass_blur,1,22,104022,False,280
object,4,pick up the ketchup and place it in the basket,glass_blur,1,23,104023,False,280
object,4,pick up the ketchup and place it in the basket,glass_blur,1,24,104024,False,280
object,4,pick up the ketchup and place it in the basket,glass_blur,1,25,104025,False,280
object,4,pick up the ketchup and place it in the basket,glass_blur,1,26,104026,False,280
object,4,pick up the ketchup and place it in the basket,glass_blur,1,27,104027,False,280
object,4,pick up the ketchup and place it in the basket,glass_blur,1,28,104028,False,280
object,4,pick up the ketchup and place it in the basket,glass_blur,1,29,104029,False,280
object,4,pick up the ketchup and place it in the basket,glass_blur,1,30,104030,False,280
object,4,pick up the ketchup and place it in the basket,glass_blur,1,31,104031,False,280
object,4,pick up the ketchup and place it in the basket,glass_blur,1,32,104032,False,280
object,4,pick up the ketchup and place it in the basket,glass_blur,1,33,104033,False,280
object,4,pick up the ketchup and place it in the basket,glass_blur,1,34,104034,False,280
object,4,pick up the ketchup and place it in the basket,glass_blur,1,35,104035,False,280
object,4,pick up the ketchup and place it in the basket,glass_blur,1,36,104036,False,280
object,4,pick up the ketchup and place it in the basket,glass_blur,1,37,104037,False,280
object,4,pick up the ketchup and place it in the basket,glass_blur,1,38,104038,False,280
object,4,pick up the ketchup and place it in the basket,glass_blur,1,39,104039,False,280
object,4,pick up the ketchup and place it in the basket,glass_blur,1,40,104040,False,280
object,4,pick up the ketchup and place it in the basket,glass_blur,1,41,104041,False,280
object,4,pick up the ketchup and place it in the basket,glass_blur,1,42,104042,False,280
object,4,pick up the ketchup and place it in the basket,glass_blur,1,43,104043,False,280
object,4,pick up the ketchup and place it in the basket,glass_blur,1,44,104044,False,280
object,4,pick up the ketchup and place it in the basket,glass_blur,1,45,104045,False,280
object,4,pick up the ketchup and place it in the basket,glass_blur,1,46,104046,False,280
object,4,pick up the ketchup and place it in the basket,glass_blur,1,47,104047,False,280
object,4,pick up the ketchup and place it in the basket,glass_blur,1,48,104048,False,280
object,4,pick up the ketchup and place it in the basket,glass_blur,1,49,104049,False,280
goal,0,open the middle drawer of the cabinet,clean,0,0,200000,False,280
goal,0,open the middle drawer of the cabinet,clean,0,1,200001,False,280
goal,0,open the middle drawer of the cabinet,clean,0,2,200002,False,280
goal,0,open the middle drawer of the cabinet,clean,0,3,200003,False,280
goal,0,open the middle drawer of the cabinet,clean,0,4,200004,False,280
goal,0,open the middle drawer of the cabinet,clean,0,5,200005,True,159
goal,0,open the middle drawer of the cabinet,clean,0,6,200006,True,130
goal,0,open the middle drawer of the cabinet,clean,0,7,200007,True,178
goal,0,open the middle drawer of the cabinet,clean,0,8,200008,True,123
goal,0,open the middle drawer of the cabinet,clean,0,9,200009,True,268
goal,0,open the middle drawer of the cabinet,clean,0,10,200010,False,280
goal,0,open the middle drawer of the cabinet,clean,0,11,200011,True,272
goal,0,open the middle drawer of the cabinet,clean,0,12,200012,False,280
goal,0,open the middle drawer of the cabinet,clean,0,13,200013,False,280
goal,0,open the middle drawer of the cabinet,clean,0,14,200014,True,258
goal,0,open the middle drawer of the cabinet,clean,0,15,200015,True,139
goal,0,open the middle drawer of the cabinet,clean,0,16,200016,True,133
goal,0,open the middle drawer of the cabinet,clean,0,17,200017,False,280
goal,0,open the middle drawer of the cabinet,clean,0,18,200018,True,147
goal,0,open the middle drawer of the cabinet,clean,0,19,200019,True,142
goal,0,open the middle drawer of the cabinet,clean,0,20,200020,False,280
goal,0,open the middle drawer of the cabinet,clean,0,21,200021,False,280
goal,0,open the middle drawer of the cabinet,clean,0,22,200022,False,280
goal,0,open the middle drawer of the cabinet,clean,0,23,200023,False,280
goal,0,open the middle drawer of the cabinet,clean,0,24,200024,True,185
goal,0,open the middle drawer of the cabinet,clean,0,25,200025,True,280
goal,0,open the middle drawer of the cabinet,clean,0,26,200026,False,280
goal,0,open the middle drawer of the cabinet,clean,0,27,200027,True,140
goal,0,open the middle drawer of the cabinet,clean,0,28,200028,True,278
goal,0,open the middle drawer of the cabinet,clean,0,29,200029,False,280
goal,0,open the middle drawer of the cabinet,clean,0,30,200030,True,134
goal,0,open the middle drawer of the cabinet,clean,0,31,200031,False,280
goal,0,open the middle drawer of the cabinet,clean,0,32,200032,True,127
goal,0,open the middle drawer of the cabinet,clean,0,33,200033,False,280
goal,0,open the middle drawer of the cabinet,clean,0,34,200034,True,206
goal,0,open the middle drawer of the cabinet,clean,0,35,200035,False,280
goal,0,open the middle drawer of the cabinet,clean,0,36,200036,True,149
goal,0,open the middle drawer of the cabinet,clean,0,37,200037,False,280
goal,0,open the middle drawer of the cabinet,clean,0,38,200038,True,140
goal,0,open the middle drawer of the cabinet,clean,0,39,200039,True,135
goal,0,open the middle drawer of the cabinet,clean,0,40,200040,True,126
goal,0,open the middle drawer of the cabinet,clean,0,41,200041,False,280
goal,0,open the middle drawer of the cabinet,clean,0,42,200042,True,231
goal,0,open the middle drawer of the cabinet,clean,0,43,200043,False,280
goal,0,open the middle drawer of the cabinet,clean,0,44,200044,True,142
goal,0,open the middle drawer of the cabinet,clean,0,45,200045,False,280
goal,0,open the middle drawer of the cabinet,clean,0,46,200046,False,280
goal,0,open the middle drawer of the cabinet,clean,0,47,200047,True,125
goal,0,open the middle drawer of the cabinet,clean,0,48,200048,False,280
goal,0,open the middle drawer of the cabinet,clean,0,49,200049,True,128
goal,0,open the middle drawer of the cabinet,motion_blur,1,0,200000,False,280
goal,0,open the middle drawer of the cabinet,motion_blur,1,1,200001,True,138
goal,0,open the middle drawer of the cabinet,motion_blur,1,2,200002,True,136
goal,0,open the middle drawer of the cabinet,motion_blur,1,3,200003,True,142
goal,0,open the middle drawer of the cabinet,motion_blur,1,4,200004,False,280
goal,0,open the middle drawer of the cabinet,motion_blur,1,5,200005,True,124
goal,0,open the middle drawer of the cabinet,motion_blur,1,6,200006,False,280
goal,0,open the middle drawer of the cabinet,motion_blur,1,7,200007,False,280
goal,0,open the middle drawer of the cabinet,motion_blur,1,8,200008,False,280
goal,0,open the middle drawer of the cabinet,motion_blur,1,9,200009,True,129
goal,0,open the middle drawer of the cabinet,motion_blur,1,10,200010,False,280
goal,0,open the middle drawer of the cabinet,motion_blur,1,11,200011,False,280
goal,0,open the middle drawer of the cabinet,motion_blur,1,12,200012,True,129
goal,0,open the middle drawer of the cabinet,motion_blur,1,13,200013,False,280
goal,0,open the middle drawer of the cabinet,motion_blur,1,14,200014,True,135
goal,0,open the middle drawer of the cabinet,motion_blur,1,15,200015,True,142
goal,0,open the middle drawer of the cabinet,motion_blur,1,16,200016,False,280
goal,0,open the middle drawer of the cabinet,motion_blur,1,17,200017,False,280
goal,0,open the middle drawer of the cabinet,motion_blur,1,18,200018,True,124
goal,0,open the middle drawer of the cabinet,motion_blur,1,19,200019,True,123
goal,0,open the middle drawer of the cabinet,motion_blur,1,20,200020,False,280
goal,0,open the middle drawer of the cabinet,motion_blur,1,21,200021,True,127
goal,0,open the middle drawer of the cabinet,motion_blur,1,22,200022,True,135
goal,0,open the middle drawer of the cabinet,motion_blur,1,23,200023,False,280
goal,0,open the middle drawer of the cabinet,motion_blur,1,24,200024,True,145
goal,0,open the middle drawer of the cabinet,motion_blur,1,25,200025,True,133
goal,0,open the middle drawer of the cabinet,motion_blur,1,26,200026,True,124
goal,0,open the middle drawer of the cabinet,motion_blur,1,27,200027,True,126
goal,0,open the middle drawer of the cabinet,motion_blur,1,28,200028,True,150
goal,0,open the middle drawer of the cabinet,motion_blur,1,29,200029,True,163
goal,0,open the middle drawer of the cabinet,motion_blur,1,30,200030,True,124
goal,0,open the middle drawer of the cabinet,motion_blur,1,31,200031,True,122
goal,0,open the middle drawer of the cabinet,motion_blur,1,32,200032,True,138
goal,0,open the middle drawer of the cabinet,motion_blur,1,33,200033,True,140
goal,0,open the middle drawer of the cabinet,motion_blur,1,34,200034,True,134
goal,0,open the middle drawer of the cabinet,motion_blur,1,35,200035,True,119
goal,0,open the middle drawer of the cabinet,motion_blur,1,36,200036,True,140
goal,0,open the middle drawer of the cabinet,motion_blur,1,37,200037,False,280
goal,0,open the middle drawer of the cabinet,motion_blur,1,38,200038,False,280
goal,0,open the middle drawer of the cabinet,motion_blur,1,39,200039,True,129
goal,0,open the middle drawer of the cabinet,motion_blur,1,40,200040,True,134
goal,0,open the middle drawer of the cabinet,motion_blur,1,41,200041,True,127
goal,0,open the middle drawer of the cabinet,motion_blur,1,42,200042,True,138
goal,0,open the middle drawer of the cabinet,motion_blur,1,43,200043,True,118
goal,0,open the middle drawer of the cabinet,motion_blur,1,44,200044,False,280
goal,0,open the middle drawer of the cabinet,motion_blur,1,45,200045,True,140
goal,0,open the middle drawer of the cabinet,motion_blur,1,46,200046,False,280
goal,0,open the middle drawer of the cabinet,motion_blur,1,47,200047,False,280
goal,0,open the middle drawer of the cabinet,motion_blur,1,48,200048,False,280
goal,0,open the middle drawer of the cabinet,motion_blur,1,49,200049,True,129
goal,0,open the middle drawer of the cabinet,gaussian_blur,1,0,200000,False,280
goal,0,open the middle drawer of the cabinet,gaussian_blur,1,1,200001,False,280
goal,0,open the middle drawer of the cabinet,gaussian_blur,1,2,200002,False,280
goal,0,open the middle drawer of the cabinet,gaussian_blur,1,3,200003,True,121
goal,0,open the middle drawer of the cabinet,gaussian_blur,1,4,200004,False,280
goal,0,open the middle drawer of the cabinet,gaussian_blur,1,5,200005,False,280
goal,0,open the middle drawer of the cabinet,gaussian_blur,1,6,200006,False,280
goal,0,open the middle drawer of the cabinet,gaussian_blur,1,7,200007,True,117
goal,0,open the middle drawer of the cabinet,gaussian_blur,1,8,200008,True,122
goal,0,open the middle drawer of the cabinet,gaussian_blur,1,9,200009,False,280
goal,0,open the middle drawer of the cabinet,gaussian_blur,1,10,200010,False,280
goal,0,open the middle drawer of the cabinet,gaussian_blur,1,11,200011,False,280
goal,0,open the middle drawer of the cabinet,gaussian_blur,1,12,200012,False,280
goal,0,open the middle drawer of the cabinet,gaussian_blur,1,13,200013,True,123
goal,0,open the middle drawer of the cabinet,gaussian_blur,1,14,200014,True,131
goal,0,open the middle drawer of the cabinet,gaussian_blur,1,15,200015,False,280
goal,0,open the middle drawer of the cabinet,gaussian_blur,1,16,200016,False,280
goal,0,open the middle drawer of the cabinet,gaussian_blur,1,17,200017,False,280
goal,0,open the middle drawer of the cabinet,gaussian_blur,1,18,200018,False,280
goal,0,open the middle drawer of the cabinet,gaussian_blur,1,19,200019,True,127
goal,0,open the middle drawer of the cabinet,gaussian_blur,1,20,200020,False,280
goal,0,open the middle drawer of the cabinet,gaussian_blur,1,21,200021,True,126
goal,0,open the middle drawer of the cabinet,gaussian_blur,1,22,200022,False,280
goal,0,open the middle drawer of the cabinet,gaussian_blur,1,23,200023,True,133
goal,0,open the middle drawer of the cabinet,gaussian_blur,1,24,200024,False,280
goal,0,open the middle drawer of the cabinet,gaussian_blur,1,25,200025,False,280
goal,0,open the middle drawer of the cabinet,gaussian_blur,1,26,200026,True,120
goal,0,open the middle drawer of the cabinet,gaussian_blur,1,27,200027,False,280
goal,0,open the middle drawer of the cabinet,gaussian_blur,1,28,200028,False,280
goal,0,open the middle drawer of the cabinet,gaussian_blur,1,29,200029,False,280
goal,0,open the middle drawer of the cabinet,gaussian_blur,1,30,200030,True,128
goal,0,open the middle drawer of the cabinet,gaussian_blur,1,31,200031,True,125
goal,0,open the middle drawer of the cabinet,gaussian_blur,1,32,200032,False,280
goal,0,open the middle drawer of the cabinet,gaussian_blur,1,33,200033,False,280
goal,0,open the middle drawer of the cabinet,gaussian_blur,1,34,200034,False,280
goal,0,open the middle drawer of the cabinet,gaussian_blur,1,35,200035,False,280
goal,0,open the middle drawer of the cabinet,gaussian_blur,1,36,200036,False,280
goal,0,open the middle drawer of the cabinet,gaussian_blur,1,37,200037,False,280
goal,0,open the middle drawer of the cabinet,gaussian_blur,1,38,200038,True,126
goal,0,open the middle drawer of the cabinet,gaussian_blur,1,39,200039,False,280
goal,0,open the middle drawer of the cabinet,gaussian_blur,1,40,200040,False,280
goal,0,open the middle drawer of the cabinet,gaussian_blur,1,41,200041,False,280
goal,0,open the middle drawer of the cabinet,gaussian_blur,1,42,200042,True,122
goal,0,open the middle drawer of the cabinet,gaussian_blur,1,43,200043,True,135
goal,0,open the middle drawer of the cabinet,gaussian_blur,1,44,200044,True,133
goal,0,open the middle drawer of the cabinet,gaussian_blur,1,45,200045,True,120
goal,0,open the middle drawer of the cabinet,gaussian_blur,1,46,200046,True,122
goal,0,open the middle drawer of the cabinet,gaussian_blur,1,47,200047,False,280
goal,0,open the middle drawer of the cabinet,gaussian_blur,1,48,200048,False,280
goal,0,open the middle drawer of the cabinet,gaussian_blur,1,49,200049,False,280
goal,0,open the middle drawer of the cabinet,zoom_blur,1,0,200000,True,116
goal,0,open the middle drawer of the cabinet,zoom_blur,1,1,200001,False,280
goal,0,open the middle drawer of the cabinet,zoom_blur,1,2,200002,False,280
goal,0,open the middle drawer of the cabinet,zoom_blur,1,3,200003,True,121
goal,0,open the middle drawer of the cabinet,zoom_blur,1,4,200004,True,122
goal,0,open the middle drawer of the cabinet,zoom_blur,1,5,200005,True,118
goal,0,open the middle drawer of the cabinet,zoom_blur,1,6,200006,False,280
goal,0,open the middle drawer of the cabinet,zoom_blur,1,7,200007,True,128
goal,0,open the middle drawer of the cabinet,zoom_blur,1,8,200008,True,118
goal,0,open the middle drawer of the cabinet,zoom_blur,1,9,200009,True,127
goal,0,open the middle drawer of the cabinet,zoom_blur,1,10,200010,True,121
goal,0,open the middle drawer of the cabinet,zoom_blur,1,11,200011,True,130
goal,0,open the middle drawer of the cabinet,zoom_blur,1,12,200012,True,122
goal,0,open the middle drawer of the cabinet,zoom_blur,1,13,200013,True,117
goal,0,open the middle drawer of the cabinet,zoom_blur,1,14,200014,False,280
goal,0,open the middle drawer of the cabinet,zoom_blur,1,15,200015,False,280
goal,0,open the middle drawer of the cabinet,zoom_blur,1,16,200016,True,130
goal,0,open the middle drawer of the cabinet,zoom_blur,1,17,200017,True,121
goal,0,open the middle drawer of the cabinet,zoom_blur,1,18,200018,True,115
goal,0,open the middle drawer of the cabinet,zoom_blur,1,19,200019,True,116
goal,0,open the middle drawer of the cabinet,zoom_blur,1,20,200020,True,119
goal,0,open the middle drawer of the cabinet,zoom_blur,1,21,200021,True,120
goal,0,open the middle drawer of the cabinet,zoom_blur,1,22,200022,False,280
goal,0,open the middle drawer of the cabinet,zoom_blur,1,23,200023,True,240
goal,0,open the middle drawer of the cabinet,zoom_blur,1,24,200024,True,130
goal,0,open the middle drawer of the cabinet,zoom_blur,1,25,200025,False,280
goal,0,open the middle drawer of the cabinet,zoom_blur,1,26,200026,True,127
goal,0,open the middle drawer of the cabinet,zoom_blur,1,27,200027,False,280
goal,0,open the middle drawer of the cabinet,zoom_blur,1,28,200028,True,122
goal,0,open the middle drawer of the cabinet,zoom_blur,1,29,200029,True,264
goal,0,open the middle drawer of the cabinet,zoom_blur,1,30,200030,False,280
goal,0,open the middle drawer of the cabinet,zoom_blur,1,31,200031,False,280
goal,0,open the middle drawer of the cabinet,zoom_blur,1,32,200032,True,128
goal,0,open the middle drawer of the cabinet,zoom_blur,1,33,200033,False,280
goal,0,open the middle drawer of the cabinet,zoom_blur,1,34,200034,True,126
goal,0,open the middle drawer of the cabinet,zoom_blur,1,35,200035,True,125
goal,0,open the middle drawer of the cabinet,zoom_blur,1,36,200036,True,119
goal,0,open the middle drawer of the cabinet,zoom_blur,1,37,200037,True,142
goal,0,open the middle drawer of the cabinet,zoom_blur,1,38,200038,False,280
goal,0,open the middle drawer of the cabinet,zoom_blur,1,39,200039,True,131
goal,0,open the middle drawer of the cabinet,zoom_blur,1,40,200040,True,122
goal,0,open the middle drawer of the cabinet,zoom_blur,1,41,200041,False,280
goal,0,open the middle drawer of the cabinet,zoom_blur,1,42,200042,False,280
goal,0,open the middle drawer of the cabinet,zoom_blur,1,43,200043,False,280
goal,0,open the middle drawer of the cabinet,zoom_blur,1,44,200044,True,126
goal,0,open the middle drawer of the cabinet,zoom_blur,1,45,200045,True,146
goal,0,open the middle drawer of the cabinet,zoom_blur,1,46,200046,True,120
goal,0,open the middle drawer of the cabinet,zoom_blur,1,47,200047,True,136
goal,0,open the middle drawer of the cabinet,zoom_blur,1,48,200048,False,280
goal,0,open the middle drawer of the cabinet,zoom_blur,1,49,200049,True,118
goal,0,open the middle drawer of the cabinet,fog,1,0,200000,False,280
goal,0,open the middle drawer of the cabinet,fog,1,1,200001,False,280
goal,0,open the middle drawer of the cabinet,fog,1,2,200002,False,280
goal,0,open the middle drawer of the cabinet,fog,1,3,200003,False,280
goal,0,open the middle drawer of the cabinet,fog,1,4,200004,False,280
goal,0,open the middle drawer of the cabinet,fog,1,5,200005,False,280
goal,0,open the middle drawer of the cabinet,fog,1,6,200006,False,280
goal,0,open the middle drawer of the cabinet,fog,1,7,200007,False,280
goal,0,open the middle drawer of the cabinet,fog,1,8,200008,False,280
goal,0,open the middle drawer of the cabinet,fog,1,9,200009,False,280
goal,0,open the middle drawer of the cabinet,fog,1,10,200010,False,280
goal,0,open the middle drawer of the cabinet,fog,1,11,200011,False,280
goal,0,open the middle drawer of the cabinet,fog,1,12,200012,False,280
goal,0,open the middle drawer of the cabinet,fog,1,13,200013,False,280
goal,0,open the middle drawer of the cabinet,fog,1,14,200014,False,280
goal,0,open the middle drawer of the cabinet,fog,1,15,200015,False,280
goal,0,open the middle drawer of the cabinet,fog,1,16,200016,False,280
goal,0,open the middle drawer of the cabinet,fog,1,17,200017,False,280
goal,0,open the middle drawer of the cabinet,fog,1,18,200018,False,280
goal,0,open the middle drawer of the cabinet,fog,1,19,200019,False,280
goal,0,open the middle drawer of the cabinet,fog,1,20,200020,False,280
goal,0,open the middle drawer of the cabinet,fog,1,21,200021,False,280
goal,0,open the middle drawer of the cabinet,fog,1,22,200022,False,280
goal,0,open the middle drawer of the cabinet,fog,1,23,200023,False,280
goal,0,open the middle drawer of the cabinet,fog,1,24,200024,False,280
goal,0,open the middle drawer of the cabinet,fog,1,25,200025,False,280
goal,0,open the middle drawer of the cabinet,fog,1,26,200026,False,280
goal,0,open the middle drawer of the cabinet,fog,1,27,200027,False,280
goal,0,open the middle drawer of the cabinet,fog,1,28,200028,False,280
goal,0,open the middle drawer of the cabinet,fog,1,29,200029,False,280
goal,0,open the middle drawer of the cabinet,fog,1,30,200030,False,280
goal,0,open the middle drawer of the cabinet,fog,1,31,200031,False,280
goal,0,open the middle drawer of the cabinet,fog,1,32,200032,False,280
goal,0,open the middle drawer of the cabinet,fog,1,33,200033,False,280
goal,0,open the middle drawer of the cabinet,fog,1,34,200034,False,280
goal,0,open the middle drawer of the cabinet,fog,1,35,200035,False,280
goal,0,open the middle drawer of the cabinet,fog,1,36,200036,False,280
goal,0,open the middle drawer of the cabinet,fog,1,37,200037,False,280
goal,0,open the middle drawer of the cabinet,fog,1,38,200038,False,280
goal,0,open the middle drawer of the cabinet,fog,1,39,200039,False,280
goal,0,open the middle drawer of the cabinet,fog,1,40,200040,False,280
goal,0,open the middle drawer of the cabinet,fog,1,41,200041,False,280
goal,0,open the middle drawer of the cabinet,fog,1,42,200042,False,280
goal,0,open the middle drawer of the cabinet,fog,1,43,200043,False,280
goal,0,open the middle drawer of the cabinet,fog,1,44,200044,False,280
goal,0,open the middle drawer of the cabinet,fog,1,45,200045,False,280
goal,0,open the middle drawer of the cabinet,fog,1,46,200046,False,280
goal,0,open the middle drawer of the cabinet,fog,1,47,200047,False,280
goal,0,open the middle drawer of the cabinet,fog,1,48,200048,False,280
goal,0,open the middle drawer of the cabinet,fog,1,49,200049,False,280
goal,0,open the middle drawer of the cabinet,glass_blur,1,0,200000,False,280
goal,0,open the middle drawer of the cabinet,glass_blur,1,1,200001,False,280
goal,0,open the middle drawer of the cabinet,glass_blur,1,2,200002,False,280
goal,0,open the middle drawer of the cabinet,glass_blur,1,3,200003,False,280
goal,0,open the middle drawer of the cabinet,glass_blur,1,4,200004,False,280
goal,0,open the middle drawer of the cabinet,glass_blur,1,5,200005,False,280
goal,0,open the middle drawer of the cabinet,glass_blur,1,6,200006,False,280
goal,0,open the middle drawer of the cabinet,glass_blur,1,7,200007,False,280
goal,0,open the middle drawer of the cabinet,glass_blur,1,8,200008,False,280
goal,0,open the middle drawer of the cabinet,glass_blur,1,9,200009,False,280
goal,0,open the middle drawer of the cabinet,glass_blur,1,10,200010,False,280
goal,0,open the middle drawer of the cabinet,glass_blur,1,11,200011,False,280
goal,0,open the middle drawer of the cabinet,glass_blur,1,12,200012,False,280
goal,0,open the middle drawer of the cabinet,glass_blur,1,13,200013,False,280
goal,0,open the middle drawer of the cabinet,glass_blur,1,14,200014,False,280
goal,0,open the middle drawer of the cabinet,glass_blur,1,15,200015,False,280
goal,0,open the middle drawer of the cabinet,glass_blur,1,16,200016,False,280
goal,0,open the middle drawer of the cabinet,glass_blur,1,17,200017,False,280
goal,0,open the middle drawer of the cabinet,glass_blur,1,18,200018,False,280
goal,0,open the middle drawer of the cabinet,glass_blur,1,19,200019,False,280
goal,0,open the middle drawer of the cabinet,glass_blur,1,20,200020,False,280
goal,0,open the middle drawer of the cabinet,glass_blur,1,21,200021,False,280
goal,0,open the middle drawer of the cabinet,glass_blur,1,22,200022,False,280
goal,0,open the middle drawer of the cabinet,glass_blur,1,23,200023,False,280
goal,0,open the middle drawer of the cabinet,glass_blur,1,24,200024,False,280
goal,0,open the middle drawer of the cabinet,glass_blur,1,25,200025,False,280
goal,0,open the middle drawer of the cabinet,glass_blur,1,26,200026,False,280
goal,0,open the middle drawer of the cabinet,glass_blur,1,27,200027,False,280
goal,0,open the middle drawer of the cabinet,glass_blur,1,28,200028,False,280
goal,0,open the middle drawer of the cabinet,glass_blur,1,29,200029,False,280
goal,0,open the middle drawer of the cabinet,glass_blur,1,30,200030,False,280
goal,0,open the middle drawer of the cabinet,glass_blur,1,31,200031,False,280
goal,0,open the middle drawer of the cabinet,glass_blur,1,32,200032,False,280
goal,0,open the middle drawer of the cabinet,glass_blur,1,33,200033,False,280
goal,0,open the middle drawer of the cabinet,glass_blur,1,34,200034,False,280
goal,0,open the middle drawer of the cabinet,glass_blur,1,35,200035,False,280
goal,0,open the middle drawer of the cabinet,glass_blur,1,36,200036,False,280
goal,0,open the middle drawer of the cabinet,glass_blur,1,37,200037,False,280
goal,0,open the middle drawer of the cabinet,glass_blur,1,38,200038,False,280
goal,0,open the middle drawer of the cabinet,glass_blur,1,39,200039,False,280
goal,0,open the middle drawer of the cabinet,glass_blur,1,40,200040,False,280
goal,0,open the middle drawer of the cabinet,glass_blur,1,41,200041,False,280
goal,0,open the middle drawer of the cabinet,glass_blur,1,42,200042,False,280
goal,0,open the middle drawer of the cabinet,glass_blur,1,43,200043,False,280
goal,0,open the middle drawer of the cabinet,glass_blur,1,44,200044,False,280
goal,0,open the middle drawer of the cabinet,glass_blur,1,45,200045,False,280
goal,0,open the middle drawer of the cabinet,glass_blur,1,46,200046,False,280
goal,0,open the middle drawer of the cabinet,glass_blur,1,47,200047,False,280
goal,0,open the middle drawer of the cabinet,glass_blur,1,48,200048,False,280
goal,0,open the middle drawer of the cabinet,glass_blur,1,49,200049,False,280
goal,1,put the bowl on the stove,clean,0,0,201000,True,105
goal,1,put the bowl on the stove,clean,0,1,201001,True,94
goal,1,put the bowl on the stove,clean,0,2,201002,True,91
goal,1,put the bowl on the stove,clean,0,3,201003,True,87
goal,1,put the bowl on the stove,clean,0,4,201004,True,96
goal,1,put the bowl on the stove,clean,0,5,201005,False,280
goal,1,put the bowl on the stove,clean,0,6,201006,True,94
goal,1,put the bowl on the stove,clean,0,7,201007,True,102
goal,1,put the bowl on the stove,clean,0,8,201008,True,90
goal,1,put the bowl on the stove,clean,0,9,201009,True,97
goal,1,put the bowl on the stove,clean,0,10,201010,True,96
goal,1,put the bowl on the stove,clean,0,11,201011,True,102
goal,1,put the bowl on the stove,clean,0,12,201012,True,95
goal,1,put the bowl on the stove,clean,0,13,201013,True,85
goal,1,put the bowl on the stove,clean,0,14,201014,True,96
goal,1,put the bowl on the stove,clean,0,15,201015,True,97
goal,1,put the bowl on the stove,clean,0,16,201016,True,93
goal,1,put the bowl on the stove,clean,0,17,201017,True,97
goal,1,put the bowl on the stove,clean,0,18,201018,False,280
goal,1,put the bowl on the stove,clean,0,19,201019,True,90
goal,1,put the bowl on the stove,clean,0,20,201020,True,84
goal,1,put the bowl on the stove,clean,0,21,201021,True,89
goal,1,put the bowl on the stove,clean,0,22,201022,True,83
goal,1,put the bowl on the stove,clean,0,23,201023,True,90
goal,1,put the bowl on the stove,clean,0,24,201024,True,91
goal,1,put the bowl on the stove,clean,0,25,201025,True,87
goal,1,put the bowl on the stove,clean,0,26,201026,True,93
goal,1,put the bowl on the stove,clean,0,27,201027,True,98
goal,1,put the bowl on the stove,clean,0,28,201028,True,101
goal,1,put the bowl on the stove,clean,0,29,201029,False,280
goal,1,put the bowl on the stove,clean,0,30,201030,True,89
goal,1,put the bowl on the stove,clean,0,31,201031,True,99
goal,1,put the bowl on the stove,clean,0,32,201032,True,95
goal,1,put the bowl on the stove,clean,0,33,201033,True,92
goal,1,put the bowl on the stove,clean,0,34,201034,True,86
goal,1,put the bowl on the stove,clean,0,35,201035,True,90
goal,1,put the bowl on the stove,clean,0,36,201036,True,92
goal,1,put the bowl on the stove,clean,0,37,201037,True,94
goal,1,put the bowl on the stove,clean,0,38,201038,True,87
goal,1,put the bowl on the stove,clean,0,39,201039,True,94
goal,1,put the bowl on the stove,clean,0,40,201040,True,84
goal,1,put the bowl on the stove,clean,0,41,201041,True,93
goal,1,put the bowl on the stove,clean,0,42,201042,True,88
goal,1,put the bowl on the stove,clean,0,43,201043,True,89
goal,1,put the bowl on the stove,clean,0,44,201044,True,97
goal,1,put the bowl on the stove,clean,0,45,201045,True,86
goal,1,put the bowl on the stove,clean,0,46,201046,True,101
goal,1,put the bowl on the stove,clean,0,47,201047,True,91
goal,1,put the bowl on the stove,clean,0,48,201048,True,94
goal,1,put the bowl on the stove,clean,0,49,201049,True,95
goal,1,put the bowl on the stove,motion_blur,1,0,201000,True,114
goal,1,put the bowl on the stove,motion_blur,1,1,201001,True,102
goal,1,put the bowl on the stove,motion_blur,1,2,201002,False,280
goal,1,put the bowl on the stove,motion_blur,1,3,201003,False,280
goal,1,put the bowl on the stove,motion_blur,1,4,201004,False,280
goal,1,put the bowl on the stove,motion_blur,1,5,201005,False,280
goal,1,put the bowl on the stove,motion_blur,1,6,201006,True,106
goal,1,put the bowl on the stove,motion_blur,1,7,201007,False,280
goal,1,put the bowl on the stove,motion_blur,1,8,201008,False,280
goal,1,put the bowl on the stove,motion_blur,1,9,201009,False,280
goal,1,put the bowl on the stove,motion_blur,1,10,201010,False,280
goal,1,put the bowl on the stove,motion_blur,1,11,201011,False,280
goal,1,put the bowl on the stove,motion_blur,1,12,201012,False,280
goal,1,put the bowl on the stove,motion_blur,1,13,201013,False,280
goal,1,put the bowl on the stove,motion_blur,1,14,201014,True,110
goal,1,put the bowl on the stove,motion_blur,1,15,201015,False,280
goal,1,put the bowl on the stove,motion_blur,1,16,201016,False,280
goal,1,put the bowl on the stove,motion_blur,1,17,201017,False,280
goal,1,put the bowl on the stove,motion_blur,1,18,201018,False,280
goal,1,put the bowl on the stove,motion_blur,1,19,201019,False,280
goal,1,put the bowl on the stove,motion_blur,1,20,201020,True,97
goal,1,put the bowl on the stove,motion_blur,1,21,201021,True,121
goal,1,put the bowl on the stove,motion_blur,1,22,201022,False,280
goal,1,put the bowl on the stove,motion_blur,1,23,201023,False,280
goal,1,put the bowl on the stove,motion_blur,1,24,201024,False,280
goal,1,put the bowl on the stove,motion_blur,1,25,201025,False,280
goal,1,put the bowl on the stove,motion_blur,1,26,201026,False,280
goal,1,put the bowl on the stove,motion_blur,1,27,201027,False,280
goal,1,put the bowl on the stove,motion_blur,1,28,201028,False,280
goal,1,put the bowl on the stove,motion_blur,1,29,201029,False,280
goal,1,put the bowl on the stove,motion_blur,1,30,201030,True,125
goal,1,put the bowl on the stove,motion_blur,1,31,201031,True,103
goal,1,put the bowl on the stove,motion_blur,1,32,201032,True,97
goal,1,put the bowl on the stove,motion_blur,1,33,201033,False,280
goal,1,put the bowl on the stove,motion_blur,1,34,201034,False,280
goal,1,put the bowl on the stove,motion_blur,1,35,201035,True,101
goal,1,put the bowl on the stove,motion_blur,1,36,201036,True,95
goal,1,put the bowl on the stove,motion_blur,1,37,201037,True,99
goal,1,put the bowl on the stove,motion_blur,1,38,201038,False,280
goal,1,put the bowl on the stove,motion_blur,1,39,201039,False,280
goal,1,put the bowl on the stove,motion_blur,1,40,201040,True,105
goal,1,put the bowl on the stove,motion_blur,1,41,201041,False,280
goal,1,put the bowl on the stove,motion_blur,1,42,201042,False,280
goal,1,put the bowl on the stove,motion_blur,1,43,201043,False,280
goal,1,put the bowl on the stove,motion_blur,1,44,201044,False,280
goal,1,put the bowl on the stove,motion_blur,1,45,201045,True,140
goal,1,put the bowl on the stove,motion_blur,1,46,201046,False,280
goal,1,put the bowl on the stove,motion_blur,1,47,201047,True,98
goal,1,put the bowl on the stove,motion_blur,1,48,201048,False,280
goal,1,put the bowl on the stove,motion_blur,1,49,201049,True,93
goal,1,put the bowl on the stove,gaussian_blur,1,0,201000,True,93
goal,1,put the bowl on the stove,gaussian_blur,1,1,201001,True,95
goal,1,put the bowl on the stove,gaussian_blur,1,2,201002,False,280
goal,1,put the bowl on the stove,gaussian_blur,1,3,201003,False,280
goal,1,put the bowl on the stove,gaussian_blur,1,4,201004,True,90
goal,1,put the bowl on the stove,gaussian_blur,1,5,201005,True,94
goal,1,put the bowl on the stove,gaussian_blur,1,6,201006,True,96
goal,1,put the bowl on the stove,gaussian_blur,1,7,201007,False,280
goal,1,put the bowl on the stove,gaussian_blur,1,8,201008,False,280
goal,1,put the bowl on the stove,gaussian_blur,1,9,201009,True,96
goal,1,put the bowl on the stove,gaussian_blur,1,10,201010,True,102
goal,1,put the bowl on the stove,gaussian_blur,1,11,201011,True,112
goal,1,put the bowl on the stove,gaussian_blur,1,12,201012,True,87
goal,1,put the bowl on the stove,gaussian_blur,1,13,201013,False,280
goal,1,put the bowl on the stove,gaussian_blur,1,14,201014,True,90
goal,1,put the bowl on the stove,gaussian_blur,1,15,201015,True,93
goal,1,put the bowl on the stove,gaussian_blur,1,16,201016,False,280
goal,1,put the bowl on the stove,gaussian_blur,1,17,201017,True,96
goal,1,put the bowl on the stove,gaussian_blur,1,18,201018,True,98
goal,1,put the bowl on the stove,gaussian_blur,1,19,201019,False,280
goal,1,put the bowl on the stove,gaussian_blur,1,20,201020,True,90
goal,1,put the bowl on the stove,gaussian_blur,1,21,201021,True,88
goal,1,put the bowl on the stove,gaussian_blur,1,22,201022,True,95
goal,1,put the bowl on the stove,gaussian_blur,1,23,201023,True,108
goal,1,put the bowl on the stove,gaussian_blur,1,24,201024,False,280
goal,1,put the bowl on the stove,gaussian_blur,1,25,201025,False,280
goal,1,put the bowl on the stove,gaussian_blur,1,26,201026,False,280
goal,1,put the bowl on the stove,gaussian_blur,1,27,201027,True,100
goal,1,put the bowl on the stove,gaussian_blur,1,28,201028,False,280
goal,1,put the bowl on the stove,gaussian_blur,1,29,201029,False,280
goal,1,put the bowl on the stove,gaussian_blur,1,30,201030,False,280
goal,1,put the bowl on the stove,gaussian_blur,1,31,201031,False,280
goal,1,put the bowl on the stove,gaussian_blur,1,32,201032,False,280
goal,1,put the bowl on the stove,gaussian_blur,1,33,201033,False,280
goal,1,put the bowl on the stove,gaussian_blur,1,34,201034,True,103
goal,1,put the bowl on the stove,gaussian_blur,1,35,201035,False,280
goal,1,put the bowl on the stove,gaussian_blur,1,36,201036,False,280
goal,1,put the bowl on the stove,gaussian_blur,1,37,201037,True,100
goal,1,put the bowl on the stove,gaussian_blur,1,38,201038,True,95
goal,1,put the bowl on the stove,gaussian_blur,1,39,201039,False,280
goal,1,put the bowl on the stove,gaussian_blur,1,40,201040,False,280
goal,1,put the bowl on the stove,gaussian_blur,1,41,201041,True,88
goal,1,put the bowl on the stove,gaussian_blur,1,42,201042,False,280
goal,1,put the bowl on the stove,gaussian_blur,1,43,201043,True,101
goal,1,put the bowl on the stove,gaussian_blur,1,44,201044,False,280
goal,1,put the bowl on the stove,gaussian_blur,1,45,201045,True,91
goal,1,put the bowl on the stove,gaussian_blur,1,46,201046,True,103
goal,1,put the bowl on the stove,gaussian_blur,1,47,201047,False,280
goal,1,put the bowl on the stove,gaussian_blur,1,48,201048,False,280
goal,1,put the bowl on the stove,gaussian_blur,1,49,201049,False,280
goal,1,put the bowl on the stove,zoom_blur,1,0,201000,True,97
goal,1,put the bowl on the stove,zoom_blur,1,1,201001,True,97
goal,1,put the bowl on the stove,zoom_blur,1,2,201002,True,95
goal,1,put the bowl on the stove,zoom_blur,1,3,201003,True,93
goal,1,put the bowl on the stove,zoom_blur,1,4,201004,True,98
goal,1,put the bowl on the stove,zoom_blur,1,5,201005,True,87
goal,1,put the bowl on the stove,zoom_blur,1,6,201006,True,101
goal,1,put the bowl on the stove,zoom_blur,1,7,201007,True,92
goal,1,put the bowl on the stove,zoom_blur,1,8,201008,True,87
goal,1,put the bowl on the stove,zoom_blur,1,9,201009,True,97
goal,1,put the bowl on the stove,zoom_blur,1,10,201010,True,92
goal,1,put the bowl on the stove,zoom_blur,1,11,201011,False,280
goal,1,put the bowl on the stove,zoom_blur,1,12,201012,True,102
goal,1,put the bowl on the stove,zoom_blur,1,13,201013,True,116
goal,1,put the bowl on the stove,zoom_blur,1,14,201014,True,103
goal,1,put the bowl on the stove,zoom_blur,1,15,201015,True,87
goal,1,put the bowl on the stove,zoom_blur,1,16,201016,True,103
goal,1,put the bowl on the stove,zoom_blur,1,17,201017,True,91
goal,1,put the bowl on the stove,zoom_blur,1,18,201018,True,103
goal,1,put the bowl on the stove,zoom_blur,1,19,201019,True,97
goal,1,put the bowl on the stove,zoom_blur,1,20,201020,True,99
goal,1,put the bowl on the stove,zoom_blur,1,21,201021,True,92
goal,1,put the bowl on the stove,zoom_blur,1,22,201022,True,100
goal,1,put the bowl on the stove,zoom_blur,1,23,201023,True,102
goal,1,put the bowl on the stove,zoom_blur,1,24,201024,True,86
goal,1,put the bowl on the stove,zoom_blur,1,25,201025,True,88
goal,1,put the bowl on the stove,zoom_blur,1,26,201026,True,92
goal,1,put the bowl on the stove,zoom_blur,1,27,201027,True,104
goal,1,put the bowl on the stove,zoom_blur,1,28,201028,True,90
goal,1,put the bowl on the stove,zoom_blur,1,29,201029,True,97
goal,1,put the bowl on the stove,zoom_blur,1,30,201030,True,90
goal,1,put the bowl on the stove,zoom_blur,1,31,201031,True,105
goal,1,put the bowl on the stove,zoom_blur,1,32,201032,True,92
goal,1,put the bowl on the stove,zoom_blur,1,33,201033,True,81
goal,1,put the bowl on the stove,zoom_blur,1,34,201034,True,93
goal,1,put the bowl on the stove,zoom_blur,1,35,201035,True,133
goal,1,put the bowl on the stove,zoom_blur,1,36,201036,True,94
goal,1,put the bowl on the stove,zoom_blur,1,37,201037,True,102
goal,1,put the bowl on the stove,zoom_blur,1,38,201038,True,87
goal,1,put the bowl on the stove,zoom_blur,1,39,201039,True,92
goal,1,put the bowl on the stove,zoom_blur,1,40,201040,True,95
goal,1,put the bowl on the stove,zoom_blur,1,41,201041,False,280
goal,1,put the bowl on the stove,zoom_blur,1,42,201042,True,93
goal,1,put the bowl on the stove,zoom_blur,1,43,201043,True,93
goal,1,put the bowl on the stove,zoom_blur,1,44,201044,True,99
goal,1,put the bowl on the stove,zoom_blur,1,45,201045,True,92
goal,1,put the bowl on the stove,zoom_blur,1,46,201046,True,92
goal,1,put the bowl on the stove,zoom_blur,1,47,201047,True,95
goal,1,put the bowl on the stove,zoom_blur,1,48,201048,True,90
goal,1,put the bowl on the stove,zoom_blur,1,49,201049,False,280
goal,1,put the bowl on the stove,fog,1,0,201000,True,88
goal,1,put the bowl on the stove,fog,1,1,201001,True,93
goal,1,put the bowl on the stove,fog,1,2,201002,True,92
goal,1,put the bowl on the stove,fog,1,3,201003,True,99
goal,1,put the bowl on the stove,fog,1,4,201004,True,95
goal,1,put the bowl on the stove,fog,1,5,201005,True,95
goal,1,put the bowl on the stove,fog,1,6,201006,True,96
goal,1,put the bowl on the stove,fog,1,7,201007,True,104
goal,1,put the bowl on the stove,fog,1,8,201008,True,96
goal,1,put the bowl on the stove,fog,1,9,201009,True,100
goal,1,put the bowl on the stove,fog,1,10,201010,True,97
goal,1,put the bowl on the stove,fog,1,11,201011,True,93
goal,1,put the bowl on the stove,fog,1,12,201012,True,94
goal,1,put the bowl on the stove,fog,1,13,201013,True,100
goal,1,put the bowl on the stove,fog,1,14,201014,True,100
goal,1,put the bowl on the stove,fog,1,15,201015,True,95
goal,1,put the bowl on the stove,fog,1,16,201016,True,90
goal,1,put the bowl on the stove,fog,1,17,201017,True,114
goal,1,put the bowl on the stove,fog,1,18,201018,True,93
goal,1,put the bowl on the stove,fog,1,19,201019,True,98
goal,1,put the bowl on the stove,fog,1,20,201020,True,93
goal,1,put the bowl on the stove,fog,1,21,201021,True,99
goal,1,put the bowl on the stove,fog,1,22,201022,True,104
goal,1,put the bowl on the stove,fog,1,23,201023,True,109
goal,1,put the bowl on the stove,fog,1,24,201024,True,105
goal,1,put the bowl on the stove,fog,1,25,201025,True,96
goal,1,put the bowl on the stove,fog,1,26,201026,True,103
goal,1,put the bowl on the stove,fog,1,27,201027,True,109
goal,1,put the bowl on the stove,fog,1,28,201028,True,95
goal,1,put the bowl on the stove,fog,1,29,201029,True,106
goal,1,put the bowl on the stove,fog,1,30,201030,True,97
goal,1,put the bowl on the stove,fog,1,31,201031,True,96
goal,1,put the bowl on the stove,fog,1,32,201032,True,86
goal,1,put the bowl on the stove,fog,1,33,201033,True,95
goal,1,put the bowl on the stove,fog,1,34,201034,True,102
goal,1,put the bowl on the stove,fog,1,35,201035,True,94
goal,1,put the bowl on the stove,fog,1,36,201036,True,86
goal,1,put the bowl on the stove,fog,1,37,201037,True,95
goal,1,put the bowl on the stove,fog,1,38,201038,True,102
goal,1,put the bowl on the stove,fog,1,39,201039,True,117
goal,1,put the bowl on the stove,fog,1,40,201040,True,96
goal,1,put the bowl on the stove,fog,1,41,201041,True,90
goal,1,put the bowl on the stove,fog,1,42,201042,False,280
goal,1,put the bowl on the stove,fog,1,43,201043,True,96
goal,1,put the bowl on the stove,fog,1,44,201044,False,280
goal,1,put the bowl on the stove,fog,1,45,201045,True,88
goal,1,put the bowl on the stove,fog,1,46,201046,True,101
goal,1,put the bowl on the stove,fog,1,47,201047,True,97
goal,1,put the bowl on the stove,fog,1,48,201048,True,109
goal,1,put the bowl on the stove,fog,1,49,201049,True,101
goal,1,put the bowl on the stove,glass_blur,1,0,201000,True,92
goal,1,put the bowl on the stove,glass_blur,1,1,201001,False,280
goal,1,put the bowl on the stove,glass_blur,1,2,201002,False,280
goal,1,put the bowl on the stove,glass_blur,1,3,201003,False,280
goal,1,put the bowl on the stove,glass_blur,1,4,201004,False,280
goal,1,put the bowl on the stove,glass_blur,1,5,201005,False,280
goal,1,put the bowl on the stove,glass_blur,1,6,201006,False,280
goal,1,put the bowl on the stove,glass_blur,1,7,201007,False,280
goal,1,put the bowl on the stove,glass_blur,1,8,201008,True,84
goal,1,put the bowl on the stove,glass_blur,1,9,201009,False,280
goal,1,put the bowl on the stove,glass_blur,1,10,201010,False,280
goal,1,put the bowl on the stove,glass_blur,1,11,201011,False,280
goal,1,put the bowl on the stove,glass_blur,1,12,201012,False,280
goal,1,put the bowl on the stove,glass_blur,1,13,201013,False,280
goal,1,put the bowl on the stove,glass_blur,1,14,201014,False,280
goal,1,put the bowl on the stove,glass_blur,1,15,201015,True,113
goal,1,put the bowl on the stove,glass_blur,1,16,201016,False,280
goal,1,put the bowl on the stove,glass_blur,1,17,201017,False,280
goal,1,put the bowl on the stove,glass_blur,1,18,201018,False,280
goal,1,put the bowl on the stove,glass_blur,1,19,201019,False,280
goal,1,put the bowl on the stove,glass_blur,1,20,201020,False,280
goal,1,put the bowl on the stove,glass_blur,1,21,201021,False,280
goal,1,put the bowl on the stove,glass_blur,1,22,201022,False,280
goal,1,put the bowl on the stove,glass_blur,1,23,201023,False,280
goal,1,put the bowl on the stove,glass_blur,1,24,201024,False,280
goal,1,put the bowl on the stove,glass_blur,1,25,201025,True,93
goal,1,put the bowl on the stove,glass_blur,1,26,201026,False,280
goal,1,put the bowl on the stove,glass_blur,1,27,201027,False,280
goal,1,put the bowl on the stove,glass_blur,1,28,201028,False,280
goal,1,put the bowl on the stove,glass_blur,1,29,201029,False,280
goal,1,put the bowl on the stove,glass_blur,1,30,201030,False,280
goal,1,put the bowl on the stove,glass_blur,1,31,201031,False,280
goal,1,put the bowl on the stove,glass_blur,1,32,201032,False,280
goal,1,put the bowl on the stove,glass_blur,1,33,201033,False,280
goal,1,put the bowl on the stove,glass_blur,1,34,201034,False,280
goal,1,put the bowl on the stove,glass_blur,1,35,201035,False,280
goal,1,put the bowl on the stove,glass_blur,1,36,201036,False,280
goal,1,put the bowl on the stove,glass_blur,1,37,201037,False,280
goal,1,put the bowl on the stove,glass_blur,1,38,201038,False,280
goal,1,put the bowl on the stove,glass_blur,1,39,201039,False,280
goal,1,put the bowl on the stove,glass_blur,1,40,201040,False,280
goal,1,put the bowl on the stove,glass_blur,1,41,201041,False,280
goal,1,put the bowl on the stove,glass_blur,1,42,201042,False,280
goal,1,put the bowl on the stove,glass_blur,1,43,201043,False,280
goal,1,put the bowl on the stove,glass_blur,1,44,201044,False,280
goal,1,put the bowl on the stove,glass_blur,1,45,201045,False,280
goal,1,put the bowl on the stove,glass_blur,1,46,201046,False,280
goal,1,put the bowl on the stove,glass_blur,1,47,201047,False,280
goal,1,put the bowl on the stove,glass_blur,1,48,201048,False,280
goal,1,put the bowl on the stove,glass_blur,1,49,201049,False,280
goal,2,put the wine bottle on top of the cabinet,clean,0,0,202000,True,80
goal,2,put the wine bottle on top of the cabinet,clean,0,1,202001,True,83
goal,2,put the wine bottle on top of the cabinet,clean,0,2,202002,True,93
goal,2,put the wine bottle on top of the cabinet,clean,0,3,202003,True,97
goal,2,put the wine bottle on top of the cabinet,clean,0,4,202004,True,100
goal,2,put the wine bottle on top of the cabinet,clean,0,5,202005,True,89
goal,2,put the wine bottle on top of the cabinet,clean,0,6,202006,True,87
goal,2,put the wine bottle on top of the cabinet,clean,0,7,202007,True,98
goal,2,put the wine bottle on top of the cabinet,clean,0,8,202008,True,84
goal,2,put the wine bottle on top of the cabinet,clean,0,9,202009,True,85
goal,2,put the wine bottle on top of the cabinet,clean,0,10,202010,True,92
goal,2,put the wine bottle on top of the cabinet,clean,0,11,202011,True,97
goal,2,put the wine bottle on top of the cabinet,clean,0,12,202012,True,91
goal,2,put the wine bottle on top of the cabinet,clean,0,13,202013,True,95
goal,2,put the wine bottle on top of the cabinet,clean,0,14,202014,True,90
goal,2,put the wine bottle on top of the cabinet,clean,0,15,202015,True,103
goal,2,put the wine bottle on top of the cabinet,clean,0,16,202016,True,95
goal,2,put the wine bottle on top of the cabinet,clean,0,17,202017,True,92
goal,2,put the wine bottle on top of the cabinet,clean,0,18,202018,True,89
goal,2,put the wine bottle on top of the cabinet,clean,0,19,202019,True,95
goal,2,put the wine bottle on top of the cabinet,clean,0,20,202020,True,89
goal,2,put the wine bottle on top of the cabinet,clean,0,21,202021,True,87
goal,2,put the wine bottle on top of the cabinet,clean,0,22,202022,True,97
goal,2,put the wine bottle on top of the cabinet,clean,0,23,202023,True,84
goal,2,put the wine bottle on top of the cabinet,clean,0,24,202024,True,92
goal,2,put the wine bottle on top of the cabinet,clean,0,25,202025,True,97
goal,2,put the wine bottle on top of the cabinet,clean,0,26,202026,True,83
goal,2,put the wine bottle on top of the cabinet,clean,0,27,202027,True,94
goal,2,put the wine bottle on top of the cabinet,clean,0,28,202028,True,91
goal,2,put the wine bottle on top of the cabinet,clean,0,29,202029,True,106
goal,2,put the wine bottle on top of the cabinet,clean,0,30,202030,True,101
goal,2,put the wine bottle on top of the cabinet,clean,0,31,202031,True,92
goal,2,put the wine bottle on top of the cabinet,clean,0,32,202032,True,94
goal,2,put the wine bottle on top of the cabinet,clean,0,33,202033,True,100
goal,2,put the wine bottle on top of the cabinet,clean,0,34,202034,True,83
goal,2,put the wine bottle on top of the cabinet,clean,0,35,202035,True,103
goal,2,put the wine bottle on top of the cabinet,clean,0,36,202036,True,89
goal,2,put the wine bottle on top of the cabinet,clean,0,37,202037,True,102
goal,2,put the wine bottle on top of the cabinet,clean,0,38,202038,True,94
goal,2,put the wine bottle on top of the cabinet,clean,0,39,202039,True,103
goal,2,put the wine bottle on top of the cabinet,clean,0,40,202040,True,88
goal,2,put the wine bottle on top of the cabinet,clean,0,41,202041,True,94
goal,2,put the wine bottle on top of the cabinet,clean,0,42,202042,True,99
goal,2,put the wine bottle on top of the cabinet,clean,0,43,202043,True,98
goal,2,put the wine bottle on top of the cabinet,clean,0,44,202044,True,101
goal,2,put the wine bottle on top of the cabinet,clean,0,45,202045,True,96
goal,2,put the wine bottle on top of the cabinet,clean,0,46,202046,True,98
goal,2,put the wine bottle on top of the cabinet,clean,0,47,202047,True,96
goal,2,put the wine bottle on top of the cabinet,clean,0,48,202048,True,92
goal,2,put the wine bottle on top of the cabinet,clean,0,49,202049,True,87
goal,2,put the wine bottle on top of the cabinet,motion_blur,1,0,202000,False,280
goal,2,put the wine bottle on top of the cabinet,motion_blur,1,1,202001,False,280
goal,2,put the wine bottle on top of the cabinet,motion_blur,1,2,202002,False,280
goal,2,put the wine bottle on top of the cabinet,motion_blur,1,3,202003,True,85
goal,2,put the wine bottle on top of the cabinet,motion_blur,1,4,202004,False,280
goal,2,put the wine bottle on top of the cabinet,motion_blur,1,5,202005,False,280
goal,2,put the wine bottle on top of the cabinet,motion_blur,1,6,202006,False,280
goal,2,put the wine bottle on top of the cabinet,motion_blur,1,7,202007,False,280
goal,2,put the wine bottle on top of the cabinet,motion_blur,1,8,202008,False,280
goal,2,put the wine bottle on top of the cabinet,motion_blur,1,9,202009,False,280
goal,2,put the wine bottle on top of the cabinet,motion_blur,1,10,202010,False,280
goal,2,put the wine bottle on top of the cabinet,motion_blur,1,11,202011,False,280
goal,2,put the wine bottle on top of the cabinet,motion_blur,1,12,202012,False,280
goal,2,put the wine bottle on top of the cabinet,motion_blur,1,13,202013,False,280
goal,2,put the wine bottle on top of the cabinet,motion_blur,1,14,202014,False,280
goal,2,put the wine bottle on top of the cabinet,motion_blur,1,15,202015,False,280
goal,2,put the wine bottle on top of the cabinet,motion_blur,1,16,202016,True,84
goal,2,put the wine bottle on top of the cabinet,motion_blur,1,17,202017,False,280
goal,2,put the wine bottle on top of the cabinet,motion_blur,1,18,202018,False,280
goal,2,put the wine bottle on top of the cabinet,motion_blur,1,19,202019,True,96
goal,2,put the wine bottle on top of the cabinet,motion_blur,1,20,202020,False,280
goal,2,put the wine bottle on top of the cabinet,motion_blur,1,21,202021,False,280
goal,2,put the wine bottle on top of the cabinet,motion_blur,1,22,202022,False,280
goal,2,put the wine bottle on top of the cabinet,motion_blur,1,23,202023,False,280
goal,2,put the wine bottle on top of the cabinet,motion_blur,1,24,202024,True,107
goal,2,put the wine bottle on top of the cabinet,motion_blur,1,25,202025,False,280
goal,2,put the wine bottle on top of the cabinet,motion_blur,1,26,202026,False,280
goal,2,put the wine bottle on top of the cabinet,motion_blur,1,27,202027,False,280
goal,2,put the wine bottle on top of the cabinet,motion_blur,1,28,202028,False,280
goal,2,put the wine bottle on top of the cabinet,motion_blur,1,29,202029,False,280
goal,2,put the wine bottle on top of the cabinet,motion_blur,1,30,202030,True,85
goal,2,put the wine bottle on top of the cabinet,motion_blur,1,31,202031,False,280
goal,2,put the wine bottle on top of the cabinet,motion_blur,1,32,202032,False,280
goal,2,put the wine bottle on top of the cabinet,motion_blur,1,33,202033,False,280
goal,2,put the wine bottle on top of the cabinet,motion_blur,1,34,202034,True,91
goal,2,put the wine bottle on top of the cabinet,motion_blur,1,35,202035,False,280
goal,2,put the wine bottle on top of the cabinet,motion_blur,1,36,202036,False,280
goal,2,put the wine bottle on top of the cabinet,motion_blur,1,37,202037,False,280
goal,2,put the wine bottle on top of the cabinet,motion_blur,1,38,202038,False,280
goal,2,put the wine bottle on top of the cabinet,motion_blur,1,39,202039,False,280
goal,2,put the wine bottle on top of the cabinet,motion_blur,1,40,202040,False,280
goal,2,put the wine bottle on top of the cabinet,motion_blur,1,41,202041,True,94
goal,2,put the wine bottle on top of the cabinet,motion_blur,1,42,202042,False,280
goal,2,put the wine bottle on top of the cabinet,motion_blur,1,43,202043,False,280
goal,2,put the wine bottle on top of the cabinet,motion_blur,1,44,202044,True,107
goal,2,put the wine bottle on top of the cabinet,motion_blur,1,45,202045,True,106
goal,2,put the wine bottle on top of the cabinet,motion_blur,1,46,202046,False,280
goal,2,put the wine bottle on top of the cabinet,motion_blur,1,47,202047,False,280
goal,2,put the wine bottle on top of the cabinet,motion_blur,1,48,202048,False,280
goal,2,put the wine bottle on top of the cabinet,motion_blur,1,49,202049,False,280
goal,2,put the wine bottle on top of the cabinet,gaussian_blur,1,0,202000,False,280
goal,2,put the wine bottle on top of the cabinet,gaussian_blur,1,1,202001,False,280
goal,2,put the wine bottle on top of the cabinet,gaussian_blur,1,2,202002,True,96
goal,2,put the wine bottle on top of the cabinet,gaussian_blur,1,3,202003,False,280
goal,2,put the wine bottle on top of the cabinet,gaussian_blur,1,4,202004,False,280
goal,2,put the wine bottle on top of the cabinet,gaussian_blur,1,5,202005,False,280
goal,2,put the wine bottle on top of the cabinet,gaussian_blur,1,6,202006,False,280
goal,2,put the wine bottle on top of the cabinet,gaussian_blur,1,7,202007,False,280
goal,2,put the wine bottle on top of the cabinet,gaussian_blur,1,8,202008,False,280
goal,2,put the wine bottle on top of the cabinet,gaussian_blur,1,9,202009,False,280
goal,2,put the wine bottle on top of the cabinet,gaussian_blur,1,10,202010,False,280
goal,2,put the wine bottle on top of the cabinet,gaussian_blur,1,11,202011,False,280
goal,2,put the wine bottle on top of the cabinet,gaussian_blur,1,12,202012,False,280
goal,2,put the wine bottle on top of the cabinet,gaussian_blur,1,13,202013,False,280
goal,2,put the wine bottle on top of the cabinet,gaussian_blur,1,14,202014,False,280
goal,2,put the wine bottle on top of the cabinet,gaussian_blur,1,15,202015,False,280
goal,2,put the wine bottle on top of the cabinet,gaussian_blur,1,16,202016,False,280
goal,2,put the wine bottle on top of the cabinet,gaussian_blur,1,17,202017,False,280
goal,2,put the wine bottle on top of the cabinet,gaussian_blur,1,18,202018,False,280
goal,2,put the wine bottle on top of the cabinet,gaussian_blur,1,19,202019,True,88
goal,2,put the wine bottle on top of the cabinet,gaussian_blur,1,20,202020,False,280
goal,2,put the wine bottle on top of the cabinet,gaussian_blur,1,21,202021,False,280
goal,2,put the wine bottle on top of the cabinet,gaussian_blur,1,22,202022,False,280
goal,2,put the wine bottle on top of the cabinet,gaussian_blur,1,23,202023,False,280
goal,2,put the wine bottle on top of the cabinet,gaussian_blur,1,24,202024,False,280
goal,2,put the wine bottle on top of the cabinet,gaussian_blur,1,25,202025,True,97
goal,2,put the wine bottle on top of the cabinet,gaussian_blur,1,26,202026,False,280
goal,2,put the wine bottle on top of the cabinet,gaussian_blur,1,27,202027,False,280
goal,2,put the wine bottle on top of the cabinet,gaussian_blur,1,28,202028,False,280
goal,2,put the wine bottle on top of the cabinet,gaussian_blur,1,29,202029,False,280
goal,2,put the wine bottle on top of the cabinet,gaussian_blur,1,30,202030,False,280
goal,2,put the wine bottle on top of the cabinet,gaussian_blur,1,31,202031,False,280
goal,2,put the wine bottle on top of the cabinet,gaussian_blur,1,32,202032,False,280
goal,2,put the wine bottle on top of the cabinet,gaussian_blur,1,33,202033,False,280
goal,2,put the wine bottle on top of the cabinet,gaussian_blur,1,34,202034,False,280
goal,2,put the wine bottle on top of the cabinet,gaussian_blur,1,35,202035,False,280
goal,2,put the wine bottle on top of the cabinet,gaussian_blur,1,36,202036,False,280
goal,2,put the wine bottle on top of the cabinet,gaussian_blur,1,37,202037,False,280
goal,2,put the wine bottle on top of the cabinet,gaussian_blur,1,38,202038,False,280
goal,2,put the wine bottle on top of the cabinet,gaussian_blur,1,39,202039,False,280
goal,2,put the wine bottle on top of the cabinet,gaussian_blur,1,40,202040,False,280
goal,2,put the wine bottle on top of the cabinet,gaussian_blur,1,41,202041,True,115
goal,2,put the wine bottle on top of the cabinet,gaussian_blur,1,42,202042,False,280
goal,2,put the wine bottle on top of the cabinet,gaussian_blur,1,43,202043,False,280
goal,2,put the wine bottle on top of the cabinet,gaussian_blur,1,44,202044,False,280
goal,2,put the wine bottle on top of the cabinet,gaussian_blur,1,45,202045,False,280
goal,2,put the wine bottle on top of the cabinet,gaussian_blur,1,46,202046,False,280
goal,2,put the wine bottle on top of the cabinet,gaussian_blur,1,47,202047,False,280
goal,2,put the wine bottle on top of the cabinet,gaussian_blur,1,48,202048,False,280
goal,2,put the wine bottle on top of the cabinet,gaussian_blur,1,49,202049,False,280
goal,2,put the wine bottle on top of the cabinet,zoom_blur,1,0,202000,True,85
goal,2,put the wine bottle on top of the cabinet,zoom_blur,1,1,202001,True,89
goal,2,put the wine bottle on top of the cabinet,zoom_blur,1,2,202002,True,87
goal,2,put the wine bottle on top of the cabinet,zoom_blur,1,3,202003,True,94
goal,2,put the wine bottle on top of the cabinet,zoom_blur,1,4,202004,True,83
goal,2,put the wine bottle on top of the cabinet,zoom_blur,1,5,202005,True,99
goal,2,put the wine bottle on top of the cabinet,zoom_blur,1,6,202006,True,94
goal,2,put the wine bottle on top of the cabinet,zoom_blur,1,7,202007,True,92
goal,2,put the wine bottle on top of the cabinet,zoom_blur,1,8,202008,False,280
goal,2,put the wine bottle on top of the cabinet,zoom_blur,1,9,202009,True,97
goal,2,put the wine bottle on top of the cabinet,zoom_blur,1,10,202010,True,104
goal,2,put the wine bottle on top of the cabinet,zoom_blur,1,11,202011,False,280
goal,2,put the wine bottle on top of the cabinet,zoom_blur,1,12,202012,True,112
goal,2,put the wine bottle on top of the cabinet,zoom_blur,1,13,202013,True,111
goal,2,put the wine bottle on top of the cabinet,zoom_blur,1,14,202014,True,90
goal,2,put the wine bottle on top of the cabinet,zoom_blur,1,15,202015,True,101
goal,2,put the wine bottle on top of the cabinet,zoom_blur,1,16,202016,True,92
goal,2,put the wine bottle on top of the cabinet,zoom_blur,1,17,202017,True,83
goal,2,put the wine bottle on top of the cabinet,zoom_blur,1,18,202018,True,98
goal,2,put the wine bottle on top of the cabinet,zoom_blur,1,19,202019,True,86
goal,2,put the wine bottle on top of the cabinet,zoom_blur,1,20,202020,True,85
goal,2,put the wine bottle on top of the cabinet,zoom_blur,1,21,202021,True,94
goal,2,put the wine bottle on top of the cabinet,zoom_blur,1,22,202022,True,93
goal,2,put the wine bottle on top of the cabinet,zoom_blur,1,23,202023,True,95
goal,2,put the wine bottle on top of the cabinet,zoom_blur,1,24,202024,True,106
goal,2,put the wine bottle on top of the cabinet,zoom_blur,1,25,202025,False,280
goal,2,put the wine bottle on top of the cabinet,zoom_blur,1,26,202026,True,90
goal,2,put the wine bottle on top of the cabinet,zoom_blur,1,27,202027,False,280
goal,2,put the wine bottle on top of the cabinet,zoom_blur,1,28,202028,True,90
goal,2,put the wine bottle on top of the cabinet,zoom_blur,1,29,202029,True,78
goal,2,put the wine bottle on top of the cabinet,zoom_blur,1,30,202030,True,95
goal,2,put the wine bottle on top of the cabinet,zoom_blur,1,31,202031,True,98
goal,2,put the wine bottle on top of the cabinet,zoom_blur,1,32,202032,True,80
goal,2,put the wine bottle on top of the cabinet,zoom_blur,1,33,202033,True,98
goal,2,put the wine bottle on top of the cabinet,zoom_blur,1,34,202034,False,280
goal,2,put the wine bottle on top of the cabinet,zoom_blur,1,35,202035,True,95
goal,2,put the wine bottle on top of the cabinet,zoom_blur,1,36,202036,True,110
goal,2,put the wine bottle on top of the cabinet,zoom_blur,1,37,202037,True,81
goal,2,put the wine bottle on top of the cabinet,zoom_blur,1,38,202038,True,102
goal,2,put the wine bottle on top of the cabinet,zoom_blur,1,39,202039,True,101
goal,2,put the wine bottle on top of the cabinet,zoom_blur,1,40,202040,True,97
goal,2,put the wine bottle on top of the cabinet,zoom_blur,1,41,202041,True,111
goal,2,put the wine bottle on top of the cabinet,zoom_blur,1,42,202042,True,110
goal,2,put the wine bottle on top of the cabinet,zoom_blur,1,43,202043,True,121
goal,2,put the wine bottle on top of the cabinet,zoom_blur,1,44,202044,True,94
goal,2,put the wine bottle on top of the cabinet,zoom_blur,1,45,202045,True,88
goal,2,put the wine bottle on top of the cabinet,zoom_blur,1,46,202046,True,108
goal,2,put the wine bottle on top of the cabinet,zoom_blur,1,47,202047,False,280
goal,2,put the wine bottle on top of the cabinet,zoom_blur,1,48,202048,True,100
goal,2,put the wine bottle on top of the cabinet,zoom_blur,1,49,202049,False,280
goal,2,put the wine bottle on top of the cabinet,fog,1,0,202000,True,93
goal,2,put the wine bottle on top of the cabinet,fog,1,1,202001,True,91
goal,2,put the wine bottle on top of the cabinet,fog,1,2,202002,True,97
goal,2,put the wine bottle on top of the cabinet,fog,1,3,202003,True,87
goal,2,put the wine bottle on top of the cabinet,fog,1,4,202004,True,85
goal,2,put the wine bottle on top of the cabinet,fog,1,5,202005,True,98
goal,2,put the wine bottle on top of the cabinet,fog,1,6,202006,False,280
goal,2,put the wine bottle on top of the cabinet,fog,1,7,202007,True,88
goal,2,put the wine bottle on top of the cabinet,fog,1,8,202008,True,93
goal,2,put the wine bottle on top of the cabinet,fog,1,9,202009,True,81
goal,2,put the wine bottle on top of the cabinet,fog,1,10,202010,True,89
goal,2,put the wine bottle on top of the cabinet,fog,1,11,202011,True,86
goal,2,put the wine bottle on top of the cabinet,fog,1,12,202012,True,93
goal,2,put the wine bottle on top of the cabinet,fog,1,13,202013,True,94
goal,2,put the wine bottle on top of the cabinet,fog,1,14,202014,True,93
goal,2,put the wine bottle on top of the cabinet,fog,1,15,202015,True,91
goal,2,put the wine bottle on top of the cabinet,fog,1,16,202016,True,94
goal,2,put the wine bottle on top of the cabinet,fog,1,17,202017,True,87
goal,2,put the wine bottle on top of the cabinet,fog,1,18,202018,True,99
goal,2,put the wine bottle on top of the cabinet,fog,1,19,202019,False,280
goal,2,put the wine bottle on top of the cabinet,fog,1,20,202020,True,88
goal,2,put the wine bottle on top of the cabinet,fog,1,21,202021,True,88
goal,2,put the wine bottle on top of the cabinet,fog,1,22,202022,True,85
goal,2,put the wine bottle on top of the cabinet,fog,1,23,202023,True,85
goal,2,put the wine bottle on top of the cabinet,fog,1,24,202024,True,93
goal,2,put the wine bottle on top of the cabinet,fog,1,25,202025,True,89
goal,2,put the wine bottle on top of the cabinet,fog,1,26,202026,True,96
goal,2,put the wine bottle on top of the cabinet,fog,1,27,202027,True,85
goal,2,put the wine bottle on top of the cabinet,fog,1,28,202028,True,86
goal,2,put the wine bottle on top of the cabinet,fog,1,29,202029,True,84
goal,2,put the wine bottle on top of the cabinet,fog,1,30,202030,True,91
goal,2,put the wine bottle on top of the cabinet,fog,1,31,202031,True,100
goal,2,put the wine bottle on top of the cabinet,fog,1,32,202032,False,280
goal,2,put the wine bottle on top of the cabinet,fog,1,33,202033,True,99
goal,2,put the wine bottle on top of the cabinet,fog,1,34,202034,True,93
goal,2,put the wine bottle on top of the cabinet,fog,1,35,202035,True,83
goal,2,put the wine bottle on top of the cabinet,fog,1,36,202036,True,87
goal,2,put the wine bottle on top of the cabinet,fog,1,37,202037,True,92
goal,2,put the wine bottle on top of the cabinet,fog,1,38,202038,True,93
goal,2,put the wine bottle on top of the cabinet,fog,1,39,202039,True,92
goal,2,put the wine bottle on top of the cabinet,fog,1,40,202040,True,92
goal,2,put the wine bottle on top of the cabinet,fog,1,41,202041,True,86
goal,2,put the wine bottle on top of the cabinet,fog,1,42,202042,True,95
goal,2,put the wine bottle on top of the cabinet,fog,1,43,202043,True,87
goal,2,put the wine bottle on top of the cabinet,fog,1,44,202044,True,91
goal,2,put the wine bottle on top of the cabinet,fog,1,45,202045,True,91
goal,2,put the wine bottle on top of the cabinet,fog,1,46,202046,False,280
goal,2,put the wine bottle on top of the cabinet,fog,1,47,202047,True,95
goal,2,put the wine bottle on top of the cabinet,fog,1,48,202048,True,92
goal,2,put the wine bottle on top of the cabinet,fog,1,49,202049,True,97
goal,2,put the wine bottle on top of the cabinet,glass_blur,1,0,202000,False,280
goal,2,put the wine bottle on top of the cabinet,glass_blur,1,1,202001,False,280
goal,2,put the wine bottle on top of the cabinet,glass_blur,1,2,202002,False,280
goal,2,put the wine bottle on top of the cabinet,glass_blur,1,3,202003,False,280
goal,2,put the wine bottle on top of the cabinet,glass_blur,1,4,202004,False,280
goal,2,put the wine bottle on top of the cabinet,glass_blur,1,5,202005,False,280
goal,2,put the wine bottle on top of the cabinet,glass_blur,1,6,202006,False,280
goal,2,put the wine bottle on top of the cabinet,glass_blur,1,7,202007,False,280
goal,2,put the wine bottle on top of the cabinet,glass_blur,1,8,202008,False,280
goal,2,put the wine bottle on top of the cabinet,glass_blur,1,9,202009,False,280
goal,2,put the wine bottle on top of the cabinet,glass_blur,1,10,202010,False,280
goal,2,put the wine bottle on top of the cabinet,glass_blur,1,11,202011,False,280
goal,2,put the wine bottle on top of the cabinet,glass_blur,1,12,202012,False,280
goal,2,put the wine bottle on top of the cabinet,glass_blur,1,13,202013,False,280
goal,2,put the wine bottle on top of the cabinet,glass_blur,1,14,202014,False,280
goal,2,put the wine bottle on top of the cabinet,glass_blur,1,15,202015,False,280
goal,2,put the wine bottle on top of the cabinet,glass_blur,1,16,202016,False,280
goal,2,put the wine bottle on top of the cabinet,glass_blur,1,17,202017,False,280
goal,2,put the wine bottle on top of the cabinet,glass_blur,1,18,202018,False,280
goal,2,put the wine bottle on top of the cabinet,glass_blur,1,19,202019,False,280
goal,2,put the wine bottle on top of the cabinet,glass_blur,1,20,202020,False,280
goal,2,put the wine bottle on top of the cabinet,glass_blur,1,21,202021,False,280
goal,2,put the wine bottle on top of the cabinet,glass_blur,1,22,202022,False,280
goal,2,put the wine bottle on top of the cabinet,glass_blur,1,23,202023,False,280
goal,2,put the wine bottle on top of the cabinet,glass_blur,1,24,202024,False,280
goal,2,put the wine bottle on top of the cabinet,glass_blur,1,25,202025,False,280
goal,2,put the wine bottle on top of the cabinet,glass_blur,1,26,202026,False,280
goal,2,put the wine bottle on top of the cabinet,glass_blur,1,27,202027,False,280
goal,2,put the wine bottle on top of the cabinet,glass_blur,1,28,202028,False,280
goal,2,put the wine bottle on top of the cabinet,glass_blur,1,29,202029,False,280
goal,2,put the wine bottle on top of the cabinet,glass_blur,1,30,202030,False,280
goal,2,put the wine bottle on top of the cabinet,glass_blur,1,31,202031,False,280
goal,2,put the wine bottle on top of the cabinet,glass_blur,1,32,202032,False,280
goal,2,put the wine bottle on top of the cabinet,glass_blur,1,33,202033,False,280
goal,2,put the wine bottle on top of the cabinet,glass_blur,1,34,202034,False,280
goal,2,put the wine bottle on top of the cabinet,glass_blur,1,35,202035,False,280
goal,2,put the wine bottle on top of the cabinet,glass_blur,1,36,202036,False,280
goal,2,put the wine bottle on top of the cabinet,glass_blur,1,37,202037,False,280
goal,2,put the wine bottle on top of the cabinet,glass_blur,1,38,202038,False,280
goal,2,put the wine bottle on top of the cabinet,glass_blur,1,39,202039,False,280
goal,2,put the wine bottle on top of the cabinet,glass_blur,1,40,202040,False,280
goal,2,put the wine bottle on top of the cabinet,glass_blur,1,41,202041,False,280
goal,2,put the wine bottle on top of the cabinet,glass_blur,1,42,202042,False,280
goal,2,put the wine bottle on top of the cabinet,glass_blur,1,43,202043,False,280
goal,2,put the wine bottle on top of the cabinet,glass_blur,1,44,202044,False,280
goal,2,put the wine bottle on top of the cabinet,glass_blur,1,45,202045,False,280
goal,2,put the wine bottle on top of the cabinet,glass_blur,1,46,202046,True,163
goal,2,put the wine bottle on top of the cabinet,glass_blur,1,47,202047,False,280
goal,2,put the wine bottle on top of the cabinet,glass_blur,1,48,202048,False,280
goal,2,put the wine bottle on top of the cabinet,glass_blur,1,49,202049,False,280
goal,3,open the top drawer and put the bowl inside,clean,0,0,203000,False,280
goal,3,open the top drawer and put the bowl inside,clean,0,1,203001,True,182
goal,3,open the top drawer and put the bowl inside,clean,0,2,203002,False,280
goal,3,open the top drawer and put the bowl inside,clean,0,3,203003,False,280
goal,3,open the top drawer and put the bowl inside,clean,0,4,203004,False,280
goal,3,open the top drawer and put the bowl inside,clean,0,5,203005,False,280
goal,3,open the top drawer and put the bowl inside,clean,0,6,203006,True,182
goal,3,open the top drawer and put the bowl inside,clean,0,7,203007,False,280
goal,3,open the top drawer and put the bowl inside,clean,0,8,203008,False,280
goal,3,open the top drawer and put the bowl inside,clean,0,9,203009,False,280
goal,3,open the top drawer and put the bowl inside,clean,0,10,203010,True,176
goal,3,open the top drawer and put the bowl inside,clean,0,11,203011,False,280
goal,3,open the top drawer and put the bowl inside,clean,0,12,203012,True,175
goal,3,open the top drawer and put the bowl inside,clean,0,13,203013,True,177
goal,3,open the top drawer and put the bowl inside,clean,0,14,203014,True,172
goal,3,open the top drawer and put the bowl inside,clean,0,15,203015,False,280
goal,3,open the top drawer and put the bowl inside,clean,0,16,203016,False,280
goal,3,open the top drawer and put the bowl inside,clean,0,17,203017,True,185
goal,3,open the top drawer and put the bowl inside,clean,0,18,203018,False,280
goal,3,open the top drawer and put the bowl inside,clean,0,19,203019,False,280
goal,3,open the top drawer and put the bowl inside,clean,0,20,203020,True,168
goal,3,open the top drawer and put the bowl inside,clean,0,21,203021,True,198
goal,3,open the top drawer and put the bowl inside,clean,0,22,203022,False,280
goal,3,open the top drawer and put the bowl inside,clean,0,23,203023,False,280
goal,3,open the top drawer and put the bowl inside,clean,0,24,203024,False,280
goal,3,open the top drawer and put the bowl inside,clean,0,25,203025,False,280
goal,3,open the top drawer and put the bowl inside,clean,0,26,203026,False,280
goal,3,open the top drawer and put the bowl inside,clean,0,27,203027,False,280
goal,3,open the top drawer and put the bowl inside,clean,0,28,203028,False,280
goal,3,open the top drawer and put the bowl inside,clean,0,29,203029,True,171
goal,3,open the top drawer and put the bowl inside,clean,0,30,203030,True,180
goal,3,open the top drawer and put the bowl inside,clean,0,31,203031,True,172
goal,3,open the top drawer and put the bowl inside,clean,0,32,203032,True,194
goal,3,open the top drawer and put the bowl inside,clean,0,33,203033,False,280
goal,3,open the top drawer and put the bowl inside,clean,0,34,203034,False,280
goal,3,open the top drawer and put the bowl inside,clean,0,35,203035,True,184
goal,3,open the top drawer and put the bowl inside,clean,0,36,203036,False,280
goal,3,open the top drawer and put the bowl inside,clean,0,37,203037,False,280
goal,3,open the top drawer and put the bowl inside,clean,0,38,203038,True,196
goal,3,open the top drawer and put the bowl inside,clean,0,39,203039,False,280
goal,3,open the top drawer and put the bowl inside,clean,0,40,203040,False,280
goal,3,open the top drawer and put the bowl inside,clean,0,41,203041,False,280
goal,3,open the top drawer and put the bowl inside,clean,0,42,203042,False,280
goal,3,open the top drawer and put the bowl inside,clean,0,43,203043,True,182
goal,3,open the top drawer and put the bowl inside,clean,0,44,203044,True,195
goal,3,open the top drawer and put the bowl inside,clean,0,45,203045,False,280
goal,3,open the top drawer and put the bowl inside,clean,0,46,203046,False,280
goal,3,open the top drawer and put the bowl inside,clean,0,47,203047,False,280
goal,3,open the top drawer and put the bowl inside,clean,0,48,203048,False,280
goal,3,open the top drawer and put the bowl inside,clean,0,49,203049,False,280
goal,3,open the top drawer and put the bowl inside,motion_blur,1,0,203000,False,280
goal,3,open the top drawer and put the bowl inside,motion_blur,1,1,203001,False,280
goal,3,open the top drawer and put the bowl inside,motion_blur,1,2,203002,False,280
goal,3,open the top drawer and put the bowl inside,motion_blur,1,3,203003,False,280
goal,3,open the top drawer and put the bowl inside,motion_blur,1,4,203004,False,280
goal,3,open the top drawer and put the bowl inside,motion_blur,1,5,203005,False,280
goal,3,open the top drawer and put the bowl inside,motion_blur,1,6,203006,False,280
goal,3,open the top drawer and put the bowl inside,motion_blur,1,7,203007,False,280
goal,3,open the top drawer and put the bowl inside,motion_blur,1,8,203008,False,280
goal,3,open the top drawer and put the bowl inside,motion_blur,1,9,203009,False,280
goal,3,open the top drawer and put the bowl inside,motion_blur,1,10,203010,False,280
goal,3,open the top drawer and put the bowl inside,motion_blur,1,11,203011,False,280
goal,3,open the top drawer and put the bowl inside,motion_blur,1,12,203012,False,280
goal,3,open the top drawer and put the bowl inside,motion_blur,1,13,203013,False,280
goal,3,open the top drawer and put the bowl inside,motion_blur,1,14,203014,False,280
goal,3,open the top drawer and put the bowl inside,motion_blur,1,15,203015,False,280
goal,3,open the top drawer and put the bowl inside,motion_blur,1,16,203016,False,280
goal,3,open the top drawer and put the bowl inside,motion_blur,1,17,203017,False,280
goal,3,open the top drawer and put the bowl inside,motion_blur,1,18,203018,False,280
goal,3,open the top drawer and put the bowl inside,motion_blur,1,19,203019,False,280
goal,3,open the top drawer and put the bowl inside,motion_blur,1,20,203020,False,280
goal,3,open the top drawer and put the bowl inside,motion_blur,1,21,203021,False,280
goal,3,open the top drawer and put the bowl inside,motion_blur,1,22,203022,False,280
goal,3,open the top drawer and put the bowl inside,motion_blur,1,23,203023,False,280
goal,3,open the top drawer and put the bowl inside,motion_blur,1,24,203024,False,280
goal,3,open the top drawer and put the bowl inside,motion_blur,1,25,203025,False,280
goal,3,open the top drawer and put the bowl inside,motion_blur,1,26,203026,False,280
goal,3,open the top drawer and put the bowl inside,motion_blur,1,27,203027,True,204
goal,3,open the top drawer and put the bowl inside,motion_blur,1,28,203028,False,280
goal,3,open the top drawer and put the bowl inside,motion_blur,1,29,203029,False,280
goal,3,open the top drawer and put the bowl inside,motion_blur,1,30,203030,False,280
goal,3,open the top drawer and put the bowl inside,motion_blur,1,31,203031,False,280
goal,3,open the top drawer and put the bowl inside,motion_blur,1,32,203032,True,155
goal,3,open the top drawer and put the bowl inside,motion_blur,1,33,203033,False,280
goal,3,open the top drawer and put the bowl inside,motion_blur,1,34,203034,False,280
goal,3,open the top drawer and put the bowl inside,motion_blur,1,35,203035,False,280
goal,3,open the top drawer and put the bowl inside,motion_blur,1,36,203036,False,280
goal,3,open the top drawer and put the bowl inside,motion_blur,1,37,203037,False,280
goal,3,open the top drawer and put the bowl inside,motion_blur,1,38,203038,False,280
goal,3,open the top drawer and put the bowl inside,motion_blur,1,39,203039,False,280
goal,3,open the top drawer and put the bowl inside,motion_blur,1,40,203040,False,280
goal,3,open the top drawer and put the bowl inside,motion_blur,1,41,203041,False,280
goal,3,open the top drawer and put the bowl inside,motion_blur,1,42,203042,False,280
goal,3,open the top drawer and put the bowl inside,motion_blur,1,43,203043,False,280
goal,3,open the top drawer and put the bowl inside,motion_blur,1,44,203044,False,280
goal,3,open the top drawer and put the bowl inside,motion_blur,1,45,203045,False,280
goal,3,open the top drawer and put the bowl inside,motion_blur,1,46,203046,False,280
goal,3,open the top drawer and put the bowl inside,motion_blur,1,47,203047,False,280
goal,3,open the top drawer and put the bowl inside,motion_blur,1,48,203048,False,280
goal,3,open the top drawer and put the bowl inside,motion_blur,1,49,203049,False,280
goal,3,open the top drawer and put the bowl inside,gaussian_blur,1,0,203000,False,280
goal,3,open the top drawer and put the bowl inside,gaussian_blur,1,1,203001,False,280
goal,3,open the top drawer and put the bowl inside,gaussian_blur,1,2,203002,True,199
goal,3,open the top drawer and put the bowl inside,gaussian_blur,1,3,203003,False,280
goal,3,open the top drawer and put the bowl inside,gaussian_blur,1,4,203004,False,280
goal,3,open the top drawer and put the bowl inside,gaussian_blur,1,5,203005,False,280
goal,3,open the top drawer and put the bowl inside,gaussian_blur,1,6,203006,False,280
goal,3,open the top drawer and put the bowl inside,gaussian_blur,1,7,203007,False,280
goal,3,open the top drawer and put the bowl inside,gaussian_blur,1,8,203008,False,280
goal,3,open the top drawer and put the bowl inside,gaussian_blur,1,9,203009,False,280
goal,3,open the top drawer and put the bowl inside,gaussian_blur,1,10,203010,True,195
goal,3,open the top drawer and put the bowl inside,gaussian_blur,1,11,203011,False,280
goal,3,open the top drawer and put the bowl inside,gaussian_blur,1,12,203012,False,280
goal,3,open the top drawer and put the bowl inside,gaussian_blur,1,13,203013,False,280
goal,3,open the top drawer and put the bowl inside,gaussian_blur,1,14,203014,False,280
goal,3,open the top drawer and put the bowl inside,gaussian_blur,1,15,203015,False,280
goal,3,open the top drawer and put the bowl inside,gaussian_blur,1,16,203016,False,280
goal,3,open the top drawer and put the bowl inside,gaussian_blur,1,17,203017,False,280
goal,3,open the top drawer and put the bowl inside,gaussian_blur,1,18,203018,False,280
goal,3,open the top drawer and put the bowl inside,gaussian_blur,1,19,203019,False,280
goal,3,open the top drawer and put the bowl inside,gaussian_blur,1,20,203020,False,280
goal,3,open the top drawer and put the bowl inside,gaussian_blur,1,21,203021,False,280
goal,3,open the top drawer and put the bowl inside,gaussian_blur,1,22,203022,False,280
goal,3,open the top drawer and put the bowl inside,gaussian_blur,1,23,203023,True,274
goal,3,open the top drawer and put the bowl inside,gaussian_blur,1,24,203024,False,280
goal,3,open the top drawer and put the bowl inside,gaussian_blur,1,25,203025,False,280
goal,3,open the top drawer and put the bowl inside,gaussian_blur,1,26,203026,False,280
goal,3,open the top drawer and put the bowl inside,gaussian_blur,1,27,203027,True,210
goal,3,open the top drawer and put the bowl inside,gaussian_blur,1,28,203028,False,280
goal,3,open the top drawer and put the bowl inside,gaussian_blur,1,29,203029,False,280
goal,3,open the top drawer and put the bowl inside,gaussian_blur,1,30,203030,False,280
goal,3,open the top drawer and put the bowl inside,gaussian_blur,1,31,203031,True,220
goal,3,open the top drawer and put the bowl inside,gaussian_blur,1,32,203032,True,206
goal,3,open the top drawer and put the bowl inside,gaussian_blur,1,33,203033,False,280
goal,3,open the top drawer and put the bowl inside,gaussian_blur,1,34,203034,False,280
goal,3,open the top drawer and put the bowl inside,gaussian_blur,1,35,203035,False,280
goal,3,open the top drawer and put the bowl inside,gaussian_blur,1,36,203036,True,180
goal,3,open the top drawer and put the bowl inside,gaussian_blur,1,37,203037,False,280
goal,3,open the top drawer and put the bowl inside,gaussian_blur,1,38,203038,True,247
goal,3,open the top drawer and put the bowl inside,gaussian_blur,1,39,203039,False,280
goal,3,open the top drawer and put the bowl inside,gaussian_blur,1,40,203040,False,280
goal,3,open the top drawer and put the bowl inside,gaussian_blur,1,41,203041,False,280
goal,3,open the top drawer and put the bowl inside,gaussian_blur,1,42,203042,False,280
goal,3,open the top drawer and put the bowl inside,gaussian_blur,1,43,203043,False,280
goal,3,open the top drawer and put the bowl inside,gaussian_blur,1,44,203044,False,280
goal,3,open the top drawer and put the bowl inside,gaussian_blur,1,45,203045,False,280
goal,3,open the top drawer and put the bowl inside,gaussian_blur,1,46,203046,False,280
goal,3,open the top drawer and put the bowl inside,gaussian_blur,1,47,203047,True,218
goal,3,open the top drawer and put the bowl inside,gaussian_blur,1,48,203048,False,280
goal,3,open the top drawer and put the bowl inside,gaussian_blur,1,49,203049,False,280
goal,3,open the top drawer and put the bowl inside,zoom_blur,1,0,203000,False,280
goal,3,open the top drawer and put the bowl inside,zoom_blur,1,1,203001,False,280
goal,3,open the top drawer and put the bowl inside,zoom_blur,1,2,203002,False,280
goal,3,open the top drawer and put the bowl inside,zoom_blur,1,3,203003,True,233
goal,3,open the top drawer and put the bowl inside,zoom_blur,1,4,203004,True,209
goal,3,open the top drawer and put the bowl inside,zoom_blur,1,5,203005,False,280
goal,3,open the top drawer and put the bowl inside,zoom_blur,1,6,203006,True,203
goal,3,open the top drawer and put the bowl inside,zoom_blur,1,7,203007,True,202
goal,3,open the top drawer and put the bowl inside,zoom_blur,1,8,203008,True,189
goal,3,open the top drawer and put the bowl inside,zoom_blur,1,9,203009,False,280
goal,3,open the top drawer and put the bowl inside,zoom_blur,1,10,203010,True,214
goal,3,open the top drawer and put the bowl inside,zoom_blur,1,11,203011,True,204
goal,3,open the top drawer and put the bowl inside,zoom_blur,1,12,203012,True,225
goal,3,open the top drawer and put the bowl inside,zoom_blur,1,13,203013,True,241
goal,3,open the top drawer and put the bowl inside,zoom_blur,1,14,203014,False,280
goal,3,open the top drawer and put the bowl inside,zoom_blur,1,15,203015,False,280
goal,3,open the top drawer and put the bowl inside,zoom_blur,1,16,203016,False,280
goal,3,open the top drawer and put the bowl inside,zoom_blur,1,17,203017,True,191
goal,3,open the top drawer and put the bowl inside,zoom_blur,1,18,203018,True,209
goal,3,open the top drawer and put the bowl inside,zoom_blur,1,19,203019,True,182
goal,3,open the top drawer and put the bowl inside,zoom_blur,1,20,203020,False,280
goal,3,open the top drawer and put the bowl inside,zoom_blur,1,21,203021,False,280
goal,3,open the top drawer and put the bowl inside,zoom_blur,1,22,203022,True,221
goal,3,open the top drawer and put the bowl inside,zoom_blur,1,23,203023,False,280
goal,3,open the top drawer and put the bowl inside,zoom_blur,1,24,203024,True,184
goal,3,open the top drawer and put the bowl inside,zoom_blur,1,25,203025,False,280
goal,3,open the top drawer and put the bowl inside,zoom_blur,1,26,203026,True,213
goal,3,open the top drawer and put the bowl inside,zoom_blur,1,27,203027,False,280
goal,3,open the top drawer and put the bowl inside,zoom_blur,1,28,203028,True,254
goal,3,open the top drawer and put the bowl inside,zoom_blur,1,29,203029,False,280
goal,3,open the top drawer and put the bowl inside,zoom_blur,1,30,203030,True,180
goal,3,open the top drawer and put the bowl inside,zoom_blur,1,31,203031,True,179
goal,3,open the top drawer and put the bowl inside,zoom_blur,1,32,203032,False,280
goal,3,open the top drawer and put the bowl inside,zoom_blur,1,33,203033,True,219
goal,3,open the top drawer and put the bowl inside,zoom_blur,1,34,203034,True,206
goal,3,open the top drawer and put the bowl inside,zoom_blur,1,35,203035,True,194
goal,3,open the top drawer and put the bowl inside,zoom_blur,1,36,203036,False,280
goal,3,open the top drawer and put the bowl inside,zoom_blur,1,37,203037,True,210
goal,3,open the top drawer and put the bowl inside,zoom_blur,1,38,203038,False,280
goal,3,open the top drawer and put the bowl inside,zoom_blur,1,39,203039,False,280
goal,3,open the top drawer and put the bowl inside,zoom_blur,1,40,203040,True,224
goal,3,open the top drawer and put the bowl inside,zoom_blur,1,41,203041,False,280
goal,3,open the top drawer and put the bowl inside,zoom_blur,1,42,203042,False,280
goal,3,open the top drawer and put the bowl inside,zoom_blur,1,43,203043,False,280
goal,3,open the top drawer and put the bowl inside,zoom_blur,1,44,203044,False,280
goal,3,open the top drawer and put the bowl inside,zoom_blur,1,45,203045,True,213
goal,3,open the top drawer and put the bowl inside,zoom_blur,1,46,203046,True,213
goal,3,open the top drawer and put the bowl inside,zoom_blur,1,47,203047,True,232
goal,3,open the top drawer and put the bowl inside,zoom_blur,1,48,203048,False,280
goal,3,open the top drawer and put the bowl inside,zoom_blur,1,49,203049,True,217
goal,3,open the top drawer and put the bowl inside,fog,1,0,203000,False,280
goal,3,open the top drawer and put the bowl inside,fog,1,1,203001,False,280
goal,3,open the top drawer and put the bowl inside,fog,1,2,203002,False,280
goal,3,open the top drawer and put the bowl inside,fog,1,3,203003,False,280
goal,3,open the top drawer and put the bowl inside,fog,1,4,203004,False,280
goal,3,open the top drawer and put the bowl inside,fog,1,5,203005,True,197
goal,3,open the top drawer and put the bowl inside,fog,1,6,203006,True,188
goal,3,open the top drawer and put the bowl inside,fog,1,7,203007,True,194
goal,3,open the top drawer and put the bowl inside,fog,1,8,203008,False,280
goal,3,open the top drawer and put the bowl inside,fog,1,9,203009,False,280
goal,3,open the top drawer and put the bowl inside,fog,1,10,203010,True,169
goal,3,open the top drawer and put the bowl inside,fog,1,11,203011,True,186
goal,3,open the top drawer and put the bowl inside,fog,1,12,203012,False,280
goal,3,open the top drawer and put the bowl inside,fog,1,13,203013,False,280
goal,3,open the top drawer and put the bowl inside,fog,1,14,203014,True,252
goal,3,open the top drawer and put the bowl inside,fog,1,15,203015,False,280
goal,3,open the top drawer and put the bowl inside,fog,1,16,203016,False,280
goal,3,open the top drawer and put the bowl inside,fog,1,17,203017,False,280
goal,3,open the top drawer and put the bowl inside,fog,1,18,203018,False,280
goal,3,open the top drawer and put the bowl inside,fog,1,19,203019,True,161
goal,3,open the top drawer and put the bowl inside,fog,1,20,203020,False,280
goal,3,open the top drawer and put the bowl inside,fog,1,21,203021,True,185
goal,3,open the top drawer and put the bowl inside,fog,1,22,203022,False,280
goal,3,open the top drawer and put the bowl inside,fog,1,23,203023,False,280
goal,3,open the top drawer and put the bowl inside,fog,1,24,203024,False,280
goal,3,open the top drawer and put the bowl inside,fog,1,25,203025,False,280
goal,3,open the top drawer and put the bowl inside,fog,1,26,203026,False,280
goal,3,open the top drawer and put the bowl inside,fog,1,27,203027,False,280
goal,3,open the top drawer and put the bowl inside,fog,1,28,203028,False,280
goal,3,open the top drawer and put the bowl inside,fog,1,29,203029,False,280
goal,3,open the top drawer and put the bowl inside,fog,1,30,203030,False,280
goal,3,open the top drawer and put the bowl inside,fog,1,31,203031,False,280
goal,3,open the top drawer and put the bowl inside,fog,1,32,203032,True,178
goal,3,open the top drawer and put the bowl inside,fog,1,33,203033,False,280
goal,3,open the top drawer and put the bowl inside,fog,1,34,203034,True,188
goal,3,open the top drawer and put the bowl inside,fog,1,35,203035,True,201
goal,3,open the top drawer and put the bowl inside,fog,1,36,203036,False,280
goal,3,open the top drawer and put the bowl inside,fog,1,37,203037,False,280
goal,3,open the top drawer and put the bowl inside,fog,1,38,203038,False,280
goal,3,open the top drawer and put the bowl inside,fog,1,39,203039,True,183
goal,3,open the top drawer and put the bowl inside,fog,1,40,203040,True,166
goal,3,open the top drawer and put the bowl inside,fog,1,41,203041,False,280
goal,3,open the top drawer and put the bowl inside,fog,1,42,203042,True,155
goal,3,open the top drawer and put the bowl inside,fog,1,43,203043,True,176
goal,3,open the top drawer and put the bowl inside,fog,1,44,203044,False,280
goal,3,open the top drawer and put the bowl inside,fog,1,45,203045,True,170
goal,3,open the top drawer and put the bowl inside,fog,1,46,203046,False,280
goal,3,open the top drawer and put the bowl inside,fog,1,47,203047,False,280
goal,3,open the top drawer and put the bowl inside,fog,1,48,203048,False,280
goal,3,open the top drawer and put the bowl inside,fog,1,49,203049,False,280
goal,3,open the top drawer and put the bowl inside,glass_blur,1,0,203000,False,280
goal,3,open the top drawer and put the bowl inside,glass_blur,1,1,203001,False,280
goal,3,open the top drawer and put the bowl inside,glass_blur,1,2,203002,False,280
goal,3,open the top drawer and put the bowl inside,glass_blur,1,3,203003,False,280
goal,3,open the top drawer and put the bowl inside,glass_blur,1,4,203004,False,280
goal,3,open the top drawer and put the bowl inside,glass_blur,1,5,203005,False,280
goal,3,open the top drawer and put the bowl inside,glass_blur,1,6,203006,False,280
goal,3,open the top drawer and put the bowl inside,glass_blur,1,7,203007,False,280
goal,3,open the top drawer and put the bowl inside,glass_blur,1,8,203008,False,280
goal,3,open the top drawer and put the bowl inside,glass_blur,1,9,203009,False,280
goal,3,open the top drawer and put the bowl inside,glass_blur,1,10,203010,False,280
goal,3,open the top drawer and put the bowl inside,glass_blur,1,11,203011,False,280
goal,3,open the top drawer and put the bowl inside,glass_blur,1,12,203012,False,280
goal,3,open the top drawer and put the bowl inside,glass_blur,1,13,203013,False,280
goal,3,open the top drawer and put the bowl inside,glass_blur,1,14,203014,False,280
goal,3,open the top drawer and put the bowl inside,glass_blur,1,15,203015,False,280
goal,3,open the top drawer and put the bowl inside,glass_blur,1,16,203016,False,280
goal,3,open the top drawer and put the bowl inside,glass_blur,1,17,203017,False,280
goal,3,open the top drawer and put the bowl inside,glass_blur,1,18,203018,False,280
goal,3,open the top drawer and put the bowl inside,glass_blur,1,19,203019,False,280
goal,3,open the top drawer and put the bowl inside,glass_blur,1,20,203020,False,280
goal,3,open the top drawer and put the bowl inside,glass_blur,1,21,203021,False,280
goal,3,open the top drawer and put the bowl inside,glass_blur,1,22,203022,False,280
goal,3,open the top drawer and put the bowl inside,glass_blur,1,23,203023,False,280
goal,3,open the top drawer and put the bowl inside,glass_blur,1,24,203024,False,280
goal,3,open the top drawer and put the bowl inside,glass_blur,1,25,203025,False,280
goal,3,open the top drawer and put the bowl inside,glass_blur,1,26,203026,False,280
goal,3,open the top drawer and put the bowl inside,glass_blur,1,27,203027,False,280
goal,3,open the top drawer and put the bowl inside,glass_blur,1,28,203028,False,280
goal,3,open the top drawer and put the bowl inside,glass_blur,1,29,203029,False,280
goal,3,open the top drawer and put the bowl inside,glass_blur,1,30,203030,False,280
goal,3,open the top drawer and put the bowl inside,glass_blur,1,31,203031,False,280
goal,3,open the top drawer and put the bowl inside,glass_blur,1,32,203032,False,280
goal,3,open the top drawer and put the bowl inside,glass_blur,1,33,203033,False,280
goal,3,open the top drawer and put the bowl inside,glass_blur,1,34,203034,False,280
goal,3,open the top drawer and put the bowl inside,glass_blur,1,35,203035,False,280
goal,3,open the top drawer and put the bowl inside,glass_blur,1,36,203036,False,280
goal,3,open the top drawer and put the bowl inside,glass_blur,1,37,203037,False,280
goal,3,open the top drawer and put the bowl inside,glass_blur,1,38,203038,False,280
goal,3,open the top drawer and put the bowl inside,glass_blur,1,39,203039,False,280
goal,3,open the top drawer and put the bowl inside,glass_blur,1,40,203040,False,280
goal,3,open the top drawer and put the bowl inside,glass_blur,1,41,203041,False,280
goal,3,open the top drawer and put the bowl inside,glass_blur,1,42,203042,False,280
goal,3,open the top drawer and put the bowl inside,glass_blur,1,43,203043,False,280
goal,3,open the top drawer and put the bowl inside,glass_blur,1,44,203044,False,280
goal,3,open the top drawer and put the bowl inside,glass_blur,1,45,203045,False,280
goal,3,open the top drawer and put the bowl inside,glass_blur,1,46,203046,False,280
goal,3,open the top drawer and put the bowl inside,glass_blur,1,47,203047,False,280
goal,3,open the top drawer and put the bowl inside,glass_blur,1,48,203048,False,280
goal,3,open the top drawer and put the bowl inside,glass_blur,1,49,203049,False,280
goal,4,put the bowl on top of the cabinet,clean,0,0,204000,True,82
goal,4,put the bowl on top of the cabinet,clean,0,1,204001,True,92
goal,4,put the bowl on top of the cabinet,clean,0,2,204002,True,89
goal,4,put the bowl on top of the cabinet,clean,0,3,204003,False,280
goal,4,put the bowl on top of the cabinet,clean,0,4,204004,True,77
goal,4,put the bowl on top of the cabinet,clean,0,5,204005,False,280
goal,4,put the bowl on top of the cabinet,clean,0,6,204006,False,280
goal,4,put the bowl on top of the cabinet,clean,0,7,204007,False,280
goal,4,put the bowl on top of the cabinet,clean,0,8,204008,True,90
goal,4,put the bowl on top of the cabinet,clean,0,9,204009,False,280
goal,4,put the bowl on top of the cabinet,clean,0,10,204010,True,77
goal,4,put the bowl on top of the cabinet,clean,0,11,204011,True,81
goal,4,put the bowl on top of the cabinet,clean,0,12,204012,True,99
goal,4,put the bowl on top of the cabinet,clean,0,13,204013,False,280
goal,4,put the bowl on top of the cabinet,clean,0,14,204014,True,85
goal,4,put the bowl on top of the cabinet,clean,0,15,204015,False,280
goal,4,put the bowl on top of the cabinet,clean,0,16,204016,False,280
goal,4,put the bowl on top of the cabinet,clean,0,17,204017,False,280
goal,4,put the bowl on top of the cabinet,clean,0,18,204018,True,83
goal,4,put the bowl on top of the cabinet,clean,0,19,204019,False,280
goal,4,put the bowl on top of the cabinet,clean,0,20,204020,False,280
goal,4,put the bowl on top of the cabinet,clean,0,21,204021,True,84
goal,4,put the bowl on top of the cabinet,clean,0,22,204022,False,280
goal,4,put the bowl on top of the cabinet,clean,0,23,204023,False,280
goal,4,put the bowl on top of the cabinet,clean,0,24,204024,True,95
goal,4,put the bowl on top of the cabinet,clean,0,25,204025,False,280
goal,4,put the bowl on top of the cabinet,clean,0,26,204026,False,280
goal,4,put the bowl on top of the cabinet,clean,0,27,204027,False,280
goal,4,put the bowl on top of the cabinet,clean,0,28,204028,True,76
goal,4,put the bowl on top of the cabinet,clean,0,29,204029,True,85
goal,4,put the bowl on top of the cabinet,clean,0,30,204030,False,280
goal,4,put the bowl on top of the cabinet,clean,0,31,204031,True,100
goal,4,put the bowl on top of the cabinet,clean,0,32,204032,False,280
goal,4,put the bowl on top of the cabinet,clean,0,33,204033,False,280
goal,4,put the bowl on top of the cabinet,clean,0,34,204034,True,92
goal,4,put the bowl on top of the cabinet,clean,0,35,204035,True,83
goal,4,put the bowl on top of the cabinet,clean,0,36,204036,True,87
goal,4,put the bowl on top of the cabinet,clean,0,37,204037,True,88
goal,4,put the bowl on top of the cabinet,clean,0,38,204038,True,80
goal,4,put the bowl on top of the cabinet,clean,0,39,204039,True,80
goal,4,put the bowl on top of the cabinet,clean,0,40,204040,False,280
goal,4,put the bowl on top of the cabinet,clean,0,41,204041,False,280
goal,4,put the bowl on top of the cabinet,clean,0,42,204042,False,280
goal,4,put the bowl on top of the cabinet,clean,0,43,204043,False,280
goal,4,put the bowl on top of the cabinet,clean,0,44,204044,False,280
goal,4,put the bowl on top of the cabinet,clean,0,45,204045,True,82
goal,4,put the bowl on top of the cabinet,clean,0,46,204046,False,280
goal,4,put the bowl on top of the cabinet,clean,0,47,204047,True,101
goal,4,put the bowl on top of the cabinet,clean,0,48,204048,False,280
goal,4,put the bowl on top of the cabinet,clean,0,49,204049,True,89
goal,4,put the bowl on top of the cabinet,motion_blur,1,0,204000,False,280
goal,4,put the bowl on top of the cabinet,motion_blur,1,1,204001,True,132
goal,4,put the bowl on top of the cabinet,motion_blur,1,2,204002,False,280
goal,4,put the bowl on top of the cabinet,motion_blur,1,3,204003,False,280
goal,4,put the bowl on top of the cabinet,motion_blur,1,4,204004,False,280
goal,4,put the bowl on top of the cabinet,motion_blur,1,5,204005,True,92
goal,4,put the bowl on top of the cabinet,motion_blur,1,6,204006,True,88
goal,4,put the bowl on top of the cabinet,motion_blur,1,7,204007,False,280
goal,4,put the bowl on top of the cabinet,motion_blur,1,8,204008,False,280
goal,4,put the bowl on top of the cabinet,motion_blur,1,9,204009,False,280
goal,4,put the bowl on top of the cabinet,motion_blur,1,10,204010,True,95
goal,4,put the bowl on top of the cabinet,motion_blur,1,11,204011,False,280
goal,4,put the bowl on top of the cabinet,motion_blur,1,12,204012,False,280
goal,4,put the bowl on top of the cabinet,motion_blur,1,13,204013,False,280
goal,4,put the bowl on top of the cabinet,motion_blur,1,14,204014,True,86
goal,4,put the bowl on top of the cabinet,motion_blur,1,15,204015,False,280
goal,4,put the bowl on top of the cabinet,motion_blur,1,16,204016,True,91
goal,4,put the bowl on top of the cabinet,motion_blur,1,17,204017,False,280
goal,4,put the bowl on top of the cabinet,motion_blur,1,18,204018,False,280
goal,4,put the bowl on top of the cabinet,motion_blur,1,19,204019,True,89
goal,4,put the bowl on top of the cabinet,motion_blur,1,20,204020,False,280
goal,4,put the bowl on top of the cabinet,motion_blur,1,21,204021,True,78
goal,4,put the bowl on top of the cabinet,motion_blur,1,22,204022,True,106
goal,4,put the bowl on top of the cabinet,motion_blur,1,23,204023,False,280
goal,4,put the bowl on top of the cabinet,motion_blur,1,24,204024,True,105
goal,4,put the bowl on top of the cabinet,motion_blur,1,25,204025,True,89
goal,4,put the bowl on top of the cabinet,motion_blur,1,26,204026,False,280
goal,4,put the bowl on top of the cabinet,motion_blur,1,27,204027,False,280
goal,4,put the bowl on top of the cabinet,motion_blur,1,28,204028,True,96
goal,4,put the bowl on top of the cabinet,motion_blur,1,29,204029,False,280
goal,4,put the bowl on top of the cabinet,motion_blur,1,30,204030,True,87
goal,4,put the bowl on top of the cabinet,motion_blur,1,31,204031,False,280
goal,4,put the bowl on top of the cabinet,motion_blur,1,32,204032,False,280
goal,4,put the bowl on top of the cabinet,motion_blur,1,33,204033,False,280
goal,4,put the bowl on top of the cabinet,motion_blur,1,34,204034,False,280
goal,4,put the bowl on top of the cabinet,motion_blur,1,35,204035,True,76
goal,4,put the bowl on top of the cabinet,motion_blur,1,36,204036,False,280
goal,4,put the bowl on top of the cabinet,motion_blur,1,37,204037,True,93
goal,4,put the bowl on top of the cabinet,motion_blur,1,38,204038,False,280
goal,4,put the bowl on top of the cabinet,motion_blur,1,39,204039,True,94
goal,4,put the bowl on top of the cabinet,motion_blur,1,40,204040,False,280
goal,4,put the bowl on top of the cabinet,motion_blur,1,41,204041,False,280
goal,4,put the bowl on top of the cabinet,motion_blur,1,42,204042,True,103
goal,4,put the bowl on top of the cabinet,motion_blur,1,43,204043,False,280
goal,4,put the bowl on top of the cabinet,motion_blur,1,44,204044,False,280
goal,4,put the bowl on top of the cabinet,motion_blur,1,45,204045,False,280
goal,4,put the bowl on top of the cabinet,motion_blur,1,46,204046,False,280
goal,4,put the bowl on top of the cabinet,motion_blur,1,47,204047,False,280
goal,4,put the bowl on top of the cabinet,motion_blur,1,48,204048,False,280
goal,4,put the bowl on top of the cabinet,motion_blur,1,49,204049,False,280
goal,4,put the bowl on top of the cabinet,gaussian_blur,1,0,204000,False,280
goal,4,put the bowl on top of the cabinet,gaussian_blur,1,1,204001,False,280
goal,4,put the bowl on top of the cabinet,gaussian_blur,1,2,204002,False,280
goal,4,put the bowl on top of the cabinet,gaussian_blur,1,3,204003,False,280
goal,4,put the bowl on top of the cabinet,gaussian_blur,1,4,204004,False,280
goal,4,put the bowl on top of the cabinet,gaussian_blur,1,5,204005,True,267
goal,4,put the bowl on top of the cabinet,gaussian_blur,1,6,204006,False,280
goal,4,put the bowl on top of the cabinet,gaussian_blur,1,7,204007,False,280
goal,4,put the bowl on top of the cabinet,gaussian_blur,1,8,204008,False,280
goal,4,put the bowl on top of the cabinet,gaussian_blur,1,9,204009,False,280
goal,4,put the bowl on top of the cabinet,gaussian_blur,1,10,204010,False,280
goal,4,put the bowl on top of the cabinet,gaussian_blur,1,11,204011,False,280
goal,4,put the bowl on top of the cabinet,gaussian_blur,1,12,204012,False,280
goal,4,put the bowl on top of the cabinet,gaussian_blur,1,13,204013,False,280
goal,4,put the bowl on top of the cabinet,gaussian_blur,1,14,204014,False,280
goal,4,put the bowl on top of the cabinet,gaussian_blur,1,15,204015,False,280
goal,4,put the bowl on top of the cabinet,gaussian_blur,1,16,204016,False,280
goal,4,put the bowl on top of the cabinet,gaussian_blur,1,17,204017,False,280
goal,4,put the bowl on top of the cabinet,gaussian_blur,1,18,204018,True,80
goal,4,put the bowl on top of the cabinet,gaussian_blur,1,19,204019,False,280
goal,4,put the bowl on top of the cabinet,gaussian_blur,1,20,204020,False,280
goal,4,put the bowl on top of the cabinet,gaussian_blur,1,21,204021,False,280
goal,4,put the bowl on top of the cabinet,gaussian_blur,1,22,204022,False,280
goal,4,put the bowl on top of the cabinet,gaussian_blur,1,23,204023,False,280
goal,4,put the bowl on top of the cabinet,gaussian_blur,1,24,204024,False,280
goal,4,put the bowl on top of the cabinet,gaussian_blur,1,25,204025,False,280
goal,4,put the bowl on top of the cabinet,gaussian_blur,1,26,204026,False,280
goal,4,put the bowl on top of the cabinet,gaussian_blur,1,27,204027,False,280
goal,4,put the bowl on top of the cabinet,gaussian_blur,1,28,204028,False,280
goal,4,put the bowl on top of the cabinet,gaussian_blur,1,29,204029,False,280
goal,4,put the bowl on top of the cabinet,gaussian_blur,1,30,204030,False,280
goal,4,put the bowl on top of the cabinet,gaussian_blur,1,31,204031,True,94
goal,4,put the bowl on top of the cabinet,gaussian_blur,1,32,204032,False,280
goal,4,put the bowl on top of the cabinet,gaussian_blur,1,33,204033,False,280
goal,4,put the bowl on top of the cabinet,gaussian_blur,1,34,204034,False,280
goal,4,put the bowl on top of the cabinet,gaussian_blur,1,35,204035,False,280
goal,4,put the bowl on top of the cabinet,gaussian_blur,1,36,204036,False,280
goal,4,put the bowl on top of the cabinet,gaussian_blur,1,37,204037,False,280
goal,4,put the bowl on top of the cabinet,gaussian_blur,1,38,204038,False,280
goal,4,put the bowl on top of the cabinet,gaussian_blur,1,39,204039,False,280
goal,4,put the bowl on top of the cabinet,gaussian_blur,1,40,204040,False,280
goal,4,put the bowl on top of the cabinet,gaussian_blur,1,41,204041,True,87
goal,4,put the bowl on top of the cabinet,gaussian_blur,1,42,204042,False,280
goal,4,put the bowl on top of the cabinet,gaussian_blur,1,43,204043,False,280
goal,4,put the bowl on top of the cabinet,gaussian_blur,1,44,204044,False,280
goal,4,put the bowl on top of the cabinet,gaussian_blur,1,45,204045,False,280
goal,4,put the bowl on top of the cabinet,gaussian_blur,1,46,204046,False,280
goal,4,put the bowl on top of the cabinet,gaussian_blur,1,47,204047,False,280
goal,4,put the bowl on top of the cabinet,gaussian_blur,1,48,204048,False,280
goal,4,put the bowl on top of the cabinet,gaussian_blur,1,49,204049,False,280
goal,4,put the bowl on top of the cabinet,zoom_blur,1,0,204000,False,280
goal,4,put the bowl on top of the cabinet,zoom_blur,1,1,204001,False,280
goal,4,put the bowl on top of the cabinet,zoom_blur,1,2,204002,False,280
goal,4,put the bowl on top of the cabinet,zoom_blur,1,3,204003,False,280
goal,4,put the bowl on top of the cabinet,zoom_blur,1,4,204004,True,86
goal,4,put the bowl on top of the cabinet,zoom_blur,1,5,204005,False,280
goal,4,put the bowl on top of the cabinet,zoom_blur,1,6,204006,False,280
goal,4,put the bowl on top of the cabinet,zoom_blur,1,7,204007,False,280
goal,4,put the bowl on top of the cabinet,zoom_blur,1,8,204008,False,280
goal,4,put the bowl on top of the cabinet,zoom_blur,1,9,204009,True,93
goal,4,put the bowl on top of the cabinet,zoom_blur,1,10,204010,False,280
goal,4,put the bowl on top of the cabinet,zoom_blur,1,11,204011,False,280
goal,4,put the bowl on top of the cabinet,zoom_blur,1,12,204012,False,280
goal,4,put the bowl on top of the cabinet,zoom_blur,1,13,204013,True,90
goal,4,put the bowl on top of the cabinet,zoom_blur,1,14,204014,True,87
goal,4,put the bowl on top of the cabinet,zoom_blur,1,15,204015,False,280
goal,4,put the bowl on top of the cabinet,zoom_blur,1,16,204016,False,280
goal,4,put the bowl on top of the cabinet,zoom_blur,1,17,204017,False,280
goal,4,put the bowl on top of the cabinet,zoom_blur,1,18,204018,False,280
goal,4,put the bowl on top of the cabinet,zoom_blur,1,19,204019,False,280
goal,4,put the bowl on top of the cabinet,zoom_blur,1,20,204020,False,280
goal,4,put the bowl on top of the cabinet,zoom_blur,1,21,204021,True,87
goal,4,put the bowl on top of the cabinet,zoom_blur,1,22,204022,False,280
goal,4,put the bowl on top of the cabinet,zoom_blur,1,23,204023,False,280
goal,4,put the bowl on top of the cabinet,zoom_blur,1,24,204024,False,280
goal,4,put the bowl on top of the cabinet,zoom_blur,1,25,204025,False,280
goal,4,put the bowl on top of the cabinet,zoom_blur,1,26,204026,False,280
goal,4,put the bowl on top of the cabinet,zoom_blur,1,27,204027,True,97
goal,4,put the bowl on top of the cabinet,zoom_blur,1,28,204028,False,280
goal,4,put the bowl on top of the cabinet,zoom_blur,1,29,204029,True,88
goal,4,put the bowl on top of the cabinet,zoom_blur,1,30,204030,False,280
goal,4,put the bowl on top of the cabinet,zoom_blur,1,31,204031,False,280
goal,4,put the bowl on top of the cabinet,zoom_blur,1,32,204032,False,280
goal,4,put the bowl on top of the cabinet,zoom_blur,1,33,204033,False,280
goal,4,put the bowl on top of the cabinet,zoom_blur,1,34,204034,False,280
goal,4,put the bowl on top of the cabinet,zoom_blur,1,35,204035,False,280
goal,4,put the bowl on top of the cabinet,zoom_blur,1,36,204036,False,280
goal,4,put the bowl on top of the cabinet,zoom_blur,1,37,204037,False,280
goal,4,put the bowl on top of the cabinet,zoom_blur,1,38,204038,False,280
goal,4,put the bowl on top of the cabinet,zoom_blur,1,39,204039,True,78
goal,4,put the bowl on top of the cabinet,zoom_blur,1,40,204040,False,280
goal,4,put the bowl on top of the cabinet,zoom_blur,1,41,204041,True,87
goal,4,put the bowl on top of the cabinet,zoom_blur,1,42,204042,False,280
goal,4,put the bowl on top of the cabinet,zoom_blur,1,43,204043,True,91
goal,4,put the bowl on top of the cabinet,zoom_blur,1,44,204044,True,89
goal,4,put the bowl on top of the cabinet,zoom_blur,1,45,204045,False,280
goal,4,put the bowl on top of the cabinet,zoom_blur,1,46,204046,True,93
goal,4,put the bowl on top of the cabinet,zoom_blur,1,47,204047,False,280
goal,4,put the bowl on top of the cabinet,zoom_blur,1,48,204048,False,280
goal,4,put the bowl on top of the cabinet,zoom_blur,1,49,204049,False,280
goal,4,put the bowl on top of the cabinet,fog,1,0,204000,False,280
goal,4,put the bowl on top of the cabinet,fog,1,1,204001,False,280
goal,4,put the bowl on top of the cabinet,fog,1,2,204002,True,91
goal,4,put the bowl on top of the cabinet,fog,1,3,204003,False,280
goal,4,put the bowl on top of the cabinet,fog,1,4,204004,False,280
goal,4,put the bowl on top of the cabinet,fog,1,5,204005,False,280
goal,4,put the bowl on top of the cabinet,fog,1,6,204006,False,280
goal,4,put the bowl on top of the cabinet,fog,1,7,204007,False,280
goal,4,put the bowl on top of the cabinet,fog,1,8,204008,False,280
goal,4,put the bowl on top of the cabinet,fog,1,9,204009,False,280
goal,4,put the bowl on top of the cabinet,fog,1,10,204010,True,117
goal,4,put the bowl on top of the cabinet,fog,1,11,204011,True,96
goal,4,put the bowl on top of the cabinet,fog,1,12,204012,False,280
goal,4,put the bowl on top of the cabinet,fog,1,13,204013,False,280
goal,4,put the bowl on top of the cabinet,fog,1,14,204014,True,94
goal,4,put the bowl on top of the cabinet,fog,1,15,204015,True,99
goal,4,put the bowl on top of the cabinet,fog,1,16,204016,False,280
goal,4,put the bowl on top of the cabinet,fog,1,17,204017,False,280
goal,4,put the bowl on top of the cabinet,fog,1,18,204018,False,280
goal,4,put the bowl on top of the cabinet,fog,1,19,204019,False,280
goal,4,put the bowl on top of the cabinet,fog,1,20,204020,False,280
goal,4,put the bowl on top of the cabinet,fog,1,21,204021,False,280
goal,4,put the bowl on top of the cabinet,fog,1,22,204022,False,280
goal,4,put the bowl on top of the cabinet,fog,1,23,204023,False,280
goal,4,put the bowl on top of the cabinet,fog,1,24,204024,False,280
goal,4,put the bowl on top of the cabinet,fog,1,25,204025,False,280
goal,4,put the bowl on top of the cabinet,fog,1,26,204026,False,280
goal,4,put the bowl on top of the cabinet,fog,1,27,204027,False,280
goal,4,put the bowl on top of the cabinet,fog,1,28,204028,False,280
goal,4,put the bowl on top of the cabinet,fog,1,29,204029,False,280
goal,4,put the bowl on top of the cabinet,fog,1,30,204030,False,280
goal,4,put the bowl on top of the cabinet,fog,1,31,204031,False,280
goal,4,put the bowl on top of the cabinet,fog,1,32,204032,False,280
goal,4,put the bowl on top of the cabinet,fog,1,33,204033,False,280
goal,4,put the bowl on top of the cabinet,fog,1,34,204034,False,280
goal,4,put the bowl on top of the cabinet,fog,1,35,204035,False,280
goal,4,put the bowl on top of the cabinet,fog,1,36,204036,False,280
goal,4,put the bowl on top of the cabinet,fog,1,37,204037,False,280
goal,4,put the bowl on top of the cabinet,fog,1,38,204038,False,280
goal,4,put the bowl on top of the cabinet,fog,1,39,204039,True,83
goal,4,put the bowl on top of the cabinet,fog,1,40,204040,False,280
goal,4,put the bowl on top of the cabinet,fog,1,41,204041,False,280
goal,4,put the bowl on top of the cabinet,fog,1,42,204042,True,95
goal,4,put the bowl on top of the cabinet,fog,1,43,204043,True,81
goal,4,put the bowl on top of the cabinet,fog,1,44,204044,False,280
goal,4,put the bowl on top of the cabinet,fog,1,45,204045,False,280
goal,4,put the bowl on top of the cabinet,fog,1,46,204046,False,280
goal,4,put the bowl on top of the cabinet,fog,1,47,204047,True,99
goal,4,put the bowl on top of the cabinet,fog,1,48,204048,False,280
goal,4,put the bowl on top of the cabinet,fog,1,49,204049,False,280
goal,4,put the bowl on top of the cabinet,glass_blur,1,0,204000,False,280
goal,4,put the bowl on top of the cabinet,glass_blur,1,1,204001,False,280
goal,4,put the bowl on top of the cabinet,glass_blur,1,2,204002,False,280
goal,4,put the bowl on top of the cabinet,glass_blur,1,3,204003,False,280
goal,4,put the bowl on top of the cabinet,glass_blur,1,4,204004,False,280
goal,4,put the bowl on top of the cabinet,glass_blur,1,5,204005,False,280
goal,4,put the bowl on top of the cabinet,glass_blur,1,6,204006,False,280
goal,4,put the bowl on top of the cabinet,glass_blur,1,7,204007,False,280
goal,4,put the bowl on top of the cabinet,glass_blur,1,8,204008,False,280
goal,4,put the bowl on top of the cabinet,glass_blur,1,9,204009,False,280
goal,4,put the bowl on top of the cabinet,glass_blur,1,10,204010,False,280
goal,4,put the bowl on top of the cabinet,glass_blur,1,11,204011,False,280
goal,4,put the bowl on top of the cabinet,glass_blur,1,12,204012,False,280
goal,4,put the bowl on top of the cabinet,glass_blur,1,13,204013,False,280
goal,4,put the bowl on top of the cabinet,glass_blur,1,14,204014,False,280
goal,4,put the bowl on top of the cabinet,glass_blur,1,15,204015,False,280
goal,4,put the bowl on top of the cabinet,glass_blur,1,16,204016,False,280
goal,4,put the bowl on top of the cabinet,glass_blur,1,17,204017,False,280
goal,4,put the bowl on top of the cabinet,glass_blur,1,18,204018,False,280
goal,4,put the bowl on top of the cabinet,glass_blur,1,19,204019,False,280
goal,4,put the bowl on top of the cabinet,glass_blur,1,20,204020,False,280
goal,4,put the bowl on top of the cabinet,glass_blur,1,21,204021,False,280
goal,4,put the bowl on top of the cabinet,glass_blur,1,22,204022,False,280
goal,4,put the bowl on top of the cabinet,glass_blur,1,23,204023,False,280
goal,4,put the bowl on top of the cabinet,glass_blur,1,24,204024,False,280
goal,4,put the bowl on top of the cabinet,glass_blur,1,25,204025,False,280
goal,4,put the bowl on top of the cabinet,glass_blur,1,26,204026,False,280
goal,4,put the bowl on top of the cabinet,glass_blur,1,27,204027,False,280
goal,4,put the bowl on top of the cabinet,glass_blur,1,28,204028,False,280
goal,4,put the bowl on top of the cabinet,glass_blur,1,29,204029,False,280
goal,4,put the bowl on top of the cabinet,glass_blur,1,30,204030,False,280
goal,4,put the bowl on top of the cabinet,glass_blur,1,31,204031,False,280
goal,4,put the bowl on top of the cabinet,glass_blur,1,32,204032,False,280
goal,4,put the bowl on top of the cabinet,glass_blur,1,33,204033,False,280
goal,4,put the bowl on top of the cabinet,glass_blur,1,34,204034,False,280
goal,4,put the bowl on top of the cabinet,glass_blur,1,35,204035,False,280
goal,4,put the bowl on top of the cabinet,glass_blur,1,36,204036,False,280
goal,4,put the bowl on top of the cabinet,glass_blur,1,37,204037,False,280
goal,4,put the bowl on top of the cabinet,glass_blur,1,38,204038,False,280
goal,4,put the bowl on top of the cabinet,glass_blur,1,39,204039,False,280
goal,4,put the bowl on top of the cabinet,glass_blur,1,40,204040,False,280
goal,4,put the bowl on top of the cabinet,glass_blur,1,41,204041,False,280
goal,4,put the bowl on top of the cabinet,glass_blur,1,42,204042,False,280
goal,4,put the bowl on top of the cabinet,glass_blur,1,43,204043,False,280
goal,4,put the bowl on top of the cabinet,glass_blur,1,44,204044,False,280
goal,4,put the bowl on top of the cabinet,glass_blur,1,45,204045,False,280
goal,4,put the bowl on top of the cabinet,glass_blur,1,46,204046,False,280
goal,4,put the bowl on top of the cabinet,glass_blur,1,47,204047,False,280
goal,4,put the bowl on top of the cabinet,glass_blur,1,48,204048,False,280
goal,4,put the bowl on top of the cabinet,glass_blur,1,49,204049,False,280
